<?xml version="1.0" encoding="UTF-8" standalone="yes"?>
<addon id="plugin.video.ctvtc"
       name="Candita's TV Time Capsule"
       version="2.3.9"
       provider-name="">
  <requires>
        <import addon="xbmc.python" version="2.0"/>
        <import addon="script.module.beautifulsoup"/>
		<import addon="script.module.addon.common" version="2.0.0"/>
        		
  </requires>
  <extension point="xbmc.python.pluginsource"
            library="default.py">
        <provides>video</provides>
  </extension>
  <extension point="xbmc.addon.metadata">
    <summary lang="en">Candita's TV Time Capsule</summary>
    <description lang="en">We are made wise not by the recollection of our past, but by the responsibility for our future.[CR]George Bernard Shaw</description>
    <platform>all</platform>
  </extension>
</addon>
