<?xml version="1.0" encoding="UTF-8" standalone="yes"?>
<addon id="plugin.video.irish.tv" name="Irish TV" version="0.2.2" provider-name="Mikey1234">
    <requires>
        <import addon="xbmc.python" version="2.1.0"/>
    </requires>
    <extension point="xbmc.python.pluginsource" library="default.py">
        <provides>video</provides>
    </extension>
    <extension point="xbmc.addon.metadata">
	<language>en</language>
        <platform>all</platform>
        <summary>Irish TV Live</summary>
    </extension>
</addon>
