﻿<?xml version="1.0" encoding="UTF-8" standalone="yes"?>
<addon id="repository.thevibe" name="TheVibe Team Repository" version="2.5" provider-name="TheVibe Team">
    <extension point="xbmc.addon.repository" name=".TheVibe Repository ">
        <info compressed="false">http://repo.the-vibe.co.il/Repo/addons.xml</info>
        <checksum>http://repo.the-vibe.co.il/Repo/addons.xml.md5</checksum>
        <datadir zip="true">http://repo.the-vibe.co.il/Repo</datadir>
    </extension>
    <extension point="xbmc.addon.metadata">
        <summary>TheVibe Team Repository</summary>
        <description>heVibe Team Repository</description>
        <description>heVibe Team Repository</description>
        <platform>all</platform>
    </extension>
</addon>
