﻿<?xml version="1.0" encoding="UTF-8" standalone="yes"?>
<addon id="service.gdrive.3david" name="GDrive David3 Movies" version="1.0.0" provider-name="3David, TheWiz">
    <requires> 
        <import addon="plugin.video.gdrive"/>
        <import addon="xbmc.python" version="2.1.0"/>
    </requires>
	<extension point="xbmc.service" library="service.py" start="startup" />
    <extension point="xbmc.addon.metadata">
        <platform>all</platform>
        <disclaimer></disclaimer>
    </extension>
 </addon>
