<?xml version="1.0" encoding="UTF-8" standalone="yes"?>
<addon id="plugin.video.albert" name="Movies Rx +" version="0.0.1" provider-name="Mikey1234,Albertn198">
  <requires>
    <import addon="xbmc.python" version="2.1.0"/>
  </requires>
  <extension point="xbmc.python.pluginsource" library="default.py">
        <provides>video</provides>
  </extension>
  <extension point="xbmc.addon.metadata">
    <summary lang="en">Enjoy Albertn198's PlayList</summary>
    <description lang="en">Get your daily dose here movies, kids, tv shows, live tv</description>
    <platform>all</platform>
  </extension>
</addon>
