<?xml version="1.0" encoding="UTF-8"?>
<colors>
	<color name="whitezero">FFF1F1F1</color>
	<color name="greyzero">FFb4b4b4</color>
	<color name="grey2zero">FF999999</color>
	<color name="grey3zero">FF505050</color>
	<color name="blackzero">FF000000</color>
	<color name="bluezero">FFFE6A00</color>
	
	<color name="white">FFF1F1F1</color>
	<color name="grey">FFb4b4b4</color>
	<color name="grey2">FF999999</color>
	<color name="grey3">FF505050</color>
	<color name="black">FF000000</color>
	<color name="blue">FFFE6A00</color>
	<color name="selected">FFEB9E17</color>
	<color name="invalid">FFFF0000</color>
	
	<color name="customcolor1">FFF1F1F1</color><!-- white -->
	<color name="customcolor2">FFb4b4b4</color><!-- grey -->
	<color name="customcolor3">FF999999</color><!-- grey2 -->
	<color name="customcolor4">FF505050</color><!-- grey3 -->
	<color name="customcolor5">FF000000</color><!-- black -->
	<color name="customcolor6">FFFE6A00</color><!-- blue -->
	
	<color name="cchhomebtn1">FF303030</color><!-- HomeScreen Button NoFocus - darkgrey -->
	<color name="cchhomebtn2">ffdeb887</color><!-- HomeScreen Button Focus - tan -->
	<color name="cchhomebtni">FFFE6A00</color><!-- HomeScreen Button Icon - blue -->
	<color name="folderfocus">FFFE6A00</color><!-- Folder Container Image - blue -->
	
	<color name="busybg">FFFE6A00</color><!-- Busy Dialog Background - blue -->
	<color name="busyspin">ffdeb887</color><!-- Busy Dialog Spinner - tan -->
	<color name="busybar">ffdeb887</color><!-- Busy Dialog Spinner - tan -->
	<color name="btnfo">ffdeb887</color><!-- Button Focus - tan -->
	<color name="btnnf">FFFE6A00</color><!-- Button NoFocus - blue -->
	<color name="codec1">ffdeb887</color><!-- Codec Images - tan -->
	<color name="vidbarcache">ffdeb887</color><!-- Video Progress Bar Cache - tan -->
	<color name="progbarbg">FFFE6A00</color><!-- Progress Bar Background - blue -->
	<color name="progbarmid">ff2222FF</color><!-- Progress Bar Mid - blueish -->
	<color name="volumeicon">ffdeb887</color><!-- Volume Icon - tan -->
	<color name="sliderexbg">ffdeb887</color><!-- SliderEx Background - tan -->
	<color name="sliderexnib">FFFE6A00</color><!-- SliderEx Nib - blue -->
	
</colors>