<?xml version="1.0" encoding="UTF-8" standalone="yes"?>
<addon id="plugin.video.animeram"
       name="AnimeRam"
       version="0.0.4"
       provider-name="Hagai Cohen">
  <requires>
    <import addon="xbmc.python" version="2.1.0"/>
    <import addon="script.common.plugin.cache" version="2.5.5"/>
  </requires>
  <extension point="xbmc.python.pluginsource"
            library="default.py">
        <provides>video</provides>
  </extension>
  <extension point="xbmc.addon.metadata">
    <summary lang="en">Anime Ram video plugin</summary>
    <description lang="en">Anime ram is a great source for almost all animes out there</description>
    <source>https://github.com/DxCx/plugin.video.animeram</source>
    <platform>all</platform>
  </extension>
</addon>
