<?xml version="1.0" encoding="UTF-8" standalone="yes"?>
<addon id="plugin.video.s.p.o.r.t" name="S.P.O.R.T" version="1.3" provider-name="Sport TV">
  <requires>
    <import addon="xbmc.python" version="2.1.0" />
  </requires>
  <extension point="xbmc.python.pluginsource"
            library="default.py">
        <provides>video</provides>
  </extension>
  <extension point="xbmc.addon.metadata">
    <platform>all</platform>
    <summary>Sport-TV</summary>
    <description>DE / IT / UK / US</description>
  </extension>
</addon>
