<?xml version="1.0" encoding="UTF-8" standalone="yes"?>
<addon id="plugin.video.myyoutube"
	name="My YouTube" version="1.0.2" provider-name=".[COLOR blue]X[/COLOR]unity[COLOR blue]T[/COLOR]alk">
  <requires>
    <import addon="xbmc.python" version="2.1.0"/>
    <import addon="plugin.video.youtube" version="0.0.1"/>
  </requires>
  <extension point="xbmc.python.pluginsource" library="default.py">
    <provides>video</provides>
  </extension>
  <extension point="xbmc.addon.metadata">
    <summary lang="en">My YouTube</summary>
    <description lang="en">My YouTube</description>
    <platform>all</platform>
  </extension>
</addon>
