<?xml version="1.0" encoding="UTF-8"?>
<window type="dialog" id="1132">
	<defaultcontrol always="true">101</defaultcontrol>
	<animation effect="zoom" start="0" end="100" center="960,420" time="200">WindowOpen</animation>
	<animation effect="zoom" start="100" end="0" center="960,420" time="200">WindowClose</animation>
	<coordinates>
		<system>1</system>
		<left>680</left>
		<top>105</top>
	</coordinates>
	<controls>
		<control type="image">
			<description>background image</description>
			<posx>0</posx>
			<posy>20</posy>
			<width>560</width>
			<height>150</height>
			<texture background="true" colordiffuse="grey_50">white.png</texture>
			<bordertexture colordiffuse="grey">white.png</bordertexture>
			<bordersize>2</bordersize>
		</control>
		<control type="label">
			<posx>20</posx>
			<posy>40</posy>
			<width>545</width>
			<height>45</height>
			<align>center</align>
			<aligny>center</aligny>
			<font>font-25</font>
			<textcolor>$VAR[main_color]</textcolor>
			<label>[B]$LOCALIZE[31083][/B]</label>
		</control>
		<control type="image">
			<description>key image</description>
			<posx>10</posx>
			<posy>40</posy>
			<width>100</width>
			<height>100</height>
			<texture>key.png</texture>
		</control>
			<control type="textbox">
			<left>20</left>
			<top>100</top>
			<width>545</width>
			<height>782</height>
			<label>$LOCALIZE[31090]</label>
			<font>font-22</font>
			<align>center</align>
		</control>
		<control type="button" id="101">
			<description>CODE Button</description>
			<left>120</left>
			<top>200</top>
			<width>500</width>
			<height>60</height>
			<font>font-30</font>
			<label>-</label>
			<align>center</align>
			<onclick>Skin.SetString(temp2)</onclick>
			<onclick>Skin.SetString(mypassword,$INFO[Skin.String(temp2)])</onclick>
			<onclick>Notification($LOCALIZE[733]:,$VAR[password_notification],5500,$VAR[password_notification_icon])</onclick>	
			<onclick>Close</onclick>
			<onclick>Skin.Reset(temp2)</onclick>
			<animation effect="fade" start="100" end="0" time="0" condition="true">Conditional</animation>
		</control>
	</controls>
</window>