<?xml version="1.0" encoding="UTF-8"?>
<window>
	
	<coordinates>
		<posx>660</posx>
		<posy>0</posy>
	</coordinates>
	<controls>
			<control type="group">
			<animation effect="slide" start="0,-100" end="0,0" tween="circle" easing="In" time="550">WindowOpen</animation>
			<animation effect="slide" start="0,0" end="0,-100" tween="circle" easing="Out" time="550">WindowClose</animation>
			<visible>![Window.IsVisible(InfoDialog) | Window.IsVisible(SliderDialog) | Window.IsVisible(VolumeBar) | SubString(Window(Videos).Property(CinemaExperienceRunning),True)]</visible>
			<control type="image">
				<posx>0</posx>
				<posy>10</posy>
				<width>530</width>
				<height>60</height>
				<texture background="true" border="10,10,10,10">baloon3.png</texture>
			</control>
			<control type="progress" id="10">
				<description>progress control</description>
				<posx>60</posx>
				<posy>15</posy>
				<width>400</width>
				<height>15</height>
			</control>
			<control type="label">
				<description>Busy label</description>
				<posx>500</posx>
				<posy>20</posy>
				<width>250</width>
				<height>38</height>
				<align>right</align>
				<aligny>center</aligny>
				<textcolor>grey</textcolor>
				<label>$LOCALIZE[503] - $LOCALIZE[20186]!</label>
				<font>font-18</font>
			</control>
			<control type="image">
				<description>Busy animation</description>
				<posx>12</posx>
				<posy>16</posy>
				<width>48</width>
				<height>48</height>
				<texture fallback="special://skin/extras/busy/10.gif" colordiffuse="$VAR[main_color]">$INFO[Skin.String(busy)]</texture>
			</control>
			<control type="label">
				<description>Busy label</description>
				<posx>352</posx>
				<posy>6</posy>
				<width>188</width>
				<height>38</height>
				<align>left</align>
				<aligny>center</aligny>
				<textcolor>grey</textcolor>
				<label>-</label>
				<font>font-18</font>
				<visible>false</visible>
			</control>
		</control>
	</controls>
</window>
