<?xml version="1.0" encoding="UTF-8"?>
<window>
	<defaultcontrol always="true">5</defaultcontrol>
	<controls>
		<control type="group">
			<animation effect="zoom" start="0" end="100" center="900,480" time="400">WindowOpen</animation>
			<animation effect="zoom" start="100" end="0" center="900,480" time="400">WindowClose</animation>
			<posy>70</posy>
			<posx>-150</posx>
			<control type="image">
				<description>background image</description>
				<posx>420</posx>
				<posy>20</posy>
				<width>1080</width>
				<height>670</height>
				<texture background="true" colordiffuse="grey_50">white.png</texture>
				<bordertexture colordiffuse="grey">white.png</bordertexture>
				<bordersize>2</bordersize>
			</control>
			<control type="label" id="1">
				<description>Heading label</description>
				<posx>0</posx>
				<posy>30</posy>
				<width>1920</width>
				<height>45</height>
				<align>center</align>
				<aligny>center</aligny>
				<textcolor>white</textcolor>
				<font>font-32</font>
				<label>587</label>
			</control>
			<control type="image">
				<posx>440</posx>
				<posy>90</posy>
				<width>1040</width>
				<height>2</height>
				<texture>white.png</texture>
			</control>
			<control type="grouplist" id="5">
				<posx>475</posx>
				<posy>105</posy>
				<width>970</width>
				<height>500</height>
				<pagecontrol>60</pagecontrol>
				<onleft>9000</onleft>
				<onright>60</onright>
				<onup>9000</onup>
				<ondown>9000</ondown>
			</control>
			<control type="scrollbar" id="60">
				<posx>1300</posx>
				<posy>105</posy>
				<width>10</width>
				<height>500</height>
				<include>scroll_bar</include>
				<onleft>5</onleft>
				<onright>9000</onright>
				<ondown>60</ondown>
				<onup>60</onup>
				<showonepage>false</showonepage>
				<orientation>vertical</orientation>
			</control>

			<!-- Button grouplist -->
			<control type="grouplist" id="9000">
				<posx>475</posx>
				<posy>620</posy>
				<width>700</width>
				<height>55</height>
				<itemgap>0</itemgap>
				<onleft>9000</onleft>
				<onright>9000</onright>
				<onup>5</onup>
				<ondown>5</ondown>
				<orientation>horizontal</orientation>
				<!-- OK Button -->
				<control type="button" id="28">
					<width>324</width>
					<label>186</label>
				</control>
				<!-- Cancel Button -->
				<control type="button" id="27">
					<width>324</width>
					<label>222</label>
				</control>
			</control>

		</control>
		<control type="button" id="7">
			<description>default Button</description>
			<posx>0</posx>
			<posy>0</posy>
			<align>left</align>
			<height>50</height>
			<include>button_spin_playlist</include>
		</control>
		<control type="radiobutton" id="8">
			<description>default RadioButton</description>
			<posx>0</posx>
			<posy>0</posy>
			<height>50</height>
			<label>21459</label>
			<focusedcolor>white</focusedcolor>
			<textcolor>white</textcolor>
			<texturefocus colordiffuse="grey_a">white.png</texturefocus>
			<texturenofocus colordiffuse="darkgrey">white.png</texturenofocus>
			<disabledcolor>grey_a</disabledcolor>
			<height>50</height>
			<font>font-22</font>
			<textoffsetx>30</textoffsetx>
			<textwidth>900</textwidth>
		</control>
		<control type="spincontrolex" id="9">
			<description>default SpinControlex</description>
			<posx>0</posx>
			<posy>0</posy>
			<height>50</height>
			<include>button_spin_playlist</include>
			<reverse>yes</reverse>
		</control>
		<control type="sliderex" id="13">
			<description>default Sliderex</description>
			<height>50</height>
			<include>button_spin_playlist</include>
		</control>
		<control type="edit" id="12">
			<description>default Edit</description>
			<posx>0</posx>
			<posy>0</posy>
			<height>50</height>
			<include>button_spin_playlist</include>
		</control>

	</controls>
</window>
