<?xml version="1.0" encoding="UTF-8"?>
<window>
	<defaultcontrol always="true">9000</defaultcontrol>
	<allowoverlay>yes</allowoverlay>
	<zorder>1</zorder>
	<coordinates>
		<posx>360</posx>
		<posy>100</posy>
	</coordinates>
	<controls>
		<control type="group">

			<control type="image">
				<description>background image</description>
				<posx>0</posx>
				<posy>0</posy>
				<width>1200</width>
				<height>700</height>
				<texture background="true" colordiffuse="grey_50">white.png</texture>
				<bordertexture colordiffuse="grey">white.png</bordertexture>
				<bordersize>2</bordersize>
				<visible>Control.IsVisible(5) | Control.isVisible(6)</visible>
			</control>

			<control type="image">
				<description>background image</description>
				<posx>0</posx>
				<posy>0</posy>
				<width>900</width>
				<height>700</height>
				<texture background="true" colordiffuse="grey_50">white.png</texture>
				<bordertexture colordiffuse="grey">white.png</bordertexture>
				<bordersize>2</bordersize>
				<visible>Control.IsVisible(3) + !Control.IsVisible(5)</visible>
			</control>

			<control type="label" id="1">
				<description>heading label</description>
				<posx>60</posx>
				<posy>10</posy>
				<width>1200</width>
				<height>45</height>
				<align>center</align>
				<aligny>center</aligny>
				<font>font-30</font>
				<label>-</label>
				<textcolor>white</textcolor>
				<animation effect="slide" end="-200" time="0" condition="Control.IsVisible(3)">Conditional</animation>
			</control>
			<control type="image">
				<posx>800</posx>
				<posy>72</posy>
				<width>380</width>
				<height>380</height>
				<aspectratio>keep</aspectratio>
				<texture background="true" fallback="DefaultFolder.png">$INFO[Container(6).ListItem.Icon]</texture>
				<visible>Control.IsVisible(6)</visible>
			</control>
			<control type="group" id="9000">
				<control type="list" id="3">
					<posx>68</posx>
					<posy>70</posy>
					<width>750</width>
					<height>620</height>
					<onup>3</onup>
					<ondown>3</ondown>
					<onleft>5</onleft>
					<onright>60</onright>
					<pagecontrol>60</pagecontrol>
					<scrolltime>200</scrolltime>
					<itemlayout width="750" height="44">
						<control type="image">
							<posx>0</posx>
							<posy>0</posy>
							<width>750</width>
							<height>1</height>
							<texture colordiffuse="darkgrey">white.png</texture>
						</control>
						<control type="image">
							<posx>0</posx>
							<posy>44</posy>
							<width>750</width>
							<height>1</height>
							<texture colordiffuse="darkgrey">white.png</texture>
						</control>
						<control type="image">
							<posx>0</posx>
							<posy>0</posy>
							<width>2</width>
							<height>44</height>
							<texture colordiffuse="darkgrey">white.png</texture>
						</control>
						<control type="image">
							<posx>748</posx>
							<posy>0</posy>
							<width>2</width>
							<height>44</height>
							<texture colordiffuse="darkgrey">white.png</texture>
						</control>
						<control type="label">
							<posx>15</posx>
							<posy>0</posy>
							<width>720</width>
							<height>45</height>
							<font>font-20</font>
							<align>right</align>
							<aligny>center</aligny>
							<textcolor>lightgrey</textcolor>
							<selectedcolor>$VAR[main_color]</selectedcolor>
							<label>$INFO[ListItem.Label]</label>
						</control>
					</itemlayout>
					<focusedlayout width="750" height="44">
						<control type="image">
							<posx>0</posx>
							<posy>0</posy>
							<width>750</width>
							<height>45</height>
							<texture colordiffuse="grey_b" background="true">white.png</texture>
							<animation effect="fade" start="100" end="50" time="100" condition="!Control.HasFocus(3)">Conditional</animation>
						</control>
						<control type="label">
							<posx>15</posx>
							<posy>0</posy>
							<width>720</width>
							<height>45</height>
							<font>font-20</font>
							<align>right</align>
							<aligny>center</aligny>
							<textcolor>grey_50</textcolor>
							<selectedcolor>$VAR[main_color]</selectedcolor>
							<label>$INFO[ListItem.Label]</label>
						</control>
					</focusedlayout>
				</control>
				<control type="list" id="6">
					<posx>2</posx>
					<posy>70</posy>
					<width>750</width>
					<height>620</height>
					<onup>6</onup>
					<ondown>6</ondown>
					<onleft>9001</onleft>
					<onright>60</onright>
					<pagecontrol>60</pagecontrol>
					<scrolltime>200</scrolltime>
					<itemlayout width="750" height="88">
						<control type="image">
							<posx>0</posx>
							<posy>0</posy>
							<width>750</width>
							<height>1</height>
							<texture colordiffuse="darkgrey">white.png</texture>
						</control>
						<control type="image">
							<posx>0</posx>
							<posy>88</posy>
							<width>750</width>
							<height>1</height>
							<texture colordiffuse="darkgrey">white.png</texture>
						</control>
						<control type="image">
							<posx>0</posx>
							<posy>0</posy>
							<width>2</width>
							<height>88</height>
							<texture colordiffuse="darkgrey">white.png</texture>
						</control>
						<control type="image">
							<posx>748</posx>
							<posy>0</posy>
							<width>2</width>
							<height>88</height>
							<texture colordiffuse="darkgrey">white.png</texture>
						</control>
						<control type="image">
							<posx>15</posx>
							<posy>8</posy>
							<width>75</width>
							<height>75</height>
							<texture>$INFO[ListItem.Icon]</texture>
							<aspectratio>keep</aspectratio>
						</control>
						<control type="label">
							<posx>105</posx>
							<posy>6</posy>
							<width>630</width>
							<height>45</height>
							<font>font-20</font>
							<align>right</align>
							<aligny>center</aligny>
							<selectedcolor>$VAR[main_color]</selectedcolor>
							<label>$INFO[ListItem.Label]</label>
						</control>
						<control type="label">
							<posx>120</posx>
							<posy>39</posy>
							<width>615</width>
							<height>45</height>
							<font>font-20</font>
							<align>right</align>
							<aligny>center</aligny>
							<selectedcolor>$VAR[main_color]</selectedcolor>
							<label>$INFO[ListItem.Property(Addon.Summary)]</label>
						</control>
					</itemlayout>
					<focusedlayout width="750" height="88">
						<control type="image">
							<posx>0</posx>
							<posy>0</posy>
							<width>750</width>
							<height>1</height>
							<texture colordiffuse="darkgrey">white.png</texture>
						</control>
						<control type="image">
							<posx>0</posx>
							<posy>88</posy>
							<width>750</width>
							<height>1</height>
							<texture colordiffuse="darkgrey">white.png</texture>
						</control>
						<control type="image">
							<posx>0</posx>
							<posy>0</posy>
							<width>2</width>
							<height>88</height>
							<texture colordiffuse="darkgrey">white.png</texture>
						</control>
						<control type="image">
							<posx>748</posx>
							<posy>0</posy>
							<width>2</width>
							<height>88</height>
							<texture colordiffuse="darkgrey">white.png</texture>
						</control>
						<control type="image">
							<posx>0</posx>
							<posy>0</posy>
							<width>750</width>
							<height>90</height>
							<visible>Control.HasFocus(6) | Control.HasFocus(61)</visible>
							<texture background="true" colordiffuse="$VAR[main_color]">white.png</texture>
							<animation effect="fade" end="40" condition="true">Conditional</animation>
						</control>
						<control type="image">
							<posx>15</posx>
							<posy>8</posy>
							<width>75</width>
							<height>75</height>
							<texture>$INFO[ListItem.Icon]</texture>
							<aspectratio>keep</aspectratio>
						</control>
						<control type="label">
							<posx>105</posx>
							<posy>6</posy>
							<width>630</width>
							<height>45</height>
							<font>font-20</font>
							<align>right</align>
							<aligny>center</aligny>
							<textcolor>white</textcolor>
							<selectedcolor>$VAR[main_color]</selectedcolor>
							<label>$INFO[ListItem.Label]</label>
						</control>
						<control type="label">
							<posx>120</posx>
							<posy>39</posy>
							<width>615</width>
							<height>45</height>
							<font>font-20</font>
							<align>right</align>
							<aligny>center</aligny>
							<textcolor>white</textcolor>
							<selectedcolor>$VAR[main_color]</selectedcolor>
							<label>$INFO[ListItem.Property(Addon.Summary)]</label>
						</control>
					</focusedlayout>
				</control>
			</control>
			<control type="grouplist" id="9001">
				<posx>880</posx>
				<posy>635</posy>
				<width>420</width>
				<height>55</height>
				<align>center</align>
				<itemgap>5</itemgap>
				<onleft>60</onleft>
				<onright>3</onright>
				<ondown>9001</ondown>
				<onup>9001</onup>
				<itemgap>14</itemgap>
				<control type="button" id="5">
					<description>Get More..</description>
					<width>200</width>
					<label>186</label>
					<textoffsetx>5</textoffsetx>
					<include>button_dialogs</include>
				</control>
			</control>
			<control type="scrollbar" id="60">
				<posx>770</posx>
				<posy>70</posy>
				<width>10</width>
				<height>618</height>
				<include>scroll_bar</include>
				<showonepage>false</showonepage>
				<orientation>vertical</orientation>
				<onleft>6</onleft>
				<onright>9001</onright>
				<ondown>60</ondown>
				<onup>60</onup>
				<animation effect="slide" end="80" condition="Control.IsVisible(3)">Conditional</animation>
			</control>

		</control>
	</controls>
</window>
