<?xml version="1.0" encoding="UTF-8"?>
<window>
	<defaultcontrol>29</defaultcontrol>
	<controls>
		<control type="image">
			<posx>0</posx>
			<posy>0</posy>
			<width>1920</width>
			<height>1080</height>
			<texture>black.png</texture>
			<animation effect="fade" start="0" end="70" time="300">WindowOpen</animation>
			<animation effect="fade" start="70" end="0" time="300">WindowClose</animation>
		</control>
		<control type="image">
			<posx>358</posx>
			<posy>100</posy>
			<width>1204</width>
			<height>890</height>
			<texture background="true" colordiffuse="grey_50">white.png</texture>
			<bordertexture colordiffuse="grey">white.png</bordertexture>	
			<bordersize>2</bordersize>
			<animation effect="fade" start="0" end="100" time="300">WindowOpen</animation>
			<animation effect="fade" start="70" end="0" time="300">WindowClose</animation>
		</control>
		<!-- Heading -->
		<control type="label">
			<left>0</left>
			<top>110</top>
			<align>center</align>
			<width>1920</width>
			<height>72</height>
			<font>font-40</font>
			<label>19142</label>
		</control>

		<!-- Control group -->
		<control type="grouplist" id="5">
			<left>360</left>
			<top>228</top>
			<width>1200</width>
			<height>726</height>
			<onup>noop</onup>
			<ondown>9000</ondown>
			<onleft>noop</onleft>
			<onright>noop</onright>
			<itemgap>0</itemgap>
			<orientation>vertical</orientation>
		</control>

		<!-- Default label -->
		<control type="label" id="14">
			<width>1200</width>
			<height>42</height>
			<font>Font33</font>
			<align>center</align>
			<label>-</label>
			<textcolor>TextColor1</textcolor>
		</control>

		<!-- Default button -->
		<control type="button" id="7">
			<width>1200</width>
			<height>66</height>
		</control>

		<!-- Default radiobutton -->
		<control type="radiobutton" id="8">
			<width>1200</width>
			<height>66</height>
			<textwidth>1120</textwidth>
		</control>

		<!-- Default spincontrolex -->
		<control type="spincontrolex" id="9">
			<width>1200</width>
			<height>66</height>
			<textwidth>1120</textwidth>
		</control>

		<!-- Default slider -->
		<control type="sliderex" id="13">
			<width>1200</width>
			<height>66</height>
		</control>

		<!-- Default label -->
		<control type="label" id="7">
			<width>1200</width>
			<height>66</height>
			<label>-</label>
		</control>

		<!-- Default seperator -->
		<control type="image" id="11">
			<width>1200</width>
			<height>20</height>
			<texture border="1,12,1,1" colordiffuse="DialogOverlayColorNF">common/ScrollBackgroundHorizontal.png</texture>
		</control>

		<!-- Default edit -->
		<control type="edit" id="12">
			<textoffsetx>20</textoffsetx>
			<textwidth>1120</textwidth>
			<posx>0</posx>
			<posy>0</posy>
			<height>50</height>
			<include>button_spin_playlist</include>
		</control>

		<!-- Button grouplist -->
		<control type="grouplist" id="9000">
			<left>0</left>
			<top>934</top>
			<width>1920</width>
			<height>55</height>
			<align>center</align>
			<itemgap>0</itemgap>
			<onleft>noop</onleft>
			<onright>noop</onright>
			<onup>5</onup>
			<ondown>noop</ondown>
			<orientation>horizontal</orientation>
			<!-- Search Button -->
			<control type="button" id="28">
				<width>400</width>
				<label>137</label>
			</control>
			<!-- Cancel Button -->
			<control type="button" id="29">
				<width>400</width>
				<label>222</label>
			</control>
		</control>
	</controls>
</window>
