<?xml version="1.0" encoding="UTF-8"?>
<window>
	<defaultcontrol always="true">10</defaultcontrol>
	<controls>
		<control type="image">
			<posx>0</posx>
			<posy>0</posy>
			<width>1920</width>
			<height>1080</height>
			<texture>black.png</texture>
			<animation effect="fade" start="0" end="70" time="300">WindowOpen</animation>
			<animation effect="fade" start="70" end="0" time="300">WindowClose</animation>
		</control>
		<control type="image">
			<posx>358</posx>
			<posy>100</posy>
			<width>1204</width>
			<height>890</height>
			<texture background="true" colordiffuse="grey_50">white.png</texture>
			<bordertexture colordiffuse="grey">white.png</bordertexture>	
			<bordersize>2</bordersize>
			<animation effect="fade" start="0" end="100" time="300">WindowOpen</animation>
			<animation effect="fade" start="70" end="0" time="300">WindowClose</animation>
		</control>
		<!-- Heading -->
		<control type="label">
			<left>0</left>
			<top>110</top>
			<align>center</align>
			<width>1920</width>
			<height>72</height>
			<font>font-40</font>
			<label>19053</label>
		</control>

		<!-- Name -->
		<control type="label">
			<left>595</left>
			<top>235</top>
			<width>1175</width>
			<height>36</height>
			<font>font-24</font>
			<textcolor>white</textcolor>
			<label>[B]$INFO[ListItem.Title][/B]</label>
		</control>

		<!-- Info -->
		<control type="group">
			<left>375</left>
			<top>303</top>

			<!-- Details -->
			<control type="grouplist">
				<width>1170</width>
				<height>336</height>
				<itemgap>12</itemgap>
				<orientation>vertical</orientation>
				<usecontrolcoords>true</usecontrolcoords>

				<!-- Start date -->
				<control type="group">
					<height>36</height>
					<width>1170</width>
					<control type="label">
						<width>200</width>
						<height>36</height>
						<align>right</align>
						<font>font-24</font>
						<label>552</label>
						<textcolor>white</textcolor>
					</control>
					<control type="label">
						<left>220</left>
						<width>950</width>
						<height>36</height>
						<font>font-24</font>
						<label>$INFO[ListItem.StartDate]</label>
						<textcolor>white</textcolor>
					</control>
				</control>

				<!-- Start time -->
				<control type="group">
					<height>36</height>
					<width>1170</width>
					<visible>!IsEmpty(ListItem.StartTime)</visible>
					<control type="label">
						<width>200</width>
						<height>36</height>
						<align>right</align>
						<font>font-24</font>
						<label>142</label>
						<textcolor>white</textcolor>
					</control>
					<control type="label">
						<left>220</left>
						<width>950</width>
						<height>36</height>
						<font>font-24</font>
						<label>$INFO[ListItem.StartTime]</label>
						<textcolor>white</textcolor>
					</control>
				</control>

				<!-- Channel Name -->
				<control type="group">
					<height>36</height>
					<width>1170</width>
					<visible>!IsEmpty(ListItem.ChannelName)</visible>
					<control type="label">
						<width>200</width>
						<height>36</height>
						<align>right</align>
						<font>font-24</font>
						<label>19148</label>
						<textcolor>white</textcolor>
					</control>
					<control type="label">
						<left>220</left>
						<width>950</width>
						<height>36</height>
						<font>font-24</font>
						<label>$INFO[ListItem.ChannelName]</label>
						<textcolor>white</textcolor>
					</control>
				</control>

				<!-- Duration -->
				<control type="group">
					<height>36</height>
					<width>1170</width>
					<visible>!IsEmpty(ListItem.Duration)</visible>
					<control type="label">
						<width>200</width>
						<height>36</height>
						<align>right</align>
						<font>font-24</font>
						<label>180</label>
						<textcolor>white</textcolor>
					</control>
					<control type="label">
						<left>220</left>
						<width>950</width>
						<height>36</height>
						<font>font-24</font>
						<label>$INFO[ListItem.Duration]</label>
						<textcolor>white</textcolor>
					</control>
				</control>

				<!-- Genre -->
				<control type="group">
					<height>36</height>
					<width>1170</width>
					<visible>!IsEmpty(ListItem.Genre)</visible>
					<control type="label">
						<width>200</width>
						<height>36</height>
						<align>right</align>
						<font>font-24</font>
						<label>135</label>
						<textcolor>white</textcolor>
					</control>
					<control type="label">
						<left>220</left>
						<width>950</width>
						<height>36</height>
						<font>font-24</font>
						<label>$INFO[ListItem.Genre]</label>
						<textcolor>white</textcolor>
					</control>
				</control>

				<!-- Plot outline -->
				<control type="group">
					<height>36</height>
					<width>1170</width>
					<visible>!IsEmpty(ListItem.PlotOutline)</visible>
					<control type="label">
						<width>200</width>
						<height>36</height>
						<align>right</align>
						<font>font-24</font>
						<label>203</label>
						<textcolor>white</textcolor>
					</control>
					<control type="label">
						<left>220</left>
						<width>950</width>
						<height>36</height>
						<font>font-24</font>
						<label>$INFO[ListItem.PlotOutline]</label>
						<textcolor>white</textcolor>
					</control>
				</control>

			</control>

			<!-- Plot -->
			<control type="textbox" id="400">
				<top>370</top>
				<width>1170</width>
				<height>210</height>
				<font>font-24</font>
				<label>$INFO[ListItem.Plot]</label>
				<textcolor>white</textcolor>
			</control>

		</control>
		
		<!-- Button grouplist -->
		<control type="grouplist" id="9000">
			<left>0</left>
			<top>934</top>
			<width>1920</width>
			<height>55</height>
			<align>center</align>
			<itemgap>0</itemgap>
			<onleft>noop</onleft>
			<onright>noop</onright>
			<onup>noop</onup>
			<ondown>noop</ondown>
			<orientation>horizontal</orientation>
			<!-- OK Button -->
			<control type="button" id="10">
				<width>400</width>
				<label>186</label>
			</control>
		</control>
		

	</controls>
</window>
