<?xml version="1.0" encoding="UTF-8"?>
<window>
	<defaultcontrol>-</defaultcontrol>
	<coordinates>
		<posx>660</posx>
		<posy>0</posy>
	</coordinates>
	<animation effect="fade" end="80" time="0" condition="true">Conditional</animation>
	<controls>
		<control type="group">
			<visible>![Window.IsVisible(Seekbar) | Window.IsVisible(KaraokeSelector) | Window.IsVisible(KaraokeLargeSelector) | Window.IsVisible(InfoDialog) | Window.IsVisible(BusyDialog) | Window.IsVisible(SliderDialog) | Window.IsVisible(extendedprogressdialog)]</visible>
			<control type="image">
				<posx>0</posx>
				<posy>10</posy>
				<width>530</width>
				<height>60</height>
				<texture background="true" border="10,10,10,10">baloon3.png</texture>
			</control>
			<control type="label">
				<description>Volume Label</description>
				<posx>20</posx>
				<posy>22</posy>
				<width>188</width>
				<height>38</height>
				<label>$INFO[Control.GetLabel(10000),,%]</label>
				<font>font-18</font>
				<textcolor>grey</textcolor>
				<align>left</align>
				<aligny>center</aligny>
			</control>
			<control type="image">
				<posx>90</posx>
				<posy>18</posy>
				<width>48</width>
				<height>48</height>
				<texture colordiffuse="grey">osd/mute.png</texture>
			</control>
			<control type="progress"  id="10000">
				<description>Progressbar</description>
				<posx>140</posx>
				<posy>30</posy>
				<width>384</width>
				<height>22</height>
				<info>Player.Volume</info>
				<visible>true</visible>
			</control>

		</control>
	</controls>
</window>
