<?xml version="1.0" encoding="UTF-8"?>
<window>
	<defaultcontrol>61</defaultcontrol>
	<controls>
		<control type="image">
			<posx>0</posx>
			<posy>0</posy>
			<width>1920</width>
			<height>1080</height>
			<texture>black.png</texture>
			<animation effect="fade" start="0" end="70" time="300">WindowOpen</animation>
			<animation effect="fade" start="70" end="0" time="300">WindowClose</animation>
		</control>

		<control type="group">
			<posx>310</posx>
			<posy>100</posy>
			<animation effect="zoom" start="0" end="100" center="900,480" time="400" delay="300">WindowOpen</animation>
			<animation effect="zoom" start="100" end="0" center="900,480" time="400">WindowClose</animation>
			<control type="image">
				<posx>0</posx>
				<posy>0</posy>
				<width>1300</width>
				<height>860</height>
				<texture background="true" colordiffuse="grey_50">white.png</texture>
				<bordertexture colordiffuse="grey">white.png</bordertexture>	
				<bordersize>2</bordersize>
			</control>
			<control type="label" id="1">
				<description>Item Title value</description>
				<posx>50</posx>
				<posy>10</posy>
				<width>1200</width>
				<height>45</height>
				<align>center</align>
				<aligny>center</aligny>
				<textcolor>white</textcolor>
				<font>font-32</font>
			</control>
			<control type="image">
				<posx>40</posx>
				<posy>70</posy>
				<width>1220</width>
				<height>2</height>
				<texture>white.png</texture>
			</control>

			<control type="textbox" id="5">
				<description>textarea</description>
				<posx>50</posx>
				<posy>100</posy>
				<width>1220</width>
				<height>735</height>
				<label>-</label>
				<font>font-19</font>
				<align>justify</align>
				<textcolor>white</textcolor>
				<shadowcolor>black</shadowcolor>
				<pagecontrol>61</pagecontrol>
			</control>
			<control type="scrollbar" id="61">
				<description>Next page button</description>
				<posx>1280</posx>
				<posy>100</posy>
				<width>10</width>
				<height>730</height>
				<include>scroll_bar</include>
				<onleft>6</onleft>
				<onright>5</onright>
				<ondown>61</ondown>
				<onup>61</onup>
				<showonepage>false</showonepage>
				<orientation>vertical</orientation>
			</control>
		</control>
	</controls>
</window>
