<?xml version="1.0" encoding="UTF-8"?>
<window>
	<defaultcontrol>13</defaultcontrol>
	<animation effect="zoom" start="0" end="100" center="900,480" time="300">WindowOpen</animation>
			<animation effect="zoom" start="100" end="0" center="900,480" time="300">WindowClose</animation>
	<controls>

		<!-- Hidden labels -->
		<control type="label" id="21">
			<font>-</font>
		</control>
		<control type="label" id="22">
			<font>-</font>
		</control>

		<control type="image">
			<posx>0</posx>
			<posy>80</posy>
			<width>1920</width>
			<height>1000</height>
			<texture background="true" colordiffuse="grey_50">white.png</texture>
			<bordertexture colordiffuse="grey">white.png</bordertexture>
			<bordersize>2</bordersize>
		</control>
		<control type="group">
			<posy>80</posy>
			<control type="label">
				<description>Header</description>
				<posx>0</posx>
				<posy>30</posy>
				<width>1920</width>
				<height>45</height>
				<align>center</align>
				<aligny>center</aligny>
				<textcolor>white</textcolor>
				<label>19143</label>
				<font>font-32</font>
			</control>
			<!-- Seperators -->
			<control type="image">
				<posx>75</posx>
				<posy>115</posy>
				<width>1770</width>
				<height>2</height>
				<texture>white.png</texture>
			</control>
			<!-- Groups -->
			<control type="label">
				<left>150</left>
				<top>120</top>
				<width>526</width>
				<height>36</height>
				<font>font-24</font>
				<align>center</align>
				<textcolor>grey_b</textcolor>
				<label>[B]$LOCALIZE[19146][/B]</label>
			</control>

			<control type="image">
				<left>150</left>
				<top>170</top>
				<width>526</width>
				<height>660</height>
				<texture colordiffuse="darkgrey">white.png</texture>
				<visible>!Control.HasFocus(13)</visible>
			</control>
			<control type="image">
				<left>150</left>
				<top>170</top>
				<width>526</width>
				<height>660</height>
				<texture colordiffuse="grey_a">white.png</texture>
				<visible>Control.HasFocus(13)</visible>
			</control>
			<!-- Groups list -->			
			<control type="list" id="13">
				<left>150</left>
				<top>140</top>
				<width>526</width>
				<height>660</height>
				<onup>noop</onup>
				<ondown>29</ondown>
				<onleft>9001</onleft>
				<onright>11</onright>
				<scrolltime tween="sine" easing="out">240</scrolltime>

				<itemlayout width="526" height="66">
					<control type="label">
						<width>526</width>
						<textcolor>grey_b</textcolor>
						<font>font-22</font>
						<label>$INFO[ListItem.Label]</label>
					</control>

				</itemlayout>

				<focusedlayout width="526" height="66">

					<control type="label">
						<width>526</width>
						<textcolor>$VAR[main_color]</textcolor>
						<font>font-22</font>
						<label>$INFO[ListItem.Label]</label>
						<animation effect="fade" start="100" end="75" condition="!Control.HasFocus(13)">Conditional</animation>
					</control>

				</focusedlayout>

			</control>

			<!-- Name -->
			<control type="label">
				<centerleft>960</centerleft>
				<top>120</top>
				<width>526</width>
				<height>36</height>
				<align>center</align>
				<font>font-24</font>
				<textcolor>grey_b</textcolor>
				<label>[B]$INFO[Control.GetLabel(21)][/B]</label>
			</control>
			<control type="image">
				<centerleft>960</centerleft>
				<top>170</top>
				<width>526</width>
				<height>660</height>
				<texture colordiffuse="darkgrey">white.png</texture>
				<visible>!Control.HasFocus(11)</visible>
			</control>
			<control type="image">
				<centerleft>960</centerleft>
				<top>170</top>
				<width>526</width>
				<height>660</height>
				<texture colordiffuse="grey_a">white.png</texture>
				<visible>Control.HasFocus(11)</visible>
			</control>
			<!-- Grouped Channels list -->			
			<control type="list" id="11">
				<left>640</left>
				<top>140</top>
				<width>526</width>
				<height>654</height>
				<onup>noop</onup>
				<ondown>29</ondown>
				<onleft>13</onleft>
				<onright>12</onright>
				<scrolltime tween="sine" easing="out">240</scrolltime>

				<itemlayout width="526" height="66">

					<control type="label">
						<width>526</width>
						<font>font-22</font>
						<textcolor>grey_b</textcolor>
						<label>$INFO[ListItem.ChannelNumber,(,) ]$INFO[ListItem.ChannelName]</label>
					</control>

				</itemlayout>

				<focusedlayout width="526" height="66">

					<control type="label">
						<width>526</width>
						<font>font-22</font>
						<textcolor>$VAR[main_color]</textcolor>
						<label>$INFO[ListItem.ChannelNumber,(,) ]$INFO[ListItem.ChannelName]</label>
						<animation effect="fade" start="100" end="75" condition="!Control.HasFocus(11)">Conditional</animation>
					</control>

				</focusedlayout>

			</control>

			<!-- Name -->
			<control type="label">
				<right>150</right>
				<top>120</top>
				<width>526</width>
				<height>36</height>
				<font>font-24</font>
				<align>center</align>
				<textcolor>grey_b</textcolor>
				<label>[B]$INFO[Control.GetLabel(22)][/B]</label>
			</control>
			<control type="image">
				<right>150</right>
				<top>170</top>
				<width>526</width>
				<height>660</height>
				<texture colordiffuse="darkgrey">white.png</texture>
				<visible>!Control.HasFocus(12)</visible>
			</control>
			<control type="image">
				<right>150</right>
				<top>170</top>
				<width>526</width>
				<height>660</height>
				<texture colordiffuse="grey_a">white.png</texture>
				<visible>Control.HasFocus(12)</visible>
			</control>
			<!-- Channels list -->			
			<control type="list" id="12">
				<left>1180</left>
				<top>140</top>
				<width>526</width>
				<height>654</height>
				<onup>noop</onup>
				<ondown>29</ondown>
				<onleft>11</onleft>
				<onright>9001</onright>
				<scrolltime tween="sine" easing="out">240</scrolltime>

				<itemlayout width="526" height="66">

					<control type="label">
						<width>526</width>
						<font>font-22</font>
						<textcolor>grey_b</textcolor>
						<label>$INFO[ListItem.ChannelNumber,(,) ]$INFO[ListItem.ChannelName]</label>
					</control>

				</itemlayout>

				<focusedlayout width="526" height="66">

					<control type="label">
						<width>526</width>
						<font>font-22</font>
						<textcolor>$VAR[main_color]</textcolor>
						<label>$INFO[ListItem.ChannelNumber,(,) ]$INFO[ListItem.ChannelName]</label>
						<animation effect="fade" start="100" end="75" condition="!Control.HasFocus(12)">Conditional</animation>
					</control>

				</focusedlayout>

			</control>

			<!-- Button grouplist -->
			<control type="grouplist" id="9001">
				<left>200</left>
				<top>926</top>
				<width>1620</width>
				<itemgap>5</itemgap>
				<onleft>noop</onleft>
				<onright>noop</onright>
				<onup>13</onup>
				<ondown>noop</ondown>
				<defaultcontrol>29</defaultcontrol>
				<orientation>horizontal</orientation>

				<!-- OK Button -->
				<control type="button" id="29">
					<width>300</width>
					<texturenofocus colordiffuse="darkgrey">white.png</texturenofocus>
					<include>skinbuttons</include>
					<label>186</label>
				</control>

				<!-- Hide Button -->
				<control type="button" id="25">
					<width>300</width>
					<texturenofocus colordiffuse="darkgrey">white.png</texturenofocus>
					<include>skinbuttons</include>
					<label>19289</label>
				</control>

				<!-- Delete Button -->
				<control type="button" id="28">
					<width>300</width>
					<texturenofocus colordiffuse="darkgrey">white.png</texturenofocus>
					<include>skinbuttons</include>
					<label>$LOCALIZE[117] $LOCALIZE[19141]</label>
				</control>

				<!-- Rename Button -->
				<control type="button" id="27">
					<width>300</width>
					<texturenofocus colordiffuse="darkgrey">white.png</texturenofocus>
					<include>skinbuttons</include>
					<label>$LOCALIZE[118] $LOCALIZE[19141]</label>
				</control>

				<!-- Add Button -->
				<control type="button" id="26">
					<width>300</width>
					<texturenofocus colordiffuse="darkgrey">white.png</texturenofocus>
					<include>skinbuttons</include>
					<label>$LOCALIZE[15019] $LOCALIZE[19141]</label>
				</control>

			</control>
		</control>
	</controls>
</window>
