<?xml version="1.0" encoding="UTF-8"?>
<window>
	<allowoverlay>yes</allowoverlay>
	<defaultcontrol always="true">9000</defaultcontrol>
	<onload>RunScript(script.skinshortcuts,type=buildxml&amp;mainmenuID=9000)</onload>
	<onload condition="Window.Previous(startup)">Skin.Reset(mypassword)</onload>
	<onload condition="!Window.Previous(startup)">AlarmClock(parental,Skin.Reset(mypassword),$VAR[password_time],Silent)</onload>
	<onload>AlarmClock(focushome,Control.SetFocus(9000),00:01,silent)</onload>
	<include>views_animation</include>
	<controls>
		<include>skin_home</include>
	</controls>
</window>
