<?xml version="1.0" encoding="UTF-8"?>
<includes>
	<!-- NEW MAIN MENU -->
	<include name="Home_Horizontal">
		<control type="group">
			<!-- Slide Animation for Horizontal Menu -->
			<animation effect="slide" start="0,0" end="0,-90" tween="linear" delay="30" time="100" condition="Control.HasFocus(9001) + !IsEmpty(Control.GetLabel(9001))">Conditional</animation>
			<animation effect="slide" start="0,0" end="0,300" tween="linear" time="100"  condition="Control.HasFocus(9002)">Conditional</animation>
			<!-- Horizontal Menu Background -->
			<control type="image">
				<posx>0</posx>
				<posy>790</posy>
				<width>1920</width>
				<height>290</height>
				<texture background="true" colordiffuse="$VAR[menu_bg_color]">white.png</texture>
				<animation effect="slide" start="0,290" end="0,0" delay="100" time="500">WindowOpen</animation>
				<animation effect="slide" start="0,0" end="0,290" delay="0" time="300">WindowClose</animation>
				<animation effect="slide" end="0,95" time="0" condition="!Skin.HasSetting(Home_Eminence_Layout)">Conditional</animation>
				<include>menu_bg_fade</include>
			</control>
			<control type="image">
				<left>88</left>
				<posy>780</posy>
				<width>64</width>
				<height>50</height>
				<aspectratio aligny="top">stretch</aspectratio>
				<texture diffuse="main/arrowup.png" fallback="white.png" colordiffuse="$VAR[tile_main_color]">special://skin/extras/colors/$INFO[Container(9000)ListItem.Property(TextColor)].png</texture>
				<visible>Skin.HasSetting(Home_Eminence_Layout) + IntegerGreaterThan(Container(9002).NumItems,0) + Control.HasFocus(9000) + !IsEmpty(Container(9000).ListItem.Property(widgetType))</visible>
				<visible>![Container(9000).OnNext | Container(9000).OnPrevious]</visible>
				<animation effect="fade" start="0" end="100" time="300" delay="400" reversible="false" condition="!Container(9000).OnNext + !Container(9000).OnPrevious">Visible</animation>
				<animation effect="slide" end="188" condition="IntegerGreaterThan(Container(9000).Position,0)">Conditional</animation>
				<animation effect="slide" end="188" condition="IntegerGreaterThan(Container(9000).Position,1)">Conditional</animation>
				<animation effect="slide" end="188" condition="IntegerGreaterThan(Container(9000).Position,2)">Conditional</animation>
				<animation effect="slide" end="188" condition="IntegerGreaterThan(Container(9000).Position,3)">Conditional</animation>
				<animation effect="slide" end="188" condition="IntegerGreaterThan(Container(9000).Position,4)">Conditional</animation>
				<animation effect="slide" end="188" condition="IntegerGreaterThan(Container(9000).Position,5)">Conditional</animation>
				<animation effect="slide" end="188" condition="IntegerGreaterThan(Container(9000).Position,6)">Conditional</animation>
				<animation effect="slide" end="188" condition="IntegerGreaterThan(Container(9000).Position,7)">Conditional</animation>
				<animation effect="slide" end="188" condition="IntegerGreaterThan(Container(9000).Position,8)">Conditional</animation>
				<animation effect="slide" end="188" condition="IntegerGreaterThan(Container(9000).Position,9)">Conditional</animation>
				<animation effect="slide" end="94" condition="!IntegerGreaterThan(Container(9000).NumItems,0)">Conditional</animation>
				<animation effect="slide" end="94" condition="!IntegerGreaterThan(Container(9000).NumItems,1)">Conditional</animation>
				<animation effect="slide" end="94" condition="!IntegerGreaterThan(Container(9000).NumItems,2)">Conditional</animation>
				<animation effect="slide" end="94" condition="!IntegerGreaterThan(Container(9000).NumItems,3)">Conditional</animation>
				<animation effect="slide" end="94" condition="!IntegerGreaterThan(Container(9000).NumItems,4)">Conditional</animation>
				<animation effect="slide" end="94" condition="!IntegerGreaterThan(Container(9000).NumItems,5)">Conditional</animation>
				<animation effect="slide" end="94" condition="!IntegerGreaterThan(Container(9000).NumItems,6)">Conditional</animation>
				<animation effect="slide" end="94" condition="!IntegerGreaterThan(Container(9000).NumItems,7)">Conditional</animation>
				<animation effect="slide" end="94" condition="!IntegerGreaterThan(Container(9000).NumItems,8)">Conditional</animation>
				<animation effect="slide" end="94" condition="!IntegerGreaterThan(Container(9000).NumItems,9)">Conditional</animation>
			</control>
			<control type="Panel" id="9000">
				<orientation>horizontal</orientation>
				<posx>16</posx>
				<posy>815</posy>
				<align>center</align>
				<height>266</height>
				<width>1920</width>
				<onup condition="Player.HasAudio | Player.HasVideo">9003</onup>
				<onup condition="!Player.HasAudio + !Player.HasVideo">9002</onup>
				<ondown>9001</ondown>
				<onleft>9000</onleft>
				<onright>9000</onright>		
				<animation effect="slide" end="0,85" time="0" condition="!Skin.HasSetting(Home_Eminence_Layout)">Conditional</animation>
				<animation effect="slide" end="-94,0" time="0" condition="!Skin.HasSetting(Home_Eminence_Layout) + !IntegerGreaterThan(Container(9000).NumItems,9)">Conditional</animation>
				<animation effect="slide" end="94" condition="!IntegerGreaterThan(Container(9000).NumItems,0)">Conditional</animation>
				<animation effect="slide" end="94" condition="!IntegerGreaterThan(Container(9000).NumItems,1)">Conditional</animation>
				<animation effect="slide" end="94" condition="!IntegerGreaterThan(Container(9000).NumItems,2)">Conditional</animation>
				<animation effect="slide" end="94" condition="!IntegerGreaterThan(Container(9000).NumItems,3)">Conditional</animation>
				<animation effect="slide" end="94" condition="!IntegerGreaterThan(Container(9000).NumItems,4)">Conditional</animation>
				<animation effect="slide" end="94" condition="!IntegerGreaterThan(Container(9000).NumItems,5)">Conditional</animation>
				<animation effect="slide" end="94" condition="!IntegerGreaterThan(Container(9000).NumItems,6)">Conditional</animation>
				<animation effect="slide" end="94" condition="!IntegerGreaterThan(Container(9000).NumItems,7)">Conditional</animation>
				<animation effect="slide" end="94" condition="!IntegerGreaterThan(Container(9000).NumItems,8)">Conditional</animation>
				<animation effect="slide" end="94" condition="!IntegerGreaterThan(Container(9000).NumItems,9)">Conditional</animation>
				<animation effect="slide" start="0,290" end="0,0" delay="100" time="500">WindowOpen</animation>
				<animation effect="slide" start="0,0" end="0,290" delay="0" time="300">WindowClose</animation>
				<scrolltime tween="circle" easing="out">650</scrolltime>
				<itemlayout width="213" height="266" condition="!Skin.HasSetting(Home_Eminence_Layout)">
					<control type="image">
						<posx>56</posx>
						<posy>5</posy>
						<height>100</height>
						<width>100</width>
						<aspectratio scalediffuse="false">keep</aspectratio>
						<texture fallback="special://skin/extras/icons/default.png" colordiffuse="$VAR[menu_icon_color_nf]" background="true">$INFO[ListItem.Thumb]</texture>
					</control>
					<control type="label">
						<posx>0</posx>
						<posy>132</posy>
						<height>20</height>
						<width>213</width>
						<label>[COLOR=$INFO[ListItem.Property(TextColor)]]$INFO[ListItem.Label][/COLOR]</label>
						<align>center</align>
						<aligny>center</aligny>
						<font>menu</font>
						<textcolor>$VAR[menu_icon_color_nf]</textcolor>
					</control>
				</itemlayout>
				<focusedlayout width="213" height="266" condition="!Skin.HasSetting(Home_Eminence_Layout)">

					<control type="image">
						<posx>56</posx>
						<posy>5</posy>
						<height>100</height>
						<width>100</width>
						<aspectratio scalediffuse="false">keep</aspectratio>
						<texture fallback="special://skin/extras/icons/default.png" aligny="center" align="center" background="true">$INFO[ListItem.Thumb]</texture>
					</control>
					<control type="label">
						<posx>0</posx>
						<posy>132</posy>
						<height>20</height>
						<width>213</width>
						<label>[COLOR=$INFO[ListItem.Property(TextColor)]]$INFO[ListItem.Label][/COLOR]</label>
						<!-- <label>[COLOR=$VAR[menu_focus_color]]$INFO[ListItem.Label][/COLOR]</label> -->
						<align>center</align>
						<aligny>center</aligny>
						<font>menu</font>
						<textcolor>$VAR[main_color]</textcolor>
						<animation effect="slide" tween="Quadratic" easing="Out" start="0,0" end="0,-10" time="200">Focus</animation>
					</control>
					<control type="image">
						<centerleft>105</centerleft>
						<top>145</top>
						<width>64</width>
						<height>50</height>
						<aspectratio>stretch</aspectratio>
						<texture diffuse="main/arrowdown.png" fallback="white.png" colordiffuse="$VAR[tile_main_color]">special://skin/extras/colors/$INFO[ListItem.Property(TextColor)].png</texture>
						<visible>IntegerGreaterThan(Container(9001).NumItems,0)</visible>
						<animation effect="fade" start="0" end="100" time="300" delay="400" reversible="false">Focus</animation>
					</control>
					<control type="image">
						<posx>21</posx>
						<top>155</top>
						<width>170</width>
						<height>6</height>
						<texture colordiffuse="$VAR[tile_main_color]" fallback="white.png">special://skin/extras/colors/$INFO[ListItem.Property(TextColor)].png</texture>
						<aspectratio>scale</aspectratio>
					</control>
				</focusedlayout>
				<!-- Eminence Style - credits to JurialMunkey -->
				<itemlayout width="188" height="266" condition="Skin.HasSetting(Home_Eminence_Layout)">
					<control type="image">
						<top>0</top>
						<posy>4</posy>
						<width>196</width>
						<height>170</height>
						<aspectratio scalediffuse="false">scale</aspectratio>
						<texture background="true" diffuse="tile.png" fallback="black.png" aligny="center" align="center">special://skin/extras/colors/$INFO[ListItem.Property(TextColor)].png</texture>	
						<animation effect="fade" start="100" end="65" condition="true">Conditional</animation>						
					</control>
					<control type="image">
						<top>0</top>
						<posy>4</posy>
						<width>196</width>
						<height>170</height>
						<aspectratio scalediffuse="false">scale</aspectratio>
						<texture background="true" diffuse="tile.png">metal.jpg</texture>
						<animation effect="fade" end="30" time="0" condition="true">Conditional</animation>
					</control>
					<control type="image">
						<top>0</top>
						<posy>4</posy>
						<width>196</width>
						<height>170</height>
						<aspectratio scalediffuse="false">center</aspectratio>
						<texture fallback="special://skin/extras/icons/default.png" diffuse="tile.png" aligny="center" align="center" colordiffuse="white" background="true">$INFO[ListItem.Thumb]</texture>
					</control>
					<control type="label">
						<posx>0</posx>
						<posy>168</posy>
						<height>80</height>
						<width>170</width>
						<label>$INFO[ListItem.Label]</label>
						<align>center</align>
						<aligny>center</aligny>
						<font>font-24</font>
						<textcolor>white</textcolor>
					</control>
				</itemlayout>
				<focusedlayout width="188" height="266" condition="Skin.HasSetting(Home_Eminence_Layout)">

					<control type="image">
						<top>0</top>
						<posy>4</posy>
						<width>196</width>
						<height>170</height>
						<aspectratio scalediffuse="false">scale</aspectratio>
						<texture background="true" diffuse="tile.png" colordiffuse="$VAR[tile_main_color]" fallback="white.png" aligny="center" align="center">special://skin/extras/colors/$INFO[ListItem.Property(TextColor)].png</texture>						
					</control>

					<control type="image">
						<top>0</top>
						<posy>4</posy>
						<width>196</width>
						<height>170</height>
						<aspectratio scalediffuse="false">scale</aspectratio>
						<texture background="true" diffuse="tile.png">metal.jpg</texture>			
						<animation effect="fade" end="30" time="0" condition="true">Conditional</animation>
					</control> 
					<control type="image">
						<top>0</top>
						<posy>4</posy>
						<width>196</width>
						<height>170</height>
						<aspectratio scalediffuse="false">center</aspectratio>
						<texture fallback="special://skin/extras/icons/default.png" diffuse="tile.png" aligny="center" align="center" colordiffuse="white" background="true">$INFO[ListItem.Thumb]</texture>
					</control>
					<control type="label">
						<posx>0</posx>
						<posy>168</posy>
						<height>80</height>
						<width>170</width>
						<label>$INFO[ListItem.Label]</label>
						<align>center</align>
						<aligny>center</aligny>
						<font>font-24</font>
						<textcolor>white</textcolor>
						<animation effect="slide" start="0" end="0,-12" time="100" reversible="false">Focus</animation>
					</control>

					<control type="image">
						<centerleft>85</centerleft>
						<bottom>0</bottom>
						<width>64</width>
						<height>50</height>
						<aspectratio>stretch</aspectratio>
						<texture diffuse="main/arrowdown.png" fallback="white.png" colordiffuse="$VAR[tile_main_color]">special://skin/extras/colors/$INFO[ListItem.Property(TextColor)].png</texture>
						<visible>IntegerGreaterThan(Container(9001).NumItems,0)</visible>
						<animation effect="fade" start="0" end="100" time="300" delay="400" reversible="false">Focus</animation>
					</control>
					<control type="image">
						<bottom>40</bottom>
						<width>170</width>
						<height>6</height>
						<texture colordiffuse="$VAR[tile_main_color]" fallback="white.png">special://skin/extras/colors/$INFO[ListItem.Property(TextColor)].png</texture>
						<aspectratio>scale</aspectratio>
					</control>
				</focusedlayout>
				<content>
					<include>skinshortcuts-mainmenu</include>
				</content>
			</control>
		</control>

		<!-- Horizontal Sub Menu -->
		<control type="group">
			<visible>!SubString(Container(9000).ListItem.Property(ParentalControl),yes) | [SubString(Container(9000).ListItem.Property(ParentalControl),yes) + StringCompare(Skin.String(mypassword),Skin.String(passcode))]</visible>
			<control type="image">
				<posx>0</posx>
				<width>1920</width>
				<posy>990</posy>
				<height>90</height>
				<texture background="true" colordiffuse="$VAR[submenu_color]">white.png</texture>
				<animation effect="slide" start="0,90" end="0,0" delay="0" time="100">Visible</animation>
				<animation effect="slide" start="0,0" end="0,90" delay="0" time="100">Hidden</animation>
				<animation effect="slide" start="0,0" end="0,90" delay="0" time="100">WindowClose</animation>
				<include>menu_bg_fade</include>
				<visible>Control.HasFocus(9001) + !IsEmpty(Control.GetLabel(9001))</visible>
			</control>	
			<!-- 			<control type="image">
				<posx>940</posx>
				<width>49</width>
				<posy>988</posy>
				<height>23</height>
				<texture background="true" colordiffuse="$VAR[menu_bg_color]">main/marker.png</texture>
				<animation effect="slide" start="0,90" end="0,0" delay="0" time="300">Visible</animation>
				<animation effect="slide" start="0,0" end="0,90" delay="0" time="300">Hidden</animation>
				<animation effect="slide" start="0,0" end="0,90" delay="0" time="300">WindowClose</animation>
				<animation effect="fade" end="96" time="0" condition="true">Conditional</animation>
				<include>menu_bg_fade</include>
				<visible>Control.HasFocus(9001) + !IsEmpty(Control.GetLabel(9001))</visible>
			</control>	 -->
			<control type="button">
				<posx>0</posx>
				<posy>1078</posy>
				<height>2</height>
				<width>1920</width>
				<texturefocus>-</texturefocus>
				<texturenofocus>-</texturenofocus>
				<onfocus>SetFocus(9001)</onfocus>
				<visible>!Control.HasFocus(9002)</visible>
			</control>
			<control type="List" id="9001">
				<orientation>Horizontal</orientation>
				<posx>0</posx>
				<posy>990</posy>
				<height>90</height>
				<width>1920</width>
				<onup>9000</onup>
				<ondown>9000</ondown>
				<onleft>9001</onleft>
				<onright>9001</onright>
				<align>center</align>
				<focusposition>2</focusposition>
				<defaultcontrol always="true">1</defaultcontrol>
				<visible allowhiddenfocus="True">Control.HasFocus(9001)</visible>
				<animation effect="slide" start="0,0" end="0,90" delay="0" time="100">WindowClose</animation>
				<animation effect="slide" start="0,90" end="0,0" delay="0" time="100">Visible</animation>
				<animation effect="slide" start="0,0" end="0,90" delay="0" time="100">Hidden</animation>
				<scrolltime tween="circle" easing="out">650</scrolltime>
				<itemlayout width="364" height="90" condition="!Skin.HasSetting(Home_Eminence_Layout)">

					<control type="image">
						<posx>310</posx>
						<posy>20</posy>
						<height>48</height>
						<width>48</width>
						<texture background="true" fallback="special://skin/extras/icons/default.png">$INFO[ListItem.Thumb]</texture>
					</control>
					<control type="label">
						<posx>25</posx>
						<posy>35</posy>
						<height>20</height>
						<width>270</width>
						<label>[COLOR=$INFO[ListItem.Property(TextColor)]]$INFO[ListItem.Label][/COLOR]</label>
						<align>right</align>
						<aligny>center</aligny>
						<font>menu</font>
						<textcolor>white</textcolor>
					</control>
				</itemlayout>
				<focusedlayout width="364" height="90" condition="!Skin.HasSetting(Home_Eminence_Layout)">
					<control type="image">
						<posx>0</posx>
						<posy>0</posy>
						<height>90</height>
						<width>364</width>
						<texture colordiffuse="$VAR[main_color]" background="true">white.png</texture>				
					</control>
					<control type="image">
						<posx>310</posx>
						<posy>20</posy>
						<height>48</height>
						<width>48</width>
						<texture fallback="special://skin/extras/icons/default.png" colordiffuse="$VAR[sub_icon_color]" background="true">$INFO[ListItem.Thumb]</texture>				
					</control>
					<control type="label">
						<posx>25</posx>
						<posy>35</posy>
						<height>20</height>
						<width>270</width>
						<label>[COLOR=$INFO[ListItem.Property(TextColor)]]$INFO[ListItem.Label][/COLOR]</label>
						<align>right</align>
						<aligny>center</aligny>
						<font>menu</font>
						<textcolor>white</textcolor>
					</control>
				</focusedlayout>
				<!-- Sub Menu - Eminence Style -->
				<itemlayout width="428" height="90" condition="Skin.HasSetting(Home_Eminence_Layout)">

					<control type="image">
						<posx>0</posx>
						<posy>4</posy>
						<width>478</width>
						<height>90</height>
						<aspectratio scalediffuse="false">scale</aspectratio>
						<texture background="true" diffuse="subtile.png" fallback="black.png" aligny="center" align="center">special://skin/extras/colors/$INFO[ListItem.Property(TextColor)].png</texture>	
						<animation effect="fade" start="100" end="65" condition="true">Conditional</animation>						
					</control>
					<control type="image">
						<posx>0</posx>
						<posy>4</posy>
						<width>478</width>
						<height>90</height>
						<aspectratio scalediffuse="false">scale</aspectratio>
						<texture background="true" diffuse="subtile.png">metal.jpg</texture>			
						<animation effect="fade" end="30" time="0" condition="true">Conditional</animation>
					</control> 
					<control type="image">
						<posx>380</posx>
						<posy>20</posy>
						<height>48</height>
						<width>48</width>
						<texture fallback="special://skin/extras/icons/default.png" background="true">$INFO[ListItem.Thumb]</texture>				
					</control>
					<control type="label">
						<posx>60</posx>
						<posy>35</posy>
						<height>20</height>
						<width>310</width>
						<label>[COLOR=$INFO[ListItem.Property(TextColor)]]$INFO[ListItem.Label][/COLOR]</label>
						<align>right</align>
						<aligny>center</aligny>
						<font>menu</font>
						<textcolor>white</textcolor>
					</control>
				</itemlayout>
				<focusedlayout width="428" height="90" condition="Skin.HasSetting(Home_Eminence_Layout)">
					<control type="image">
						<posx>0</posx>
						<posy>4</posy>
						<width>478</width>
						<height>90</height>
						<aspectratio scalediffuse="false">scale</aspectratio>
						<texture background="true" diffuse="subtile.png" colordiffuse="$VAR[tile_sub_color]" fallback="white.png" aligny="center" align="center">special://skin/extras/colors/$INFO[ListItem.Property(TextColor)].png</texture>	

					</control>
					<control type="image">
						<posx>0</posx>
						<posy>4</posy>
						<width>478</width>
						<height>90</height>
						<aspectratio scalediffuse="false">scale</aspectratio>
						<texture background="true" diffuse="subtile.png">metal.jpg</texture>			
						<animation effect="fade" end="30" time="0" condition="true">Conditional</animation>
					</control> 
					<control type="image">
						<posx>380</posx>
						<posy>20</posy>
						<height>48</height>
						<width>48</width>
						<texture fallback="special://skin/extras/icons/default.png" background="true">$INFO[ListItem.Thumb]</texture>				
					</control>
					<control type="label">
						<posx>60</posx>
						<posy>35</posy>
						<height>20</height>
						<width>310</width>
						<label>[COLOR=$INFO[ListItem.Property(TextColor)]]$INFO[ListItem.Label][/COLOR]</label>
						<align>right</align>
						<aligny>center</aligny>
						<font>menu</font>
						<textcolor>white</textcolor>
					</control>
				</focusedlayout>


				<content><include>skinshortcuts-submenu</include></content>
			</control>
		</control>
		<!-- End of Horizontal Sub Menu -->

		<control type="label">
			<posx>700</posx>
			<width>1170</width>
			<height>202</height>
			<textcolor>FF0000FF</textcolor>
			<shadowcolor>FF000000</shadowcolor>
			<font>font13</font>
			<align>left</align>
			<label>Parent: $INFO[Container(9000).ListItem.Property(ParentalControl)] [CR] mypassword: $INFO[Skin.String(mypassword)] passcode: $INFO[Skin.String(passcode)] [CR]Property(Background):[CR] $INFO[Container(9000).ListItem.Property(Background)] [CR] special://skin/backgrounds/weather/$INFO[Window(Weather).Property(Current.FanartCode)]/weather-$INFO[Window(Weather).Property(Current.FanartCode)].jpg [CR] widgetType: $INFO[Container(9000).ListItem.Property(widgetType)] [CR]widgetTarget: $INFO[Container(9000).ListItem.Property(widgetTarget)] [CR]Path: $INFO[Container(9000).ListItem.Property(widgetPath)] [CR]Widget: $INFO[Container(9000).ListItem.Property(Widget)] [CR]Type: $INFO[Container(9000).ListItem.Property(widgetType)]</label>
			<visible>False</visible>
		</control>

		<!-- Widget List - Horizontal Layout -->
		<control type="group">

			<include condition="Skin.HasSetting(PinWidgets)">widget_horizontal_pin</include>
			<include condition="!Skin.HasSetting(PinWidgets)">widget_horizontal_nopin</include>
			<visible>!IsEmpty(Container(9000).ListItem.Property(widgetPath)) | StringCompare(Container(9000).ListItem.Property(widget),submenuaswidget)</visible>
			<visible>!SubString(Container(9000).ListItem.Property(ParentalControl),yes) | [SubString(Container(9000).ListItem.Property(ParentalControl),yes) + StringCompare(Skin.String(mypassword),Skin.String(passcode))]</visible>

			<animation effect="slide" start="1920" end="0" delay="500" time="500">WindowOpen</animation>


			<control type="image">
				<posx>-100</posx>
				<posy>0</posy>
				<width>2000</width>
				<height>340</height>    
				<texture colordiffuse="darkgrey" border="50">half-tile.png</texture>
				<animation effect="fade" start="100" end="80" condition="true">Conditional</animation>
				<animation effect="fade" start="100" end="0" time="100" condition="Container(9002).IsUpdating">Conditional</animation>
			</control>

			<control type="wraplist" id="9002">
				<include>widget_content_horizontal</include>
				<visible>!StringCompare(Container(9000).ListItem.Property(widget),submenuaswidget)</visible>
				<content target="video">$INFO[Container(9000).ListItem.Property(widgetPath)]</content>
			</control>	
			<control type="wraplist" id="9002">
				<include>widget_content_horizontal</include>
				<visible>StringCompare(Container(9000).ListItem.Property(widget),submenuaswidget)</visible>
				<content><include>skinshortcuts-submenu</include></content>
				<!-- <scrolltime tween="back" easing="Out">500</scrolltime> -->
			</control>

			<!-- Right Part of wiget -->
			<!-- Widget Tag Name -->
			<control type="image">
				<posx>1518</posx>
				<posy>-49</posy>
				<width>478</width>
				<height>50</height>
				<aspectratio scalediffuse="false">scale</aspectratio>
				<texture background="true" diffuse="subtile.png" colordiffuse="grey_50" aligny="center" align="center">white.png</texture>	
				<animation effect="slide" start="700" end="0" time="300" condition="!Container(9002).IsUpdating">Conditional</animation>					
			</control>
			<control type="label">
				<posx>1910</posx>
				<posy>-49</posy>
				<width>350</width>
				<height>50</height>
				<label>$INFO[Container(9000).ListItem.Property(widgetName)]</label>
				<align>right</align>
				<font>font-22</font>
				<textcolor>grey_b</textcolor>
				<scroll>true</scroll>
				<animation effect="slide" start="700" end="0" time="300" condition="!Container(9002).IsUpdating">Conditional</animation>		
			</control>
			<control type="image">
				<posy>0</posy>
				<posx>1170</posx>
				<width>810</width>
				<height>340</height>
				<texture align="right" border="150" colordiffuse="grey_50">half-tile.png</texture>		
				<animation effect="slide" start="700" end="0" time="300" condition="!Container(9002).IsUpdating">Conditional</animation>
				<animation effect="slide" start="0" end="300" time="300" condition="IsEmpty(Container(9002).ListItem.Plot) + IsEmpty(Container(9002).ListItem.Property(Addon.Description)) + IsEmpty(Container(9002).ListItem.Property(Album_Description))">Conditional</animation>
			</control>
			<!-- Left Part of Widget -->
			<control type="image">
				<posy>0</posy>
				<posx>-830</posx>
				<width>900</width>
				<height>340</height>
				<texture align="right" border="150" colordiffuse="grey_50">half-tile.png</texture>
				<animation effect="slide" start="30" end="0" time="300" condition="!Container(9002).IsUpdating">Conditional</animation>
			</control>
			<control type="image">
				<description>Busy animation</description>
				<posy>30</posy>
				<posx>10</posx>
				<width>64</width>
				<height>64</height>
				<texture fallback="special://skin/extras/busy/8.gif" colordiffuse="orange_1">$INFO[Skin.String(busy)]</texture>
				<animation effect="fade" start="0" end="100" time="200" delay="500" condition="Container(9002).IsUpdating">Conditional</animation>
				<visible>Container(9002).IsUpdating</visible>			
			</control>
			<include>widget_details_horizontal</include>
		</control>
	</include>
	
	<!-- Widget Content for Horizontal layout -->
	<include name="widget_content_horizontal">
		<orientation>Horizontal</orientation>
		<posx>-140</posx>
		<posy>5</posy>
		<height>330</height>
		<width>1700</width>
		<onup>9000</onup>
		<ondown>9000</ondown>
		<onleft>9002</onleft>
		<onright>9002</onright>
		<focusposition>5</focusposition>
		<autoscroll time="6000">!Control.HasFocus(9002) + StringCompare(Container(9000).ListItem.Property(Background),widgetbackground)</autoscroll>		
		<animation effect="fade" start="100" end="0" time="0" condition="Container(9002).IsUpdating">Conditional</animation>
		<animation effect="slide" start="650" end="0" time="300" condition="!Container(9002).IsUpdating">Conditional</animation>
		<scrolltime tween="back" easing="Out">500</scrolltime>
		<itemlayout  width="215" height="330">

			<control type="image">
				<!-- <posx>0</posx>
				<posy>0</posy>
				  <width>168</width>
				<height>250</height>
				<aspectratio aligny="top" align="left">keep</aspectratio>
				<texture background="true" fallback="defaultmovies.png">$INFO[Listitem.thumb]</texture> -->
				<centerleft>50%</centerleft>
				<bottom>0</bottom>
				<top>0</top>
				<width>200</width>
				<aspectratio>keep</aspectratio>
				<texture fallback="defaultmovies.png">$INFO[Listitem.thumb]</texture>
				<visible>!StringCompare(Container(9000).ListItem.Property(widgetType),tvshows)</visible>
			</control>
			<control type="image">
				<centerleft>50%</centerleft>
				<bottom>0</bottom>
				<top>0</top>
				<width>200</width>
				<aspectratio>keep</aspectratio>
				<texture background="true" fallback="defaultmovies.png">$INFO[Listitem.art(tvshow.poster)]</texture>
				<visible>StringCompare(Container(9000).ListItem.Property(widgetType),tvshows)</visible>
			</control>
		</itemlayout>
		<focusedlayout width="215" height="330">
			<control type="image">
				<centerleft>50%</centerleft>
				<width>220</width>
				<bottom>0</bottom>
				<top>0</top>
				<bordertexture colordiffuse="$VAR[main_color]">white.png</bordertexture>
				<bordersize>10</bordersize>
				<aspectratio>keep</aspectratio>
				<texture background="true" fallback="defaultmovies.png">$INFO[Listitem.thumb]</texture>
				<visible>!StringCompare(Container(9000).ListItem.Property(widgetType),tvshows)</visible>
			</control>
			<control type="image">
				<centerleft>50%</centerleft>
				<width>220</width>
				<bottom>0</bottom>
				<top>0</top>
				<bordertexture colordiffuse="$VAR[main_color]">white.png</bordertexture>
				<bordersize>10</bordersize>
				<aspectratio>keep</aspectratio>
				<texture background="true" fallback="defaultmovies.png">$INFO[Listitem.art(tvshow.poster)]</texture>
				<visible>StringCompare(Container(9000).ListItem.Property(widgetType),tvshows)</visible>
			</control>
		</focusedlayout>
	</include>
	<include name="widget_details_horizontal">
		<control type="group">
			<posx>1220</posx>
			<animation effect="fade" start="100" end="0" time="0" condition="Container(9002).IsUpdating">Conditional</animation>
			<animation effect="slide" start="300" end="0" time="300" delay="0" condition="!Container(9002).IsUpdating">Conditional</animation>
			<control type="label">
				<posx>0</posx>
				<posy>15</posy>
				<height>40</height>
				<width>700</width>
				<label>[B]$VAR[widget_line1_horizontal][/B]</label>
				<align>center</align>
				<font>font-25</font>
				<textcolor>$VAR[main_color]</textcolor>
				<scroll>true</scroll>
				<visible>!IsEmpty(Container(9002).ListItem.Plot) | !IsEmpty(Container(9002).ListItem.Property(Addon.Description)) | !IsEmpty(Container(9002).ListItem.Property(Album_Description))</visible>
			</control>

			<control type="textbox">
				<posx>300</posx>
				<posy>15</posy>
				<height>180</height>
				<width>390</width>
				<label>[B]$VAR[widget_line1_horizontal][/B]</label>
				<align>center</align>
				<font>font-25</font>
				<textcolor>$VAR[main_color]</textcolor>
				<visible>IsEmpty(Container(9002).ListItem.Plot) + IsEmpty(Container(9002).ListItem.Property(Addon.Description)) + IsEmpty(Container(9002).ListItem.Property(Album_Description))</visible>
			</control>
			<control type="textbox">
				<posx>0</posx>
				<posy>60</posy>
				<height>180</height>
				<width>690</width>
				<align>center</align>
				<font>font-20</font>
				<textcolor>grey_b</textcolor>
				<label>$INFO[Container(9002).ListItem.Plot]$INFO[Container(9002).ListItem.Property(Addon.Description)]$INFO[Container(9002).ListItem.Property(Album_Description)]</label>
				<autoscroll time="2000" delay="7000" repeat="5000">!Skin.HasSetting(AutoScroll)</autoscroll>
			</control>
			<control type="label">
				<posx>0</posx>
				<posy>240</posy>
				<height>30</height>
				<width>700</width>
				<align>center</align>
				<font>font-22</font>
				<textcolor>grey_b</textcolor>
				<label>$VAR[widget_line3_horizontal]</label>
				<!-- <label>[B]$INFO[Container(9002).ListItem.Genre][/B]</label> -->
				<animation effect="slide" start="0" end="100" time="200" condition="IsEmpty(Container(9002).ListItem.Plot) + IsEmpty(Container(9002).ListItem.Property(Addon.Description)) + IsEmpty(Container(9002).ListItem.Property(Album_Description))">Conditional</animation>
			</control>
			<control type="label">
				<posx>0</posx>
				<posy>280</posy>
				<height>40</height>
				<width>700</width>
				<align>center</align>
				<font>font-22</font>
				<textcolor>grey_b</textcolor>
				<label>[B]$VAR[widget_line4_horizontal][/B]</label>
				<animation effect="slide" start="0" end="100" time="200" condition="IsEmpty(Container(9002).ListItem.Plot) + IsEmpty(Container(9002).ListItem.Property(Addon.Description)) + IsEmpty(Container(9002).ListItem.Property(Album_Description))">Conditional</animation>
			</control>
		</control>

	</include>

	<!--END OF Horizontal-Menu --> 


</includes>
