<?xml version="1.0" encoding="UTF-8"?>
<includes>
	<variable name="widget_line1">
		<value condition="StringCompare(Container(9000).ListItem.Property(widgetType),movies)">$INFO[ListItem.Label]</value>
		<value condition="StringCompare(Container(9000).ListItem.Property(widgetType),tvshows)">$INFO[ListItem.TVshowTitle]</value>
		<value condition="StringCompare(Container(9000).ListItem.Property(widgetType),episodes)">$INFO[ListItem.TVshowTitle]</value>
		<value condition="StringCompare(Container(9000).ListItem.Property(widgetType),music)">$INFO[ListItem.Label]</value>
		<value condition="StringCompare(Container(9000).ListItem.Property(widgetType),addon)">$INFO[ListItem.Label]</value>
		<value condition="StringCompare(Container(9000).ListItem.Property(widgetType),pvr)">$INFO[ListItem.Property(ChannelName)]</value>
		<value>$INFO[ListItem.Label]</value>
	</variable>
	<variable name="widget_line1_horizontal">
		<value condition="StringCompare(Container(9000).ListItem.Property(widgetType),movies)">$INFO[Container(9002).ListItem.Label]</value>
		<value condition="StringCompare(Container(9000).ListItem.Property(widgetType),tvshows)">$INFO[Container(9002).ListItem.TVshowTitle]</value>
		<value condition="StringCompare(Container(9000).ListItem.Property(widgetType),episodes)">$INFO[Container(9002).ListItem.TVshowTitle]</value>
		<value condition="StringCompare(Container(9000).ListItem.Property(widgetType),music)">$INFO[Container(9002).ListItem.Label]</value>
		<value condition="StringCompare(Container(9000).ListItem.Property(widgetType),addon)">$INFO[Container(9002).ListItem.Label]</value>
		<value condition="StringCompare(Container(9000).ListItem.Property(widgetType),pvr)">$INFO[Container(9002).ListItem.Property(ChannelName)]</value>
		<value>$INFO[Container(9002).ListItem.Label]</value>
	</variable>
	<variable name="widget_line2">
		<value condition="StringCompare(Container(9000).ListItem.Property(widgetType),movies)">$INFO[ListItem.Year]</value>
		<value condition="StringCompare(Container(9000).ListItem.Property(widgetType),tvshows)">$INFO[ListItem.Label]</value>
		<value condition="StringCompare(Container(9000).ListItem.Property(widgetType),episodes)">$INFO[ListItem.Label]</value>
		<value condition="StringCompare(Container(9000).ListItem.Property(widgetType),music)">$INFO[ListItem.Year]</value>
		<value condition="StringCompare(Container(9000).ListItem.Property(widgetType),addon)">$INFO[ListItem.Property(Addon.Version)]</value>
		<value condition="StringCompare(Container(9000).ListItem.Property(widgetType),pvr)">$INFO[ListItem.Label]</value>
		<value></value>
	</variable>
	<variable name="widget_line2_horizontal">
		<value condition="StringCompare(Container(9000).ListItem.Property(widgetType),movies)">$INFO[Container(9002).ListItem.Year]</value>
		<value condition="StringCompare(Container(9000).ListItem.Property(widgetType),tvshows)">$INFO[Container(9002).ListItem.Label]</value>
		<value condition="StringCompare(Container(9000).ListItem.Property(widgetType),episodes)">$INFO[Container(9002).ListItem.Label]</value>
		<value condition="StringCompare(Container(9000).ListItem.Property(widgetType),music)">$INFO[Container(9002).ListItem.Year]</value>
		<value condition="StringCompare(Container(9000).ListItem.Property(widgetType),addon)">$INFO[Container(9002).ListItem.Property(Addon.Version)]</value>
		<value condition="StringCompare(Container(9000).ListItem.Property(widgetType),pvr)">$INFO[Container(9002).ListItem.Label]</value>
		<value></value>
	</variable>
	<variable name="widget_line3">
		<value condition="StringCompare(Container(9000).ListItem.Property(widgetType),movies)">$INFO[ListItem.Genre]</value>
		<value condition="StringCompare(Container(9000).ListItem.Property(widgetType),tvshows)">[B]$INFO[ListItem.Season,$LOCALIZE[20373] ] $INFO[ListItem.Episode,$LOCALIZE[20359] ][/B]</value>
		<value condition="StringCompare(Container(9000).ListItem.Property(widgetType),episodes)">[B]$INFO[ListItem.Season,$LOCALIZE[20373] ] $INFO[ListItem.Episode,$LOCALIZE[20359] ][/B]</value>
		<value condition="StringCompare(Container(9000).ListItem.Property(widgetType),music)">$INFO[ListItem.Artist]</value>
		<value condition="StringCompare(Container(9000).ListItem.Property(widgetType),addon)">$INFO[ListItem.Property(Addon.Creator)]</value>
		<value condition="StringCompare(Container(9000).ListItem.Property(widgetType),pvr)">$INFO[ListItem.Property(StartTime)]</value>
		<value></value>
	</variable>
	<variable name="widget_line3_horizontal">
		<value condition="StringCompare(Container(9000).ListItem.Property(widgetType),movies)">$INFO[Container(9002).ListItem.Genre]</value>
		<value condition="StringCompare(Container(9000).ListItem.Property(widgetType),tvshows)">[B]$INFO[Container(9002).ListItem.Season,$LOCALIZE[20373] ] $INFO[Container(9002).ListItem.Episode,$LOCALIZE[20359] ][/B]</value>
		<value condition="StringCompare(Container(9000).ListItem.Property(widgetType),episodes)">[B]$INFO[Container(9002).ListItem.Season,$LOCALIZE[20373] ] $INFO[Container(9002).ListItem.Episode,$LOCALIZE[20359] ][/B]</value>
		<value condition="StringCompare(Container(9000).ListItem.Property(widgetType),music)">$INFO[Container(9002).ListItem.Artist]</value>
		<value condition="StringCompare(Container(9000).ListItem.Property(widgetType),addon)">$INFO[Container(9002).ListItem.Property(Addon.Creator)]</value>
		<value condition="StringCompare(Container(9000).ListItem.Property(widgetType),pvr)">$INFO[Container(9002).ListItem.Property(StartTime)]</value>
		<value></value>
	</variable>
	<variable name="widget_line4">
		<value condition="StringCompare(Container(9000).ListItem.Property(widgetType),movies)">$INFO[ListItem.Rating] $INFO[ListItem.Duration,, $LOCALIZE[12391]]</value>
		<value condition="StringCompare(Container(9000).ListItem.Property(widgetType),tvshows)">$INFO[ListItem.Duration,, $LOCALIZE[12391] • ]$INFO[ListItem.Premiered]</value>
		<value condition="StringCompare(Container(9000).ListItem.Property(widgetType),episodes)">$INFO[ListItem.Duration,, $LOCALIZE[12391] • ]$INFO[ListItem.Premiered]</value>
		<value condition="StringCompare(Container(9000).ListItem.Property(widgetType),music)"></value>
		<value condition="StringCompare(Container(9000).ListItem.Property(widgetType),addon)"></value>
		<value condition="StringCompare(Container(9000).ListItem.Property(widgetType),pvr)"></value>
		<value></value>
	</variable>
	<variable name="widget_line4_horizontal">
		<value condition="StringCompare(Container(9000).ListItem.Property(widgetType),movies)">$INFO[Container(9002).ListItem.Year,, • ]$INFO[Container(9002).ListItem.Rating,, • ]$INFO[Container(9002).ListItem.Duration,, $LOCALIZE[12391]]</value>
		<value condition="StringCompare(Container(9000).ListItem.Property(widgetType),tvshows)">$INFO[Container(9002).ListItem.Year,, • ]$INFO[Container(9002).ListItem.Rating,, • ]$INFO[Container(9002).ListItem.Duration,, $LOCALIZE[12391] • ]$INFO[Container(9002).ListItem.Premiered]</value>
		<value condition="StringCompare(Container(9000).ListItem.Property(widgetType),episodes)">$INFO[Container(9002).ListItem.Year,, • ]$INFO[Container(9002).ListItem.Rating,, • ]$INFO[Container(9002).ListItem.Duration,, $LOCALIZE[12391] • ]$INFO[Container(9002).ListItem.Premiered]</value>
		<value condition="StringCompare(Container(9000).ListItem.Property(widgetType),music)"></value>
		<value condition="StringCompare(Container(9000).ListItem.Property(widgetType),addon)">$INFO[Container(9002).ListItem.Property(Addon.Version)]</value>
		<value condition="StringCompare(Container(9000).ListItem.Property(widgetType),pvr)"></value>
		<value></value>
	</variable>

	<variable name="varBackground">
		<value condition="[SubString(Container(9000).ListItem.Property(ParentalControl),yes) + !StringCompare(Skin.String(mypassword),Skin.String(passcode))]">$VAR[password_fanart]</value>
		<value condition="[Control.HasFocus(9002) | StringCompare(Container(9000).ListItem.Property(Background),widgetbackground)] + !IsEmpty(Container(9002).ListItem.Art(tvshow.fanart))">$INFO[Container(9002).Listitem.Art(tvshow.fanart)]</value>
		<value condition="[Control.HasFocus(9002) | StringCompare(Container(9000).ListItem.Property(Background),widgetbackground)] + !IsEmpty(Container(9002).ListItem.Art(fanart))">$INFO[Container(9002).Listitem.Art(fanart)]</value>
		<value condition="SubString(Container(9000).ListItem.Property(Background),wall,left)">black.png</value>
		<value condition="StringCompare(Container(9000).ListItem.Property(Background),weather) + !IsEmpty(Window(Weather).Property(Current.FanartCode))">special://skin/backgrounds/weather/$INFO[Window(Weather).Property(Current.FanartCode)]/weather-$INFO[Window(Weather).Property(Current.FanartCode)].jpg</value>
		<value condition="IsEmpty(Container(9000).ListItem.Property(Background))">special://skin/backgrounds/videos.jpg</value>		
		<value>$INFO[Container(9000).ListItem.Property(Background)]</value>
	</variable>
	<variable name="varBackground2">
		<value condition="StringCompare(Container(9001).ListItem.Property(Background),weather) + !IsEmpty(Window(Weather).Property(Current.FanartCode))">special://skin/backgrounds/weather/$INFO[Window(Weather).Property(Current.FanartCode)]/weather-$INFO[Window(Weather).Property(Current.FanartCode)].jpg</value>
		<value condition="StringCompare(Container(9001).ListItem.Property(Background),widgetbackground) + !IsEmpty(Container(9002).ListItem.Art(tvshow.fanart))">$INFO[Container(9002).Listitem.Art(tvshow.fanart)]</value>
		<value condition="StringCompare(Container(9001).ListItem.Property(Background),widgetbackground) + !IsEmpty(Container(9002).ListItem.Art(fanart))">$INFO[Container(9002).Listitem.Art(fanart)]</value>
		<value condition="!IsEmpty(Container(9001).ListItem.Property(Background))">$INFO[Container(9001).ListItem.Property(Background)]</value>		
		<value condition="SubString(Container(9001).ListItem.Property(Background),wall,left)">black.png</value>
		<value condition="StringCompare(Container(9000).ListItem.Property(Background),weather) + !IsEmpty(Window(Weather).Property(Current.FanartCode))">special://skin/backgrounds/weather/$INFO[Window(Weather).Property(Current.FanartCode)]/weather-$INFO[Window(Weather).Property(Current.FanartCode)].jpg</value>
		<value condition="StringCompare(Container(9000).ListItem.Property(Background),widgetbackground) + !IsEmpty(Container(9002).ListItem.Art(tvshow.fanart))">$INFO[Container(9002).Listitem.Art(tvshow.fanart)]</value>
		<value condition="StringCompare(Container(9000).ListItem.Property(Background),widgetbackground) + !IsEmpty(Container(9002).ListItem.Art(fanart))">$INFO[Container(9002).Listitem.Art(fanart)]</value>
		<value condition="IsEmpty(Container(9000).ListItem.Property(Background))">special://skin/backgrounds/videos.jpg</value> 
		<value>$INFO[Container(9000).ListItem.Property(Background)]</value>
	</variable>
	<variable name="varBackground_dialog">
		<value condition="[SubString(Container(211).ListItem.Property(ParentalControl),yes) + !StringCompare(Skin.String(mypassword),Skin.String(passcode))]">$VAR[password_fanart]</value>
		<value condition="SubString(Container(211).ListItem.Property(Background),wall,left)">hex_bg.png</value>
		<value condition="StringCompare(Container(211).ListItem.Property(Background),weather) + !IsEmpty(Window(Weather).Property(Current.FanartCode))">special://skin/backgrounds/weather/$INFO[Window(Weather).Property(Current.FanartCode)]/weather-$INFO[Window(Weather).Property(Current.FanartCode)].jpg</value>
		<value condition="IsEmpty(Container(211).ListItem.Property(Background))">special://skin/backgrounds/videos.jpg</value> 
		<value>$INFO[Container(211).ListItem.Property(Background)]</value>
	</variable>
	<!--END OF Super-Menu --> 

	<include name="hex_fanart">
		<control type="group">
			<visible>!Player.HasVideo + !Player.HasAudio + !Control.HasFocus(9002) + SubString(Container(9000).ListItem.Property(Background),wall,left)</visible>
			<animation effect="fade" start="0" end="100" time="300">Visible</animation>
			<control type="multiimage">		
				<!-- 1\1 -->		
				<posx>-13</posx>		
				<posy>-114</posy>		
				<include>hex_size</include>			
				<imagepath fallback="special://skin/backgrounds" diffuse="hex.png">$VAR[hex_bg1]</imagepath>		
			</control>
			<control type="multiimage">		
				<!-- 1\2 -->		
				<posx>495</posx>		
				<posy>-114</posy>		
				<include>hex_size</include>				
				<imagepath fallback="special://skin/backgrounds" diffuse="hex.png">$VAR[hex_bg2]</imagepath>		
			</control>		
			<control type="multiimage">		
				<!-- 1\3 -->		
				<posx>999</posx>		
				<posy>-114</posy>		
				<include>hex_size</include>			
				<imagepath fallback="special://skin/backgrounds" diffuse="hex.png">$VAR[hex_bg3]</imagepath>		
			</control>		
			<control type="multiimage">		
				<!-- 1\4 -->		
				<posx>1503</posx>		
				<posy>-114</posy>		
				<include>hex_size</include>			
				<imagepath fallback="special://skin/backgrounds" diffuse="hex.png">$VAR[hex_bg4]</imagepath>		
			</control>		

			<control type="multiimage">		
				<!-- 2\1 -->				
				<posx>-265</posx>		
				<posy>317</posy>		
				<include>hex_size</include>				
				<imagepath fallback="special://skin/backgrounds" diffuse="hex.png">$VAR[hex_bg5]</imagepath>		
			</control>
			<control type="multiimage">		
				<!-- 2\2 -->				
				<posx>242</posx>		
				<posy>317</posy>		
				<include>hex_size</include>				
				<imagepath fallback="special://skin/backgrounds" diffuse="hex.png">$VAR[hex_bg6]</imagepath>		
			</control>		
			<control type="multiimage">		
				<!-- 2\3 -->				
				<posx>1253</posx>		
				<posy>317</posy>		
				<include>hex_size</include>				
				<imagepath fallback="special://skin/backgrounds" diffuse="hex.png">$VAR[hex_bg7]</imagepath>		
			</control>		
			<control type="multiimage">		
				<!-- 2\4 -->				
				<posx>1754</posx>		
				<posy>317</posy>		
				<include>hex_size</include>				
				<imagepath fallback="special://skin/backgrounds" diffuse="hex.png">$VAR[hex_bg8]</imagepath>		
			</control>

			<control type="multiimage">		
				<!-- 3\1 -->		
				<posx>-13</posx>		
				<posy>749</posy>		
				<include>hex_size</include>			
				<imagepath fallback="special://skin/backgrounds" diffuse="hex.png">$VAR[hex_bg9]</imagepath>		
			</control>		

			<control type="multiimage">		
				<!-- 3\2 -->		
				<posx>495</posx>		
				<posy>749</posy>		
				<include>hex_size</include>			
				<imagepath fallback="special://skin/backgrounds" diffuse="hex.png">$VAR[hex_bg10]</imagepath>		
			</control>		
			<control type="multiimage">		
				<!-- 3\3 -->		
				<posx>999</posx>		
				<posy>749</posy>		
				<include>hex_size</include>			
				<imagepath fallback="special://skin/backgrounds" diffuse="hex.png">$VAR[hex_bg11]</imagepath>		
			</control>		
			<control type="multiimage">		
				<!-- 3\4 -->		
				<posx>1503</posx>		
				<posy>749</posy>		
				<include>hex_size</include>			
				<imagepath fallback="special://skin/backgrounds" diffuse="hex.png">$VAR[hex_bg12]</imagepath>		
			</control>	

			<control type="image">		
				<posx>0</posx>		
				<posy>0</posy>		
				<width>1920</width>		
				<height>1080</height>		
				<texture>hex_bg.png</texture>		
			</control>
			<control type="image">		
				<posx>860</posx>		
				<posy>400</posy>		
				<width>200</width>		
				<height>200</height>		
				<texture>$INFO[Container(9000).ListItem.Icon]</texture>		
			</control>
			<control type="label">
				<posx>0</posx>
				<posy>580</posy>
				<width>1920</width>
				<align>center</align>
				<aligny>top</aligny>
				<font>sans-85</font>
				<label>$INFO[Container(9000).ListItem.Label]</label>
			</control>
		</control>
	</include>

	<include name="hex_size">		
		<width>424</width>		
		<height>473</height>		
		<timeperimage>9000</timeperimage>		
		<fadetime>800</fadetime>		
		<pauseatend>1000</pauseatend>		
		<randomize>true</randomize>		
		<aspectratio scalediffuse="false" align="center">scale</aspectratio>
	</include>
	<!-- <variable name="hex_label">
		<value condition="StringCompare(Container(9000).ListItem.Property(Background),wallmovies)">$INFO[Container(9000).ListItem.Label]</value>
		<value condition="StringCompare(Container(9000).ListItem.Property(Background),walltvshows)">TV Shows</value>
		<value condition="StringCompare(Container(9000).ListItem.Property(Background),wallmusic)">Music</value>
		<value condition="StringCompare(Container(9000).ListItem.Property(Background),wallmusicvideos)">Live Shows</value>
		<value condition="StringCompare(Container(9000).ListItem.Property(Background),wallcustom1)">$INFO[Window(Home).Property(playlist.0.label)]</value>	 
	</variable>
	<variable name="hex_icon">
		<value condition="StringCompare(Container(9000).ListItem.Property(Background),wallmovies)">special://skin/extras/icons/hex_movies.png</value>
		<value condition="StringCompare(Container(9000).ListItem.Property(Background),walltvshows)">special://skin/extras/icons/hex_tvshows.png</value>
		<value condition="StringCompare(Container(9000).ListItem.Property(Background),wallmusic)">special://skin/extras/icons/hex_tvshows.png</value>
		<value condition="StringCompare(Container(9000).ListItem.Property(Background),wallmusicvideos)">special://skin/extras/icons/musicvideos.png</value>
		<value condition="StringCompare(Container(9000).ListItem.Property(Background),wallcustom1)">special://skin/extras/icons/hex_kids.png</value>	
	</variable> -->

	<variable name="hex_bg1">
		<value condition="StringCompare(Container(9000).ListItem.Property(Background),wallmovies)">$INFO[Window(Home).Property(SkinHelper.AllMoviesBackground.Wall.0)]</value>
		<value condition="StringCompare(Container(9000).ListItem.Property(Background),walltvshows)">$INFO[Window(Home).Property(SkinHelper.AllTvShowsBackground.Wall.0)]</value>
		<value condition="StringCompare(Container(9000).ListItem.Property(Background),wallmusic)">$INFO[Window(Home).Property(SkinHelper.AllMusicBackground.Wall.0)]</value>
		<value condition="StringCompare(Container(9000).ListItem.Property(Background),wallmusicvideos)">$INFO[Window(Home).Property(SkinHelper.AllMusicVideosBackground.Wall.0)]</value>
		<value condition="StringCompare(Container(9000).ListItem.Property(Background),wallpictures)">$INFO[Window(Home).Property(SkinHelper.PicturesBackground.Wall.0)]</value>
		<value condition="StringCompare(Container(9000).ListItem.Property(Background),wallcustom1)">$INFO[Window(Home).Property(playlist.0.image.Wall.0)]</value>
		<value condition="StringCompare(Container(9000).ListItem.Property(Background),wallcustom2)">$INFO[Window(Home).Property(playlist.1.image.Wall.0)]</value>
		<value condition="StringCompare(Container(9000).ListItem.Property(Background),wallcustom3)">$INFO[Window(Home).Property(playlist.2.image.Wall.0)]</value>
		<value condition="StringCompare(Container(9000).ListItem.Property(Background),wallcustom4)">$INFO[Window(Home).Property(playlist.3.image.Wall.0)]</value>
		<value condition="StringCompare(Container(9000).ListItem.Property(Background),wallcustom5)">$INFO[Window(Home).Property(playlist.4.image.Wall.0)]</value>
		<value condition="StringCompare(Container(9000).ListItem.Property(Background),wallcustom6)">$INFO[Window(Home).Property(playlist.5.image.Wall.0)]</value>
		<value condition="StringCompare(Container(9000).ListItem.Property(Background),wallcustom7)">$INFO[Window(Home).Property(playlist.6.image.Wall.0)]</value>
		<value condition="StringCompare(Container(9000).ListItem.Property(Background),wallcustom8)">$INFO[Window(Home).Property(playlist.7.image.Wall.0)]</value>
	</variable>
	<variable name="hex_bg2">
		<value condition="StringCompare(Container(9000).ListItem.Property(Background),wallmovies)">$INFO[Window(Home).Property(SkinHelper.AllMoviesBackground.Wall.1)]</value>
		<value condition="StringCompare(Container(9000).ListItem.Property(Background),walltvshows)">$INFO[Window(Home).Property(SkinHelper.AllTvShowsBackground.Wall.1)]</value>
		<value condition="StringCompare(Container(9000).ListItem.Property(Background),wallmusic)">$INFO[Window(Home).Property(SkinHelper.AllMusicBackground.Wall.1)]</value>
		<value condition="StringCompare(Container(9000).ListItem.Property(Background),wallmusicvideos)">$INFO[Window(Home).Property(SkinHelper.AllMusicVideosBackground.Wall.1)]</value>
		<value condition="StringCompare(Container(9000).ListItem.Property(Background),wallpictures)">$INFO[Window(Home).Property(SkinHelper.PicturesBackground.Wall.1)]</value>
		<value condition="StringCompare(Container(9000).ListItem.Property(Background),wallcustom1)">$INFO[Window(Home).Property(playlist.0.image.Wall.1)]</value>
		<value condition="StringCompare(Container(9000).ListItem.Property(Background),wallcustom2)">$INFO[Window(Home).Property(playlist.1.image.Wall.1)]</value>
		<value condition="StringCompare(Container(9000).ListItem.Property(Background),wallcustom3)">$INFO[Window(Home).Property(playlist.2.image.Wall.1)]</value>
		<value condition="StringCompare(Container(9000).ListItem.Property(Background),wallcustom4)">$INFO[Window(Home).Property(playlist.3.image.Wall.1)]</value>
		<value condition="StringCompare(Container(9000).ListItem.Property(Background),wallcustom5)">$INFO[Window(Home).Property(playlist.4.image.Wall.1)]</value>
		<value condition="StringCompare(Container(9000).ListItem.Property(Background),wallcustom6)">$INFO[Window(Home).Property(playlist.5.image.Wall.1)]</value>
		<value condition="StringCompare(Container(9000).ListItem.Property(Background),wallcustom7)">$INFO[Window(Home).Property(playlist.6.image.Wall.1)]</value>
		<value condition="StringCompare(Container(9000).ListItem.Property(Background),wallcustom8)">$INFO[Window(Home).Property(playlist.7.image.Wall.1)]</value>
	</variable>
	<variable name="hex_bg3">
		<value condition="StringCompare(Container(9000).ListItem.Property(Background),wallmovies)">$INFO[Window(Home).Property(SkinHelper.AllMoviesBackground.Wall.2)]</value>
		<value condition="StringCompare(Container(9000).ListItem.Property(Background),walltvshows)">$INFO[Window(Home).Property(SkinHelper.AllTvShowsBackground.Wall.2)]</value>
		<value condition="StringCompare(Container(9000).ListItem.Property(Background),wallmusic)">$INFO[Window(Home).Property(SkinHelper.AllMusicBackground.Wall.2)]</value>
		<value condition="StringCompare(Container(9000).ListItem.Property(Background),wallmusicvideos)">$INFO[Window(Home).Property(SkinHelper.AllMusicVideosBackground.Wall.2)]</value>
		<value condition="StringCompare(Container(9000).ListItem.Property(Background),wallpictures)">$INFO[Window(Home).Property(SkinHelper.PicturesBackground.Wall.2)]</value>
		<value condition="StringCompare(Container(9000).ListItem.Property(Background),wallcustom1)">$INFO[Window(Home).Property(playlist.0.image.Wall.2)]</value>
		<value condition="StringCompare(Container(9000).ListItem.Property(Background),wallcustom2)">$INFO[Window(Home).Property(playlist.1.image.Wall.2)]</value>
		<value condition="StringCompare(Container(9000).ListItem.Property(Background),wallcustom3)">$INFO[Window(Home).Property(playlist.2.image.Wall.2)]</value>
		<value condition="StringCompare(Container(9000).ListItem.Property(Background),wallcustom4)">$INFO[Window(Home).Property(playlist.3.image.Wall.2)]</value>
		<value condition="StringCompare(Container(9000).ListItem.Property(Background),wallcustom5)">$INFO[Window(Home).Property(playlist.4.image.Wall.2)]</value>
		<value condition="StringCompare(Container(9000).ListItem.Property(Background),wallcustom6)">$INFO[Window(Home).Property(playlist.5.image.Wall.2)]</value>
		<value condition="StringCompare(Container(9000).ListItem.Property(Background),wallcustom7)">$INFO[Window(Home).Property(playlist.6.image.Wall.2)]</value>
		<value condition="StringCompare(Container(9000).ListItem.Property(Background),wallcustom8)">$INFO[Window(Home).Property(playlist.7.image.Wall.2)]</value>
	</variable>
	<variable name="hex_bg4">
		<value condition="StringCompare(Container(9000).ListItem.Property(Background),wallmovies)">$INFO[Window(Home).Property(SkinHelper.AllMoviesBackground.Wall.3)]</value>
		<value condition="StringCompare(Container(9000).ListItem.Property(Background),walltvshows)">$INFO[Window(Home).Property(SkinHelper.AllTvShowsBackground.Wall.3)]</value>
		<value condition="StringCompare(Container(9000).ListItem.Property(Background),wallmusic)">$INFO[Window(Home).Property(SkinHelper.AllMusicBackground.Wall.3)]</value>
		<value condition="StringCompare(Container(9000).ListItem.Property(Background),wallmusicvideos)">$INFO[Window(Home).Property(SkinHelper.AllMusicVideosBackground.Wall.3)]</value>
		<value condition="StringCompare(Container(9000).ListItem.Property(Background),wallpictures)">$INFO[Window(Home).Property(SkinHelper.PicturesBackground.Wall.3)]</value>
		<value condition="StringCompare(Container(9000).ListItem.Property(Background),wallcustom1)">$INFO[Window(Home).Property(playlist.0.image.Wall.3)]</value>
		<value condition="StringCompare(Container(9000).ListItem.Property(Background),wallcustom2)">$INFO[Window(Home).Property(playlist.1.image.Wall.3)]</value>
		<value condition="StringCompare(Container(9000).ListItem.Property(Background),wallcustom3)">$INFO[Window(Home).Property(playlist.2.image.Wall.3)]</value>
		<value condition="StringCompare(Container(9000).ListItem.Property(Background),wallcustom4)">$INFO[Window(Home).Property(playlist.3.image.Wall.3)]</value>
		<value condition="StringCompare(Container(9000).ListItem.Property(Background),wallcustom5)">$INFO[Window(Home).Property(playlist.4.image.Wall.3)]</value>
		<value condition="StringCompare(Container(9000).ListItem.Property(Background),wallcustom6)">$INFO[Window(Home).Property(playlist.5.image.Wall.3)]</value>
		<value condition="StringCompare(Container(9000).ListItem.Property(Background),wallcustom7)">$INFO[Window(Home).Property(playlist.6.image.Wall.3)]</value>
		<value condition="StringCompare(Container(9000).ListItem.Property(Background),wallcustom8)">$INFO[Window(Home).Property(playlist.7.image.Wall.3)]</value>
	</variable>
	<variable name="hex_bg5">
		<value condition="StringCompare(Container(9000).ListItem.Property(Background),wallmovies)">$INFO[Window(Home).Property(SkinHelper.AllMoviesBackground.Wall.4)]</value>
		<value condition="StringCompare(Container(9000).ListItem.Property(Background),walltvshows)">$INFO[Window(Home).Property(SkinHelper.AllTvShowsBackground.Wall.4)]</value>
		<value condition="StringCompare(Container(9000).ListItem.Property(Background),wallmusic)">$INFO[Window(Home).Property(SkinHelper.AllMusicBackground.Wall.4)]</value>
		<value condition="StringCompare(Container(9000).ListItem.Property(Background),wallmusicvideos)">$INFO[Window(Home).Property(SkinHelper.AllMusicVideosBackground.Wall.4)]</value>
		<value condition="StringCompare(Container(9000).ListItem.Property(Background),wallpictures)">$INFO[Window(Home).Property(SkinHelper.PicturesBackground.Wall.4)]</value>
		<value condition="StringCompare(Container(9000).ListItem.Property(Background),wallcustom1)">$INFO[Window(Home).Property(playlist.0.image.Wall.4)]</value>
		<value condition="StringCompare(Container(9000).ListItem.Property(Background),wallcustom2)">$INFO[Window(Home).Property(playlist.1.image.Wall.4)]</value>
		<value condition="StringCompare(Container(9000).ListItem.Property(Background),wallcustom3)">$INFO[Window(Home).Property(playlist.2.image.Wall.4)]</value>
		<value condition="StringCompare(Container(9000).ListItem.Property(Background),wallcustom4)">$INFO[Window(Home).Property(playlist.3.image.Wall.4)]</value>
		<value condition="StringCompare(Container(9000).ListItem.Property(Background),wallcustom5)">$INFO[Window(Home).Property(playlist.4.image.Wall.4)]</value>
		<value condition="StringCompare(Container(9000).ListItem.Property(Background),wallcustom6)">$INFO[Window(Home).Property(playlist.5.image.Wall.4)]</value>
		<value condition="StringCompare(Container(9000).ListItem.Property(Background),wallcustom7)">$INFO[Window(Home).Property(playlist.6.image.Wall.4)]</value>
		<value condition="StringCompare(Container(9000).ListItem.Property(Background),wallcustom8)">$INFO[Window(Home).Property(playlist.7.image.Wall.4)]</value>
	</variable>
	<variable name="hex_bg6">
		<value condition="StringCompare(Container(9000).ListItem.Property(Background),wallmovies)">$INFO[Window(Home).Property(SkinHelper.AllMoviesBackground.Wall.5)]</value>
		<value condition="StringCompare(Container(9000).ListItem.Property(Background),walltvshows)">$INFO[Window(Home).Property(SkinHelper.AllTvShowsBackground.Wall.5)]</value>
		<value condition="StringCompare(Container(9000).ListItem.Property(Background),wallmusic)">$INFO[Window(Home).Property(SkinHelper.AllMusicBackground.Wall.5)]</value>
		<value condition="StringCompare(Container(9000).ListItem.Property(Background),wallmusicvideos)">$INFO[Window(Home).Property(SkinHelper.AllMusicVideosBackground.Wall.5)]</value>
		<value condition="StringCompare(Container(9000).ListItem.Property(Background),wallpictures)">$INFO[Window(Home).Property(SkinHelper.PicturesBackground.Wall.5)]</value>
		<value condition="StringCompare(Container(9000).ListItem.Property(Background),wallcustom1)">$INFO[Window(Home).Property(playlist.0.image.Wall.5)]</value>
		<value condition="StringCompare(Container(9000).ListItem.Property(Background),wallcustom2)">$INFO[Window(Home).Property(playlist.1.image.Wall.5)]</value>
		<value condition="StringCompare(Container(9000).ListItem.Property(Background),wallcustom3)">$INFO[Window(Home).Property(playlist.2.image.Wall.5)]</value>
		<value condition="StringCompare(Container(9000).ListItem.Property(Background),wallcustom4)">$INFO[Window(Home).Property(playlist.3.image.Wall.5)]</value>
		<value condition="StringCompare(Container(9000).ListItem.Property(Background),wallcustom5)">$INFO[Window(Home).Property(playlist.4.image.Wall.5)]</value>
		<value condition="StringCompare(Container(9000).ListItem.Property(Background),wallcustom6)">$INFO[Window(Home).Property(playlist.5.image.Wall.5)]</value>
		<value condition="StringCompare(Container(9000).ListItem.Property(Background),wallcustom7)">$INFO[Window(Home).Property(playlist.6.image.Wall.5)]</value>
		<value condition="StringCompare(Container(9000).ListItem.Property(Background),wallcustom8)">$INFO[Window(Home).Property(playlist.7.image.Wall.5)]</value>
	</variable>
	<variable name="hex_bg7">
		<value condition="StringCompare(Container(9000).ListItem.Property(Background),wallmovies)">$INFO[Window(Home).Property(SkinHelper.AllMoviesBackground.Wall.6)]</value>
		<value condition="StringCompare(Container(9000).ListItem.Property(Background),walltvshows)">$INFO[Window(Home).Property(SkinHelper.AllTvShowsBackground.Wall.6)]</value>
		<value condition="StringCompare(Container(9000).ListItem.Property(Background),wallmusic)">$INFO[Window(Home).Property(SkinHelper.AllMusicBackground.Wall.6)]</value>
		<value condition="StringCompare(Container(9000).ListItem.Property(Background),wallmusicvideos)">$INFO[Window(Home).Property(SkinHelper.AllMusicVideosBackground.Wall.6)]</value>
		<value condition="StringCompare(Container(9000).ListItem.Property(Background),wallpictures)">$INFO[Window(Home).Property(SkinHelper.PicturesBackground.Wall.6)]</value>
		<value condition="StringCompare(Container(9000).ListItem.Property(Background),wallcustom1)">$INFO[Window(Home).Property(playlist.0.image.Wall.6)]</value>
		<value condition="StringCompare(Container(9000).ListItem.Property(Background),wallcustom2)">$INFO[Window(Home).Property(playlist.1.image.Wall.6)]</value>
		<value condition="StringCompare(Container(9000).ListItem.Property(Background),wallcustom3)">$INFO[Window(Home).Property(playlist.2.image.Wall.6)]</value>
		<value condition="StringCompare(Container(9000).ListItem.Property(Background),wallcustom4)">$INFO[Window(Home).Property(playlist.3.image.Wall.6)]</value>
		<value condition="StringCompare(Container(9000).ListItem.Property(Background),wallcustom5)">$INFO[Window(Home).Property(playlist.4.image.Wall.6)]</value>
		<value condition="StringCompare(Container(9000).ListItem.Property(Background),wallcustom6)">$INFO[Window(Home).Property(playlist.5.image.Wall.6)]</value>
		<value condition="StringCompare(Container(9000).ListItem.Property(Background),wallcustom7)">$INFO[Window(Home).Property(playlist.6.image.Wall.6)]</value>
		<value condition="StringCompare(Container(9000).ListItem.Property(Background),wallcustom8)">$INFO[Window(Home).Property(playlist.7.image.Wall.6)]</value>
	</variable>
	<variable name="hex_bg8">
		<value condition="StringCompare(Container(9000).ListItem.Property(Background),wallmovies)">$INFO[Window(Home).Property(SkinHelper.AllMoviesBackground.Wall.7)]</value>
		<value condition="StringCompare(Container(9000).ListItem.Property(Background),walltvshows)">$INFO[Window(Home).Property(SkinHelper.AllTvShowsBackground.Wall.7)]</value>
		<value condition="StringCompare(Container(9000).ListItem.Property(Background),wallmusic)">$INFO[Window(Home).Property(SkinHelper.AllMusicBackground.Wall.7)]</value>
		<value condition="StringCompare(Container(9000).ListItem.Property(Background),wallmusicvideos)">$INFO[Window(Home).Property(SkinHelper.AllMusicVideosBackground.Wall.7)]</value>
		<value condition="StringCompare(Container(9000).ListItem.Property(Background),wallpictures)">$INFO[Window(Home).Property(SkinHelper.PicturesBackground.Wall.7)]</value>
		<value condition="StringCompare(Container(9000).ListItem.Property(Background),wallcustom1)">$INFO[Window(Home).Property(playlist.0.image.Wall.7)]</value>
		<value condition="StringCompare(Container(9000).ListItem.Property(Background),wallcustom2)">$INFO[Window(Home).Property(playlist.1.image.Wall.7)]</value>
		<value condition="StringCompare(Container(9000).ListItem.Property(Background),wallcustom3)">$INFO[Window(Home).Property(playlist.2.image.Wall.7)]</value>
		<value condition="StringCompare(Container(9000).ListItem.Property(Background),wallcustom4)">$INFO[Window(Home).Property(playlist.3.image.Wall.7)]</value>
		<value condition="StringCompare(Container(9000).ListItem.Property(Background),wallcustom5)">$INFO[Window(Home).Property(playlist.4.image.Wall.7)]</value>
		<value condition="StringCompare(Container(9000).ListItem.Property(Background),wallcustom6)">$INFO[Window(Home).Property(playlist.5.image.Wall.7)]</value>
		<value condition="StringCompare(Container(9000).ListItem.Property(Background),wallcustom7)">$INFO[Window(Home).Property(playlist.6.image.Wall.7)]</value>
		<value condition="StringCompare(Container(9000).ListItem.Property(Background),wallcustom8)">$INFO[Window(Home).Property(playlist.7.image.Wall.7)]</value>
	</variable>
	<variable name="hex_bg9">
		<value condition="StringCompare(Container(9000).ListItem.Property(Background),wallmovies)">$INFO[Window(Home).Property(SkinHelper.AllMoviesBackground.Wall.8)]</value>
		<value condition="StringCompare(Container(9000).ListItem.Property(Background),walltvshows)">$INFO[Window(Home).Property(SkinHelper.AllTvShowsBackground.Wall.8)]</value>
		<value condition="StringCompare(Container(9000).ListItem.Property(Background),wallmusic)">$INFO[Window(Home).Property(SkinHelper.AllMusicBackground.Wall.8)]</value>
		<value condition="StringCompare(Container(9000).ListItem.Property(Background),wallmusicvideos)">$INFO[Window(Home).Property(SkinHelper.AllMusicVideosBackground.Wall.8)]</value>
		<value condition="StringCompare(Container(9000).ListItem.Property(Background),wallpictures)">$INFO[Window(Home).Property(SkinHelper.PicturesBackground.Wall.8)]</value>
		<value condition="StringCompare(Container(9000).ListItem.Property(Background),wallcustom1)">$INFO[Window(Home).Property(playlist.0.image.Wall.8)]</value>
		<value condition="StringCompare(Container(9000).ListItem.Property(Background),wallcustom2)">$INFO[Window(Home).Property(playlist.1.image.Wall.8)]</value>
		<value condition="StringCompare(Container(9000).ListItem.Property(Background),wallcustom3)">$INFO[Window(Home).Property(playlist.2.image.Wall.8)]</value>
		<value condition="StringCompare(Container(9000).ListItem.Property(Background),wallcustom4)">$INFO[Window(Home).Property(playlist.3.image.Wall.8)]</value>
		<value condition="StringCompare(Container(9000).ListItem.Property(Background),wallcustom5)">$INFO[Window(Home).Property(playlist.4.image.Wall.8)]</value>
		<value condition="StringCompare(Container(9000).ListItem.Property(Background),wallcustom6)">$INFO[Window(Home).Property(playlist.5.image.Wall.8)]</value>
		<value condition="StringCompare(Container(9000).ListItem.Property(Background),wallcustom7)">$INFO[Window(Home).Property(playlist.6.image.Wall.8)]</value>
		<value condition="StringCompare(Container(9000).ListItem.Property(Background),wallcustom8)">$INFO[Window(Home).Property(playlist.7.image.Wall.8)]</value>
	</variable>
	<variable name="hex_bg10">
		<value condition="StringCompare(Container(9000).ListItem.Property(Background),wallmovies)">$INFO[Window(Home).Property(SkinHelper.AllMoviesBackground.Wall.9)]</value>
		<value condition="StringCompare(Container(9000).ListItem.Property(Background),walltvshows)">$INFO[Window(Home).Property(SkinHelper.AllTvShowsBackground.Wall.9)]</value>
		<value condition="StringCompare(Container(9000).ListItem.Property(Background),wallmusic)">$INFO[Window(Home).Property(SkinHelper.AllMusicBackground.Wall.9)]</value>
		<value condition="StringCompare(Container(9000).ListItem.Property(Background),wallmusicvideos)">$INFO[Window(Home).Property(SkinHelper.AllMusicVideosBackground.Wall.9)]</value>
		<value condition="StringCompare(Container(9000).ListItem.Property(Background),wallpictures)">$INFO[Window(Home).Property(SkinHelper.PicturesBackground.Wall.9)]</value>
		<value condition="StringCompare(Container(9000).ListItem.Property(Background),wallcustom1)">$INFO[Window(Home).Property(playlist.0.image.Wall.9)]</value>
		<value condition="StringCompare(Container(9000).ListItem.Property(Background),wallcustom2)">$INFO[Window(Home).Property(playlist.1.image.Wall.9)]</value>
		<value condition="StringCompare(Container(9000).ListItem.Property(Background),wallcustom3)">$INFO[Window(Home).Property(playlist.2.image.Wall.9)]</value>
		<value condition="StringCompare(Container(9000).ListItem.Property(Background),wallcustom4)">$INFO[Window(Home).Property(playlist.3.image.Wall.9)]</value>
		<value condition="StringCompare(Container(9000).ListItem.Property(Background),wallcustom5)">$INFO[Window(Home).Property(playlist.4.image.Wall.9)]</value>
		<value condition="StringCompare(Container(9000).ListItem.Property(Background),wallcustom6)">$INFO[Window(Home).Property(playlist.5.image.Wall.9)]</value>
		<value condition="StringCompare(Container(9000).ListItem.Property(Background),wallcustom7)">$INFO[Window(Home).Property(playlist.6.image.Wall.9)]</value>
		<value condition="StringCompare(Container(9000).ListItem.Property(Background),wallcustom8)">$INFO[Window(Home).Property(playlist.7.image.Wall.9)]</value>
	</variable>
	<variable name="hex_bg11">
		<value condition="StringCompare(Container(9000).ListItem.Property(Background),wallmovies)">$INFO[Window(Home).Property(SkinHelper.AllMoviesBackground.Wall.10)]</value>
		<value condition="StringCompare(Container(9000).ListItem.Property(Background),walltvshows)">$INFO[Window(Home).Property(SkinHelper.AllTvShowsBackground.Wall.10)]</value>
		<value condition="StringCompare(Container(9000).ListItem.Property(Background),wallmusic)">$INFO[Window(Home).Property(SkinHelper.AllMusicBackground.Wall.10)]</value>
		<value condition="StringCompare(Container(9000).ListItem.Property(Background),wallmusicvideos)">$INFO[Window(Home).Property(SkinHelper.AllMusicVideosBackground.Wall.10)]</value>
		<value condition="StringCompare(Container(9000).ListItem.Property(Background),wallpictures)">$INFO[Window(Home).Property(SkinHelper.PicturesBackground.Wall.10)]</value>
		<value condition="StringCompare(Container(9000).ListItem.Property(Background),wallcustom1)">$INFO[Window(Home).Property(playlist.0.image.Wall.10)]</value>	
		<value condition="StringCompare(Container(9000).ListItem.Property(Background),wallcustom2)">$INFO[Window(Home).Property(playlist.1.image.Wall.10)]</value>
		<value condition="StringCompare(Container(9000).ListItem.Property(Background),wallcustom3)">$INFO[Window(Home).Property(playlist.2.image.Wall.10)]</value>
		<value condition="StringCompare(Container(9000).ListItem.Property(Background),wallcustom4)">$INFO[Window(Home).Property(playlist.3.image.Wall.10)]</value>
		<value condition="StringCompare(Container(9000).ListItem.Property(Background),wallcustom5)">$INFO[Window(Home).Property(playlist.4.image.Wall.10)]</value>
		<value condition="StringCompare(Container(9000).ListItem.Property(Background),wallcustom6)">$INFO[Window(Home).Property(playlist.5.image.Wall.10)]</value>
		<value condition="StringCompare(Container(9000).ListItem.Property(Background),wallcustom7)">$INFO[Window(Home).Property(playlist.6.image.Wall.10)]</value>
		<value condition="StringCompare(Container(9000).ListItem.Property(Background),wallcustom8)">$INFO[Window(Home).Property(playlist.7.image.Wall.10)]</value>		
	</variable>
	<variable name="hex_bg12">
		<value condition="StringCompare(Container(9000).ListItem.Property(Background),wallmovies)">$INFO[Window(Home).Property(SkinHelper.AllMoviesBackground.Wall.11)]</value>
		<value condition="StringCompare(Container(9000).ListItem.Property(Background),walltvshows)">$INFO[Window(Home).Property(SkinHelper.AllTvShowsBackground.Wall.11)]</value>
		<value condition="StringCompare(Container(9000).ListItem.Property(Background),wallmusic)">$INFO[Window(Home).Property(SkinHelper.AllMusicBackground.Wall.11)]</value>
		<value condition="StringCompare(Container(9000).ListItem.Property(Background),wallmusicvideos)">$INFO[Window(Home).Property(SkinHelper.AllMusicVideosBackground.Wall.11)]</value>
		<value condition="StringCompare(Container(9000).ListItem.Property(Background),wallpictures)">$INFO[Window(Home).Property(SkinHelper.PicturesBackground.Wall.11)]</value>
		<value condition="StringCompare(Container(9000).ListItem.Property(Background),wallcustom1)">$INFO[Window(Home).Property(playlist.0.image.Wall.11)]</value>
		<value condition="StringCompare(Container(9000).ListItem.Property(Background),wallcustom2)">$INFO[Window(Home).Property(playlist.1.image.Wall.11)]</value>
		<value condition="StringCompare(Container(9000).ListItem.Property(Background),wallcustom3)">$INFO[Window(Home).Property(playlist.2.image.Wall.11)]</value>
		<value condition="StringCompare(Container(9000).ListItem.Property(Background),wallcustom4)">$INFO[Window(Home).Property(playlist.3.image.Wall.11)]</value>
		<value condition="StringCompare(Container(9000).ListItem.Property(Background),wallcustom5)">$INFO[Window(Home).Property(playlist.4.image.Wall.11)]</value>
		<value condition="StringCompare(Container(9000).ListItem.Property(Background),wallcustom6)">$INFO[Window(Home).Property(playlist.5.image.Wall.11)]</value>
		<value condition="StringCompare(Container(9000).ListItem.Property(Background),wallcustom7)">$INFO[Window(Home).Property(playlist.6.image.Wall.11)]</value>
		<value condition="StringCompare(Container(9000).ListItem.Property(Background),wallcustom8)">$INFO[Window(Home).Property(playlist.7.image.Wall.11)]</value>
	</variable>
	
	
	<variable name="wall_movieslabel"><value>$LOCALIZE[31029] - $LOCALIZE[20342]</value></variable>
	<variable name="wall_tvshowslabel"><value>$LOCALIZE[31029] - $LOCALIZE[20343]</value></variable>
	<variable name="wall_musiclabel"><value>$LOCALIZE[31029] - $LOCALIZE[10005]</value></variable>
	<variable name="wall_musicvideoslabel"><value>$LOCALIZE[31029] - $LOCALIZE[20389]</value></variable>
	<variable name="wall_livetvlabel"><value>$LOCALIZE[31029] - $LOCALIZE[19023]</value></variable>
	<variable name="wall_pictureslabel"><value>$LOCALIZE[31029] - $LOCALIZE[1]</value></variable>
	<variable name="wall_label1"><value>$LOCALIZE[31029] - $INFO[Window(home).Property(playlist.0.label)]</value></variable>
	<variable name="wall_label2"><value>$LOCALIZE[31029] - $INFO[Window(home).Property(playlist.1.label)]</value></variable>
	<variable name="wall_label3"><value>$LOCALIZE[31029] - $INFO[Window(home).Property(playlist.2.label)]</value></variable>
	<variable name="wall_label4"><value>$LOCALIZE[31029] - $INFO[Window(home).Property(playlist.3.label)]</value></variable>
	<variable name="wall_label5"><value>$LOCALIZE[31029] - $INFO[Window(home).Property(playlist.4.label)]</value></variable>
	<variable name="wall_label6"><value>$LOCALIZE[31029] - $INFO[Window(home).Property(playlist.5.label)]</value></variable>
	<variable name="wall_label7"><value>$LOCALIZE[31029] - $INFO[Window(home).Property(playlist.6.label)]</value></variable>
	<variable name="wall_label8"><value>$LOCALIZE[31029] - $INFO[Window(home).Property(playlist.7.label)]</value></variable>
	
	
	<include name="WeatherInfo">
		<control type="group">
			<posx>0</posx>
			<posy>717</posy>
			<visible>Container(5040).HasFocus(10) + ![Player.HasVideo + !Skin.HasSetting(homepageVideoinfo)] + ![Player.HasAudio + !Skin.HasSetting(homepageMusicinfo)] + IsEmpty(Window(Weather).Property(Daily.IsFetched))</visible>
			<include>HomeInfoAnimation</include>
			<animation effect="slide" end="0,-102" time="0" condition="Skin.HasSetting(HorizontalHomeMenu)">Conditional</animation>
			<control type="image">
				<description>gradient</description>
				<posx>0</posx>
				<posy>0</posy>
				<width>630</width>
				<height>45</height>
				<texture border="2">gradient2.png</texture>
			</control>
			<control type="image">
				<description>gradient</description>
				<posx>0</posx>
				<posy>40</posy>
				<width>630</width>
				<height>266</height>
				<texture border="3">gradient2.png</texture>
			</control>
			<include condition="Skin.HasSetting(Animate_Home_Weather_Icon)">Home_Weather_Icon</include>
			<include condition="!Skin.HasSetting(Animate_Home_Weather_Icon)">Home_Animated_Weather_Icon</include>
			<control type="label">
				<description>Weather label</description>
				<posx>180</posx>
				<posy>4</posy>
				<height>30</height>
				<width>300</width>
				<label>[B]$LOCALIZE[12600][/B]</label>
				<align>center</align>
				<aligny>center</aligny>
				<font>font-30</font>
				<textcolor>blue</textcolor>
				<shadowcolor>black</shadowcolor>
			</control>
			<control type="label">
				<description>location label</description>
				<posx>225</posx>
				<posy>90</posy>
				<height>45</height>
				<width>1155</width>
				<label>$INFO[Window(Weather).Property(Location)]</label>
				<align>left</align>
				<aligny>center</aligny>
				<font>font-23</font>
				<shadowcolor>black</shadowcolor>
			</control>
			<control type="label">
				<description>Conditions Label</description>
				<posx>225</posx>
				<posy>128</posy>
				<height>45</height>
				<width>1155</width>
				<label>$INFO[Window(Weather).Property(Current.Condition)]</label>
				<align>left</align>
				<aligny>center</aligny>
				<font>font-23</font>
				<shadowcolor>black</shadowcolor>
			</control>
			<control type="label">
				<description>Temp Label</description>
				<posx>225</posx>
				<posy>165</posy>
				<height>45</height>
				<width>1155</width>
				<label>$INFO[Weather.Temperature]</label>
				<align>left</align>
				<aligny>center</aligny>
				<font>font-23</font>
				<shadowcolor>black</shadowcolor>
			</control>
		</control>
	</include>
	<include name="Home_Animated_Weather_Icon">
		<control type="multiimage">
			<description>Weather image</description>
			<posx>0</posx>
			<posy>52</posy>
			<width>204</width>
			<height>204</height>
			<imagepath>weather/$INFO[Window(Weather).Property(Current.FanartCode)]</imagepath>
			<timeperimage>100</timeperimage>
			<randomize>false</randomize>
			<fadetime>0</fadetime>
		</control>
	</include>
	<include name="Home_Weather_Icon">
		<control type="image">
			<description>Weather image</description>
			<posx>0</posx>
			<posy>10</posy>
			<width>204</width>
			<height>204</height>
			<texture>$INFO[Window(Weather).Property(Current.ConditionIcon)]</texture>
		</control>
	</include>
	<include name="VideoInfo"> 
		<control type="group">
			<posx>0</posx>
			<posy>0</posy>
			<animation effect="slide" end="245" tween="circle" easing="out" delay="0" time="700" condition="ControlGroup(9100).HasFocus">Conditional</animation>
			<animation effect="zoom" start="60" end="100" center="0,22" time="800" tween="back" easing="out">WindowOpen</animation>
			<animation effect="zoom" start="100" end="60" center="0,22" time="800" tween="back" easing="in">WindowClose</animation>
			<visible>Player.HasVideo + [!Window.Next(fullscreenvideo) | !Window.Next(busydialog)]</visible>
			<control type="image">
				<posx>45</posx>
				<posy>30</posy>
				<width>500</width>
				<height>160</height>
				<texture background="true" border="60,34,10,10">baloon.png</texture>
			</control>

			<control type="image">
				<description>Thumb image for Episodes</description>
				<posx>555</posx>
				<posy>58</posy>
				<height>128</height>
				<aspectratio align="left">keep</aspectratio>
				<texture >$INFO[Player.Art(thumb)]</texture>
				<bordertexture colordiffuse="grey">white.png</bordertexture>
				<bordersize>2</bordersize>
				<visible>VideoPlayer.Content(Episodes)</visible>
			</control>
			<control type="image">
				<description>Poster</description>
				<posx>555</posx>
				<posy>56</posy>
				<width>140</width>
				<height>134</height>
				<aspectratio align="left">keep</aspectratio>
				<bordertexture colordiffuse="FFe8e8e8">white.png</bordertexture>
				<bordersize>3</bordersize>
				<texture>$INFO[Player.Art(thumb)]</texture>
				<visible>!VideoPlayer.Content(Episodes)</visible>
			</control>

			<control type="grouplist" id="9003">
				<posx>432</posx>
				<posy>143</posy>
				<width>300</width>
				<orientation>horizontal</orientation>
				<itemgap>2</itemgap>
				<onup condition="Window.IsActive(home)">9000</onup>
				<onup condition="!Window.IsActive(home)">50</onup>
				<ondown condition="Window.IsActive(home)">9000</ondown>
				<ondown condition="!Window.IsActive(home)">50</ondown>
				<onleft condition="Window.IsActive(home)">9000</onleft>
				<onleft condition="!Window.IsActive(home)">9100</onleft>
				<onright condition="Window.IsActive(home)">9000</onright>
				<onright condition="!Window.IsActive(home)">50</onright>
				<control type="togglebutton" id="9004">
					<description>Play\Pause image</description>
					<width>32</width>
					<height>32</height>
					<label>-</label>
					<font>-</font>
					<texturefocus colordiffuse="$VAR[main_color]">pause.png</texturefocus>
					<texturenofocus colordiffuse="darkgrey">pause.png</texturenofocus>
					<alttexturefocus colordiffuse="$VAR[main_color]">play.png</alttexturefocus>
					<alttexturenofocus colordiffuse="darkgrey">play.png</alttexturenofocus>
					<usealttexture>Player.Paused | Player.Forwarding | Player.Rewinding</usealttexture>
					<onclick>PlayerControl(Play)</onclick>
				</control>
				<control type="button"  id="9005">
					<description>FullScreen - Expand image</description>
					<width>32</width>
					<height>32</height>
					<onclick>PlayerControl(Stop)</onclick>
					<texturefocus colordiffuse="$VAR[main_color]">stop.png</texturefocus>
					<texturenofocus colordiffuse="darkgrey">stop.png</texturenofocus>
				</control>

				<control type="button"  id="9006">
					<description>FullScreen - Expand image</description>
					<width>28</width>
					<height>28</height>
					<onclick>FullScreen</onclick>
					<texturefocus colordiffuse="$VAR[main_color]">expand.png</texturefocus>
					<texturenofocus colordiffuse="darkgrey">expand.png</texturenofocus>
				</control>
			</control> 
			<control type="label">
				<description>Now Playing label</description>

				<posx>540</posx>
				<posy>10</posy>
				<width>380</width>
				<height>45</height>
				<label>$VAR[Now_playing_status]</label>
				<align>right</align>
				<aligny>center</aligny>
				<font>font-25</font>
				<textcolor>white</textcolor>
			</control>
			<control type="label">
				<description>Title label</description>
				<posx>530</posx>
				<posy>60</posy>
				<width>460</width>
				<height>45</height>
				<label>$INFO[VideoPlayer.Title]</label>
				<align>right</align>
				<aligny>center</aligny>
				<font>font-25</font>
				<scroll>true</scroll>
				<textcolor>darkgrey</textcolor>
			</control>
			<control type="label">
				<description>label2</description>
				<posx>530</posx>
				<posy>100</posy>
				<width>460</width>
				<height>45</height>
				<label>$VAR[OSDLabel3]</label>
				<align>right</align>
				<aligny>center</aligny>
				<font>font-20</font>
				<scroll>true</scroll>
				<textcolor>darkgrey</textcolor>
			</control>

			<control type="group">
				<width>468</width>
				<height>22</height>
				<posx>60</posx>
				<posy>145</posy>
				<control type="label">
					<posx>0</posx>
					<posy>5</posy>
					<description>Time Label</description>
					<height>18</height>
					<width>468</width>
					<align>left</align>
					<label>$INFO[VideoPlayer.Time][COLOR=grey_b][B] / [/B][/COLOR]$INFO[Player.Duration]</label>
					<font>font-12</font>
					<textcolor>grey_a</textcolor>
				</control>
				<control type="progress">
					<description>Progressbar</description>
					<posx>0</posx>
					<posy>23</posy>
					<width>468</width>
					<height>22</height>
					<info>Player.Progress</info>
				</control>
				<control type="slider" id="888">
					<description>Slider</description>
					<posx>0</posx>
					<posy>23</posy>
					<width>468</width>
					<height>22</height>
					<action>seek</action>
				</control>
			</control>

		</control>
	</include>
	<include name="MusicInfo">
		<control type="group">
			<posx>0</posx>
			<posy>0</posy>
			<animation effect="slide" end="245" tween="circle" easing="out" delay="0" time="700" condition="ControlGroup(9100).HasFocus">Conditional</animation>
			<animation effect="fade" start="0" end="100" time="0" delay="2000" condition="True">Conditional</animation>
			<animation effect="zoom" start="60" end="100" center="0,22" time="800" tween="back" easing="out">WindowOpen</animation>
			<animation effect="zoom" start="100" end="60" center="0,22" time="800" tween="back" easing="in">WindowClose</animation>
			<visible>Player.HasAudio</visible>
			<visible>IsEmpty(Window(Videos).Property(PlayingBackgroundMedia))</visible>
			<control type="image">
				<posx>45</posx>
				<posy>30</posy>
				<width>500</width>
				<height>160</height>
				<texture background="true" border="60,34,10,10">baloon.png</texture>
			</control>
			<control type="image">
				<description>cdart image</description>
				<posx>555</posx>
				<posy>62</posy>
				<width>120</width>
				<height>120</height>
				<texture background="true">$INFO[Player.FolderPath,,cdart.png]</texture>
				<aspectratio>keep</aspectratio>
				<include>cdartspinhome</include>
				<visible>![substring(Player.FolderPath,pvr://) | substring(Player.FolderPath,http://) | substring(Player.FolderPath,https://) | substring(Player.FolderPath,htsp://)]</visible>
			</control>
			<control type="image">
				<description>Cover image</description>
				<posx>555</posx>
				<posy>58</posy>
				<height>128</height>
				<width>128</width>
				<aspectratio align="left">keep</aspectratio>
				<texture >$INFO[Player.Art(thumb)]</texture>
				<bordertexture colordiffuse="grey">white.png</bordertexture>
				<bordersize>2</bordersize>
				<texture>$INFO[MusicPlayer.Cover]</texture>
				<visible>Player.HasAudio</visible>
			</control>
			<control type="grouplist" id="9003">
				<posx>432</posx>
				<posy>143</posy>
				<width>300</width>
				<orientation>horizontal</orientation>
				<itemgap>2</itemgap>
				<onup condition="Window.IsActive(home)">9000</onup>
				<onup condition="!Window.IsActive(home)">50</onup>
				<ondown condition="Window.IsActive(home)">9000</ondown>
				<ondown condition="!Window.IsActive(home)">50</ondown>
				<onleft condition="Window.IsActive(home)">9000</onleft>
				<onleft condition="!Window.IsActive(home)">9100</onleft>
				<onright condition="Window.IsActive(home)">9000</onright>
				<onright condition="!Window.IsActive(home)">50</onright>
				<control type="togglebutton" id="9004">
					<description>Play\Pause image</description>
					<width>32</width>
					<height>32</height>
					<label>-</label>
					<font>-</font>
					<texturefocus colordiffuse="$VAR[main_color]">pause.png</texturefocus>
					<texturenofocus colordiffuse="darkgrey">pause.png</texturenofocus>
					<alttexturefocus colordiffuse="$VAR[main_color]">play.png</alttexturefocus>
					<alttexturenofocus colordiffuse="darkgrey">play.png</alttexturenofocus>
					<usealttexture>Player.Paused | Player.Forwarding | Player.Rewinding</usealttexture>
					<onclick>PlayerControl(Play)</onclick>
				</control>
				<control type="button"  id="9005">
					<description>FullScreen - Expand image</description>
					<width>32</width>
					<height>32</height>
					<onclick>PlayerControl(Stop)</onclick>
					<texturefocus colordiffuse="$VAR[main_color]">stop.png</texturefocus>
					<texturenofocus colordiffuse="darkgrey">stop.png</texturenofocus>
				</control>

				<control type="button"  id="9006">
					<description>FullScreen - Expand image</description>
					<width>28</width>
					<height>28</height>
					<onclick>FullScreen</onclick>
					<texturefocus colordiffuse="$VAR[main_color]">expand.png</texturefocus>
					<texturenofocus colordiffuse="darkgrey">expand.png</texturenofocus>
				</control>
			</control> 
			<control type="label">
				<description>Now Playing label</description>
				<posx>540</posx>
				<posy>10</posy>
				<width>380</width>
				<height>45</height>
				<label>$VAR[Now_playing_status]</label>
				<align>right</align>
				<aligny>center</aligny>
				<font>font-25</font>
				<textcolor>white</textcolor>
			</control>
			<control type="label">
				<description>Title label</description>
				<posx>530</posx>
				<posy>60</posy>
				<width>460</width>
				<height>45</height>
				<label>$INFO[MusicPlayer.Title]</label>
				<align>right</align>
				<aligny>center</aligny>
				<font>font-25</font>
				<scroll>true</scroll>
				<textcolor>darkgrey</textcolor>
			</control>
			<control type="label">
				<description>label2</description>
				<posx>530</posx>
				<posy>100</posy>
				<width>460</width>
				<height>45</height>
				<label>$INFO[MusicPlayer.Artist] - $INFO[MusicPlayer.Album]</label>
				<align>right</align>
				<aligny>center</aligny>
				<font>font-20</font>
				<scroll>true</scroll>
				<textcolor>darkgrey</textcolor>
			</control>

			<control type="group">
				<width>468</width>
				<height>22</height>
				<posx>60</posx>
				<posy>145</posy>
				<control type="label">
					<posx>0</posx>
					<posy>5</posy>
					<description>Time Label</description>
					<height>18</height>
					<width>468</width>
					<align>left</align>
					<label>$INFO[MusicPlayer.Time][COLOR=grey_b][B] / [/B][/COLOR]$INFO[Player.Duration]</label>
					<font>font-12</font>
					<textcolor>grey_a</textcolor>
				</control>
				<control type="progress">
					<description>Progressbar</description>
					<posx>0</posx>
					<posy>23</posy>
					<width>468</width>
					<height>22</height>
					<info>Player.Progress</info>
				</control>
				<control type="slider" id="888">
					<description>Slider</description>
					<posx>0</posx>
					<posy>23</posy>
					<width>468</width>
					<height>22</height>
					<action>seek</action>
				</control>
			</control>

		</control>
	</include>


</includes>
