<?xml version="1.0" encoding="UTF-8"?>
<includes>
	<variable name="ArtistSlide">
		<value condition="!IsEmpty(Window(Visualisation).Property(ArtistSlideshow)) + Skin.HasSetting(Vis-ArtistSlide)">$INFO[Window(Visualisation).Property(ArtistSlideshow)]</value> 
		<value condition="!IsEmpty(MusicPlayer.Art(fanart))">$INFO[MusicPlayer.Art(fanart)]</value>
		<value>special://skin/backgrounds/music.jpg</value>
	</variable>
	<variable name="DialogAlbumInfoTitle">
		<value condition="Container.Content(Artists)">$INFO[Listitem.Artist]</value>
		<value condition="Container.Content(Albums)">$INFO[Listitem.Album]</value>
	</variable>


	<variable name="DialogPictureInfoImage">
		<value condition="substring(Listitem.Filename,.bmp,right)">foldericons/pictures/bmp.png</value>
		<value condition="substring(Listitem.Filename,.gif,right)">foldericons/pictures/gif.png</value>
		<value condition="substring(Listitem.Filename,.jpg,right) | substring(Listitem.Filename,.jpeg,right)">foldericons/pictures/jpg.png</value>
		<value condition="substring(Listitem.Filename,.png,right)">foldericons/pictures/png.png</value>
		<value condition="substring(Listitem.Filename,.tga,right)">foldericons/pictures/tga.png</value>
		<value condition="substring(Listitem.Filename,.tiff,right)">foldericons/pictures/tiff.png</value>
		<value condition="substring(Listitem.Filename,.wmf,right)">foldericons/pictures/wmf.png</value>
	</variable>

	<variable name="DialogPVRChannelManagerHeader">
		<value condition="IsEmpty(Window.Property(IsRadio))">$LOCALIZE[19199] - $LOCALIZE[19023]</value>
		<value condition="!IsEmpty(Window.Property(IsRadio))">$LOCALIZE[19199] - $LOCALIZE[19024]</value>
	</variable>
	<variable name="DialogPVRChannelManagerButton">
		<value condition="IsEmpty(Window.Property(IsRadio))">$LOCALIZE[19024]</value>
		<value condition="!IsEmpty(Window.Property(IsRadio))">$LOCALIZE[19023]</value>
	</variable>

	<variable name="Now_playing_status">
		<value condition="Player.Playing + Player.HasAudio">$LOCALIZE[10517]:</value>
		<value condition="Player.Playing + Player.HasVideo">$LOCALIZE[10522]:</value>
		<value condition="Player.Paused">$LOCALIZE[112]:</value>
	</variable>


	<variable name="Weather02">
		<value condition="!IsEmpty(Window(Weather).Property(Daily.IsFetched))">$LOCALIZE[419]: $INFO[Window.Property(Daily.1.HighTemperature)]</value>
	</variable>
	<variable name="Weather03">
		<value condition="!IsEmpty(Window(Weather).Property(Daily.IsFetched))">$LOCALIZE[418]: $INFO[Window.Property(Daily.1.LowTemperature)]</value>
	</variable>
	<variable name="Weather04">
		<value condition="!IsEmpty(Window(Weather).Property(Daily.IsFetched))">$LOCALIZE[419]: $INFO[Window.Property(Daily.2.HighTemperature)]</value>
	</variable>
	<variable name="Weather05">
		<value condition="!IsEmpty(Window(Weather).Property(Daily.IsFetched))">$LOCALIZE[418]: $INFO[Window.Property(Daily.2.LowTemperature)]</value>
	</variable>
	<variable name="Weather06">
		<value condition="!IsEmpty(Window(Weather).Property(Daily.IsFetched))">$LOCALIZE[419]: $INFO[Window.Property(Daily.3.HighTemperature)]</value>
	</variable>
	<variable name="Weather07">
		<value condition="!IsEmpty(Window(Weather).Property(Daily.IsFetched))">$LOCALIZE[418]: $INFO[Window.Property(Daily.3.LowTemperature)]</value>
	</variable>
	<variable name="Weather08">
		<value condition="!IsEmpty(Window(Weather).Property(Daily.IsFetched))">$LOCALIZE[419]: $INFO[Window.Property(Daily.4.HighTemperature)]</value>
	</variable>
	<variable name="Weather09">
		<value condition="!IsEmpty(Window(Weather).Property(Daily.IsFetched))">$LOCALIZE[418]: $INFO[Window.Property(Daily.4.LowTemperature)]</value>
	</variable>
	<variable name="Weather10">
		<value condition="!IsEmpty(Window(Weather).Property(Daily.IsFetched))">$LOCALIZE[419]: $INFO[Window.Property(Daily.5.HighTemperature)]</value>
	</variable>
	<variable name="Weather11">
		<value condition="!IsEmpty(Window(Weather).Property(Daily.IsFetched))">$LOCALIZE[418]: $INFO[Window.Property(Daily.5.LowTemperature)]</value>
	</variable>
	<variable name="Weather12">
		<value condition="!IsEmpty(Window(Weather).Property(Daily.IsFetched))">$LOCALIZE[419]: $INFO[Window.Property(Daily.6.HighTemperature)]</value>
	</variable>
	<variable name="Weather13">
		<value condition="!IsEmpty(Window(Weather).Property(Daily.IsFetched))">$LOCALIZE[418]: $INFO[Window.Property(Daily.6.LowTemperature)]</value>
	</variable>
	<variable name="Weather14">
		<value condition="!IsEmpty(Window(Weather).Property(Daily.IsFetched))">$LOCALIZE[419]: $INFO[Window.Property(Daily.7.HighTemperature)]</value>
	</variable>
	<variable name="Weather15">
		<value condition="!IsEmpty(Window(Weather).Property(Daily.IsFetched))">$LOCALIZE[418]: $INFO[Window.Property(Daily.7.LowTemperature)]</value>
	</variable>
	<variable name="Weather16">
		<value condition="!IsEmpty(Window(Weather).Property(Hourly.IsFetched))">[B]$INFO[Window.Property(Hourly.1.Temperature),[COLOR=lightblue]$LOCALIZE[401] :[/COLOR][CR]][CR][B]$INFO[Window.Property(Hourly.1.FeelsLike),[COLOR=lightblue]$LOCALIZE[33024] :[/COLOR][CR]][/B]</value>
	</variable>
	<variable name="Weather17">
		<value condition="!IsEmpty(Window(Weather).Property(Hourly.IsFetched))">[B]$INFO[Window.Property(Hourly.1.Precipitation),[COLOR=lightblue]$LOCALIZE[33022] :[/COLOR][CR]][CR][B]$INFO[Window.Property(Hourly.1.Humidity),[COLOR=lightblue]$LOCALIZE[33023] :[/COLOR][CR]][/B]</value>
	</variable>
	<variable name="Weather18">
		<value condition="!IsEmpty(Window(Weather).Property(Hourly.IsFetched))">[B]$INFO[Window.Property(Hourly.2.Temperature),[COLOR=lightblue]$LOCALIZE[401] :[/COLOR][CR]][CR][B]$INFO[Window.Property(Hourly.2.FeelsLike),[COLOR=lightblue]$LOCALIZE[33024] :[/COLOR][CR]][/B]</value>
	</variable>
	<variable name="Weather19">
		<value condition="!IsEmpty(Window(Weather).Property(Hourly.IsFetched))">[B]$INFO[Window.Property(Hourly.2.Precipitation),[COLOR=lightblue]$LOCALIZE[33022] :[/COLOR][CR]][CR][B]$INFO[Window.Property(Hourly.2.Humidity),[COLOR=lightblue]$LOCALIZE[33023] :[/COLOR][CR]][/B]</value>
	</variable>
	<variable name="Weather20">
		<value condition="!IsEmpty(Window(Weather).Property(Hourly.IsFetched))">[B]$INFO[Window.Property(Hourly.3.Temperature),[COLOR=lightblue]$LOCALIZE[401] :[/COLOR][CR]][CR][B]$INFO[Window.Property(Hourly.3.FeelsLike),[COLOR=lightblue]$LOCALIZE[33024] :[/COLOR][CR]][/B]</value>
	</variable>
	<variable name="Weather21">
		<value condition="!IsEmpty(Window(Weather).Property(Hourly.IsFetched))">[B]$INFO[Window.Property(Hourly.3.Precipitation),[COLOR=lightblue]$LOCALIZE[33022] :[/COLOR][CR]][CR][B]$INFO[Window.Property(Hourly.3.Humidity),[COLOR=lightblue]$LOCALIZE[33023] :[/COLOR][CR]][/B]</value>
	</variable>
	<variable name="Weather22">
		<value condition="!IsEmpty(Window(Weather).Property(Hourly.IsFetched))">[B]$INFO[Window.Property(Hourly.4.Temperature),[COLOR=lightblue]$LOCALIZE[401] :[/COLOR][CR]][CR][B]$INFO[Window.Property(Hourly.4.FeelsLike),[COLOR=lightblue]$LOCALIZE[33024] :[/COLOR][CR]][/B]</value>
	</variable>
	<variable name="Weather23">
		<value condition="!IsEmpty(Window(Weather).Property(Hourly.IsFetched))">[B]$INFO[Window.Property(Hourly.4.Precipitation),[COLOR=lightblue]$LOCALIZE[33022] :[/COLOR][CR]][CR][B]$INFO[Window.Property(Hourly.4.Humidity),[COLOR=lightblue]$LOCALIZE[33023] :[/COLOR][CR]][/B]</value>
	</variable>
	<variable name="Weather24">
		<value condition="!IsEmpty(Window(Weather).Property(Hourly.IsFetched))">[B]$INFO[Window.Property(Hourly.5.Temperature),[COLOR=lightblue]$LOCALIZE[401] :[/COLOR][CR]][CR][B]$INFO[Window.Property(Hourly.5.FeelsLike),[COLOR=lightblue]$LOCALIZE[33024] :[/COLOR][CR]][/B]</value>
	</variable>
	<variable name="Weather25">
		<value condition="!IsEmpty(Window(Weather).Property(Hourly.IsFetched))">[B]$INFO[Window.Property(Hourly.5.ChancePrecipitation),[COLOR=lightblue]$LOCALIZE[33022] :[/COLOR][CR]][CR][B]$INFO[Window.Property(Hourly.5.Humidity),[COLOR=lightblue]$LOCALIZE[33023] :[/COLOR][CR]][/B]</value>
	</variable>
	<variable name="Weather26">
		<value condition="!IsEmpty(Window(Weather).Property(Hourly.IsFetched))">[B]$INFO[Window.Property(Hourly.6.Temperature),[COLOR=lightblue]$LOCALIZE[401] :[/COLOR][CR]][CR][B]$INFO[Window.Property(Hourly.6.FeelsLike),[COLOR=lightblue]$LOCALIZE[33024] :[/COLOR][CR]][/B]</value>
	</variable>
	<variable name="Weather27">
		<value condition="!IsEmpty(Window(Weather).Property(Hourly.IsFetched))">[B]$INFO[Window.Property(Hourly.6.Precipitation),[COLOR=lightblue]$LOCALIZE[33022] :[/COLOR][CR]][CR][B]$INFO[Window.Property(Hourly.6.Humidity),[COLOR=lightblue]$LOCALIZE[33023] :[/COLOR][CR]][/B]</value>
	</variable>
	<variable name="Weather28">
		<value condition="!IsEmpty(Window(Weather).Property(Hourly.IsFetched))">[B]$INFO[Window.Property(Hourly.7.Temperature),[COLOR=lightblue]$LOCALIZE[401] :[/COLOR][CR]][CR][B]$INFO[Window.Property(Hourly.7.FeelsLike),[COLOR=lightblue]$LOCALIZE[33024] :[/COLOR][CR]][/B]</value>
	</variable>
	<variable name="Weather29">
		<value condition="!IsEmpty(Window(Weather).Property(Hourly.IsFetched))">[B]$INFO[Window.Property(Hourly.7.Precipitation),[COLOR=lightblue]$LOCALIZE[33022] :[/COLOR][CR]][CR][B]$INFO[Window.Property(Hourly.7.Humidity),[COLOR=lightblue]$LOCALIZE[33023] :[/COLOR][CR]][/B]</value>
	</variable>
	<variable name="Weather30">
		<value condition="!IsEmpty(Window(Weather).Property(Hourly.IsFetched))">[B]$INFO[Window.Property(Hourly.8.Temperature),[COLOR=lightblue]$LOCALIZE[401] :[/COLOR][CR]][CR][B]$INFO[Window.Property(Hourly.8.FeelsLike),[COLOR=lightblue]$LOCALIZE[33024] :[/COLOR][CR]][/B]</value>
	</variable>
	<variable name="Weather31">
		<value condition="!IsEmpty(Window(Weather).Property(Hourly.IsFetched))">[B]$INFO[Window.Property(Hourly.8.Precipitation),[COLOR=lightblue]$LOCALIZE[33022] :[/COLOR][CR]][CR][B]$INFO[Window.Property(Hourly.8.Humidity),[COLOR=lightblue]$LOCALIZE[33023] :[/COLOR][CR]][/B]</value>
	</variable>
	<variable name="Weather32">
		<value condition="!IsEmpty(Window(Weather).Property(Hourly.IsFetched))">[B]$INFO[Window.Property(Hourly.9.Temperature),[COLOR=lightblue]$LOCALIZE[401] :[/COLOR][CR]][CR][B]$INFO[Window.Property(Hourly.9.FeelsLike),[COLOR=lightblue]$LOCALIZE[33024] :[/COLOR][CR]][/B]</value>
	</variable>
	<variable name="Weather33">
		<value condition="!IsEmpty(Window(Weather).Property(Hourly.IsFetched))">[B]$INFO[Window.Property(Hourly.9.Precipitation),[COLOR=lightblue]$LOCALIZE[33022] :[/COLOR][CR]][CR][B]$INFO[Window.Property(Hourly.9.Humidity),[COLOR=lightblue]$LOCALIZE[33023] :[/COLOR][CR]][/B]</value>
	</variable>
	<variable name="Weather34">
		<value condition="!IsEmpty(Window(Weather).Property(Hourly.IsFetched))">[B]$INFO[Window.Property(Hourly.10.Temperature),[COLOR=lightblue]$LOCALIZE[401] :[/COLOR][CR]][CR][B]$INFO[Window.Property(Hourly.10.FeelsLike),[COLOR=lightblue]$LOCALIZE[33024] :[/COLOR][CR]][/B]</value>
	</variable>
	<variable name="Weather35">
		<value condition="!IsEmpty(Window(Weather).Property(Hourly.IsFetched))">[B]$INFO[Window.Property(Hourly.10.Precipitation),[COLOR=lightblue]$LOCALIZE[33022] :[/COLOR][CR]][CR][B]$INFO[Window.Property(Hourly.10.Humidity),[COLOR=lightblue]$LOCALIZE[33023] :[/COLOR][CR]][/B]</value>
	</variable>
	<variable name="Weather36">
		<value condition="!IsEmpty(Window(Weather).Property(Hourly.IsFetched))">[B]$INFO[Window.Property(Hourly.11.Temperature),[COLOR=lightblue]$LOCALIZE[401] :[/COLOR][CR]][CR][B]$INFO[Window.Property(Hourly.11.FeelsLike),[COLOR=lightblue]$LOCALIZE[33024] :[/COLOR][CR]][/B]</value>
	</variable>
	<variable name="Weather37">
		<value condition="!IsEmpty(Window(Weather).Property(Hourly.IsFetched))">[B]$INFO[Window.Property(Hourly.11.Precipitation),[COLOR=lightblue]$LOCALIZE[33022] :[/COLOR][CR]][CR][B]$INFO[Window.Property(Hourly.11.Humidity),[COLOR=lightblue]$LOCALIZE[33023] :[/COLOR][CR]][/B]</value>
	</variable>
	<variable name="Weather38">
		<value condition="!IsEmpty(Window(Weather).Property(Hourly.IsFetched))">[B]$INFO[Window.Property(Hourly.12.Temperature),[COLOR=lightblue]$LOCALIZE[401] :[/COLOR][CR]][CR][B]$INFO[Window.Property(Hourly.12.FeelsLike),[COLOR=lightblue]$LOCALIZE[33024] :[/COLOR][CR]][/B]</value>
	</variable>
	<variable name="Weather39">
		<value condition="!IsEmpty(Window(Weather).Property(Hourly.IsFetched))">[B]$INFO[Window.Property(Hourly.12.Precipitation),[COLOR=lightblue]$LOCALIZE[33022] :[/COLOR][CR]][CR][B]$INFO[Window.Property(Hourly.12.Humidity),[COLOR=lightblue]$LOCALIZE[33023] :[/COLOR][CR]][/B]</value>
	</variable>
	<variable name="Weather40">
		<value condition="!IsEmpty(Window(Weather).Property(36Hour.IsFetched))">[B]$INFO[Window.Property(36Hour.1.Temperature)][/B]</value>
	</variable>
	<variable name="Weather41">
		<value condition="!IsEmpty(Window(Weather).Property(36Hour.IsFetched))">[B]$INFO[Window.Property(36Hour.1.Precipitation)][/B]</value>
	</variable>
	<variable name="Weather42">
		<value condition="!IsEmpty(Window(Weather).Property(36Hour.IsFetched))">[B]$INFO[Window.Property(36Hour.2.Temperature)][/B]</value>
	</variable>
	<variable name="Weather43">
		<value condition="!IsEmpty(Window(Weather).Property(36Hour.IsFetched))">[B]$INFO[Window.Property(36Hour.2.Precipitation)][/B]</value>
	</variable>
	<variable name="Weather44">
		<value condition="!IsEmpty(Window(Weather).Property(36Hour.IsFetched))">[B]$INFO[Window.Property(36Hour.3.Temperature)][/B]</value>
	</variable>
	<variable name="Weather45">
		<value condition="!IsEmpty(Window(Weather).Property(36Hour.IsFetched))">[B]$INFO[Window.Property(36Hour.3.Precipitation)][/B]</value>
	</variable>
	<variable name="Weather46">
		<value condition="!IsEmpty(Window(Weather).Property(Weekend.IsFetched))">[B]$INFO[Window.Property(Weekend.1.LongDay)][/B]</value>
	</variable>
	<variable name="Weather47">
		<value condition="!IsEmpty(Window(Weather).Property(Weekend.IsFetched))">[B]$INFO[Window.Property(Weekend.2.LongDay)][/B]</value>
	</variable>
	<variable name="Weather49">
		<value condition="!IsEmpty(Window(Weather).Property(Weekend.IsFetched))">[B]$INFO[Window.Property(Weekend.1.LowTemperature)][/B]</value>
	</variable>
	<variable name="Weather50">
		<value condition="!IsEmpty(Window(Weather).Property(Weekend.IsFetched))">[B]$INFO[Window.Property(Weekend.1.HighTemperature)][/B]</value>
	</variable>
	<variable name="Weather51">
		<value condition="!IsEmpty(Window(Weather).Property(Weekend.IsFetched))">[B]$INFO[Window.Property(Weekend.2.LowTemperature)][/B]</value>
	</variable>
	<variable name="Weather52">
		<value condition="!IsEmpty(Window(Weather).Property(Weekend.IsFetched))">[B]$INFO[Window.Property(Weekend.2.HighTemperature)][/B]</value>
	</variable>
	<variable name="Weather55">
		<value condition="!IsEmpty(Window(Weather).Property(Weekend.IsFetched))">$LOCALIZE[33021]: [B][COLOR=white]$INFO[Window.Property(Weekend.1.Precipitation)][/COLOR][/B]</value>
	</variable>
	<variable name="Weather56">
		<value condition="!IsEmpty(Window(Weather).Property(Weekend.IsFetched))">$LOCALIZE[404]: [B][COLOR=white]$INFO[Window.Property(Weekend.1.WindSpeed)] $INFO[Window.Property(Weekend.1.WindDirection)][/COLOR][/B]</value>
	</variable>
	<variable name="Weather57">
		<value condition="!IsEmpty(Window(Weather).Property(Weekend.IsFetched))">$LOCALIZE[33021]: [B][COLOR=white]$INFO[Window.Property(Weekend.2.Precipitation)][/COLOR][/B]</value>
	</variable>
	<variable name="Weather58">
		<value condition="!IsEmpty(Window(Weather).Property(Weekend.IsFetched))">$LOCALIZE[404]: [B][COLOR=white]$INFO[Window.Property(Weekend.2.WindSpeed)] $INFO[Window.Property(Weekend.2.WindDirection)][/COLOR][/B]</value>
	</variable>
	<variable name="Weather64">
		<value condition="!IsEmpty(Window(Weather).Property(Daily.IsFetched))">[B]$INFO[Window.Property(Daily.1.HighTemperature),[COLOR=blue]$LOCALIZE[419]: [/COLOR]] $INFO[Window.Property(Daily.1.LowTemperature),[COLOR=blue]$LOCALIZE[418]: [/COLOR]][/B]</value>
	</variable>
	<variable name="Weather65">
		<value condition="!IsEmpty(Window(Weather).Property(Daily.IsFetched))">[B]$INFO[Window.Property(Daily.1.Precipitation),[COLOR=blue]$LOCALIZE[33022]: [/COLOR]][/B]</value>
	</variable>
	<variable name="Weather66">
		<value condition="!IsEmpty(Window(Weather).Property(Daily.IsFetched))">[B]$INFO[Window.Property(Daily.2.HighTemperature),[COLOR=blue]$LOCALIZE[419]: [/COLOR]] $INFO[Window.Property(Daily.2.LowTemperature),[COLOR=blue]$LOCALIZE[418]: [/COLOR]][/B]</value>
	</variable>
	<variable name="Weather67">
		<value condition="!IsEmpty(Window(Weather).Property(Daily.IsFetched))">[B]$INFO[Window.Property(Daily.2.Precipitation),[COLOR=blue]$LOCALIZE[33022]: [/COLOR]][/B]</value>
	</variable>
	<variable name="Weather68">
		<value condition="!IsEmpty(Window(Weather).Property(Daily.IsFetched))">[B]$INFO[Window.Property(Daily.3.HighTemperature),[COLOR=blue]$LOCALIZE[419]: [/COLOR]] $INFO[Window.Property(Daily.3.LowTemperature),[COLOR=blue]$LOCALIZE[418]: [/COLOR]][/B]</value>
	</variable>
	<variable name="Weather69">
		<value condition="!IsEmpty(Window(Weather).Property(Daily.IsFetched))">[B]$INFO[Window.Property(Daily.3.Precipitation),[COLOR=blue]$LOCALIZE[33022]: [/COLOR]][/B]</value>
	</variable>
	<variable name="Weather70">
		<value condition="!IsEmpty(Window(Weather).Property(Daily.IsFetched))">[B]$INFO[Window.Property(Daily.4.HighTemperature),[COLOR=blue]$LOCALIZE[419]: [/COLOR]] $INFO[Window.Property(Daily.4.LowTemperature),[COLOR=blue]$LOCALIZE[418]: [/COLOR]][/B]</value>
	</variable>
	<variable name="Weather71">
		<value condition="!IsEmpty(Window(Weather).Property(Daily.IsFetched))">[B]$INFO[Window.Property(Daily.4.Precipitation),[COLOR=blue]$LOCALIZE[33022]: [/COLOR]][/B]</value>
	</variable>
	<variable name="Weather72">
		<value condition="!IsEmpty(Window(Weather).Property(Daily.IsFetched))">[B]$INFO[Window.Property(Daily.5.HighTemperature),[COLOR=blue]$LOCALIZE[419]: [/COLOR]] $INFO[Window.Property(Daily.5.LowTemperature),[COLOR=blue]$LOCALIZE[418]: [/COLOR]][/B]</value>
	</variable>
	<variable name="Weather73">
		<value condition="!IsEmpty(Window(Weather).Property(Daily.IsFetched))">[B]$INFO[Window.Property(Daily.5.Precipitation),[COLOR=blue]$LOCALIZE[33022]: [/COLOR]][/B]</value>
	</variable>
	<variable name="Weather74">
		<value condition="!IsEmpty(Window(Weather).Property(Daily.IsFetched))">[B]$INFO[Window.Property(Daily.6.HighTemperature),[COLOR=blue]$LOCALIZE[419]: [/COLOR]] $INFO[Window.Property(Daily.6.LowTemperature),[COLOR=blue]$LOCALIZE[418]: [/COLOR]][/B]</value>
	</variable>
	<variable name="Weather75">
		<value condition="!IsEmpty(Window(Weather).Property(Daily.IsFetched))">[B]$INFO[Window.Property(Daily.6.Precipitation),[COLOR=blue]$LOCALIZE[33022]: [/COLOR]][/B]</value>
	</variable>
	<variable name="Weather76">
		<value condition="!IsEmpty(Window(Weather).Property(Daily.IsFetched))">[B]$INFO[Window.Property(Daily.7.HighTemperature),[COLOR=blue]$LOCALIZE[419]: [/COLOR]] $INFO[Window.Property(Daily.7.LowTemperature),[COLOR=blue]$LOCALIZE[418]: [/COLOR]][/B]</value>
	</variable>
	<variable name="Weather77">
		<value condition="!IsEmpty(Window(Weather).Property(Daily.IsFetched))">[B]$INFO[Window.Property(Daily.7.Precipitation),[COLOR=blue]$LOCALIZE[33022]: [/COLOR]][/B]</value>
	</variable>
	<variable name="Weather78">
		<value condition="!IsEmpty(Window(Weather).Property(Daily.IsFetched))">[B]$INFO[Window.Property(Daily.8.HighTemperature),[COLOR=blue]$LOCALIZE[419]: [/COLOR]] $INFO[Window.Property(Daily.8.LowTemperature),[COLOR=blue]$LOCALIZE[418]: [/COLOR]][/B]</value>
	</variable>
	<variable name="Weather79">
		<value condition="!IsEmpty(Window(Weather).Property(Daily.IsFetched))">[B]$INFO[Window.Property(Daily.8.Precipitation),[COLOR=blue]$LOCALIZE[33022]: [/COLOR]][/B]</value>
	</variable>
	<variable name="Weather80">
		<value condition="!IsEmpty(Window(Weather).Property(Daily.IsFetched))">[B]$INFO[Window.Property(Daily.9.HighTemperature),[COLOR=blue]$LOCALIZE[419]: [/COLOR]] $INFO[Window.Property(Daily.9.LowTemperature),[COLOR=blue]$LOCALIZE[418]: [/COLOR]][/B]</value>
	</variable>
	<variable name="Weather81">
		<value condition="!IsEmpty(Window(Weather).Property(Daily.IsFetched))">[B]$INFO[Window.Property(Daily.9.Precipitation),[COLOR=blue]$LOCALIZE[33022]: [/COLOR]][/B]</value>
	</variable>
	<variable name="Weather82">
		<value condition="!IsEmpty(Window(Weather).Property(Daily.IsFetched))">[B]$INFO[Window.Property(Daily.10.HighTemperature),[COLOR=blue]$LOCALIZE[419]: [/COLOR]] $INFO[Window.Property(Daily.10.LowTemperature),[COLOR=blue]$LOCALIZE[418]: [/COLOR]][/B]</value>
	</variable>
	<variable name="Weather83">
		<value condition="!IsEmpty(Window(Weather).Property(Daily.IsFetched))">[B]$INFO[Window.Property(Daily.10.Precipitation),[COLOR=blue]$LOCALIZE[33022]: [/COLOR]][/B]</value>
	</variable>
	<variable name="Weather84">
		<value condition="!IsEmpty(Window(Weather).Property(Alerts.IsFetched))">[B]$LOCALIZE[33050][/B]</value>
	</variable>
	<variable name="Weather85">
		<value condition="!IsEmpty(Window(Weather).Property(Current.UVIndex))">$LOCALIZE[403]</value>
		<value>$LOCALIZE[387]</value>
	</variable>
	<variable name="Weather86">
		<value condition="!IsEmpty(Window(Weather).Property(Current.UVIndex))">$INFO[Window.Property(Current.UVIndex)]</value>
		<value>$INFO[Window.Property(Current.Cloudiness)]</value>
	</variable>
	<!-- Phenomenal Skin -->
	<variable name="OSDLabel2">
		<value condition="!VideoPlayer.Content(LiveTV) + !VideoPlayer.Content(Episodes) + !VideoPlayer.Content(MusicVideos)">$INFO[VideoPlayer.Genre]</value>
		<value condition="VideoPlayer.Content(LiveTV)">$INFO[VideoPlayer.ChannelName]</value>
		<value condition="VideoPlayer.Content(Episodes)">$INFO[VideoPlayer.Season,$LOCALIZE[20373]: ] $INFO[VideoPlayer.Episode,$LOCALIZE[20359]: ]     $INFO[VideoPlayer.Premiered,$LOCALIZE[552]: ]</value>
		<value condition="VideoPlayer.Content(MusicVideos)">$INFO[VideoPlayer.Year]$INFO[VideoPlayer.Studio, - ]</value>
	</variable>
	<variable name="OSDLabel3">
		<value condition="!VideoPlayer.Content(LiveTV) + !VideoPlayer.Content(Episodes) + !VideoPlayer.Content(MusicVideos)">$INFO[VideoPlayer.Genre]</value>
		<value condition="VideoPlayer.Content(LiveTV)">$INFO[VideoPlayer.ChannelName]</value>
		<value condition="VideoPlayer.Content(Episodes)">$INFO[VideoPlayer.TVShowTitle], $INFO[VideoPlayer.Season,$LOCALIZE[20373] ] $INFO[VideoPlayer.Episode,$LOCALIZE[20359] ]</value>
		<value condition="VideoPlayer.Content(MusicVideos)">$INFO[VideoPlayer.Year]$INFO[VideoPlayer.Studio, - ]</value>
	</variable>
	<variable name="AudioChannels">
		<value condition="StringCompare(VideoPlayer.AudioChannels,10)">9.1</value>
		<value condition="StringCompare(VideoPlayer.AudioChannels,8)">7.1</value>
		<value condition="StringCompare(VideoPlayer.AudioChannels,6)">5.1</value>
		<value condition="StringCompare(VideoPlayer.AudioChannels,5)">4.1</value>
		<value condition="StringCompare(VideoPlayer.AudioChannels,4)">4.0</value>
		<value condition="StringCompare(VideoPlayer.AudioChannels,3)">2.1</value>
		<value condition="StringCompare(VideoPlayer.AudioChannels,2)">2.0</value>
		<value condition="StringCompare(VideoPlayer.AudioChannels,1)">1.0</value>
	</variable>
	<variable name="AudioChannels2">
		<value condition="StringCompare(ListItem.AudioChannels,10)">9.1</value>
		<value condition="StringCompare(ListItem.AudioChannels,8)">7.1</value>
		<value condition="StringCompare(ListItem.AudioChannels,6)">5.1</value>
		<value condition="StringCompare(ListItem.AudioChannels,5)">4.1</value>
		<value condition="StringCompare(ListItem.AudioChannels,4)">4.0</value>
		<value condition="StringCompare(ListItem.AudioChannels,3)">2.1</value>
		<value condition="StringCompare(ListItem.AudioChannels,2)">2.0</value>
		<value condition="StringCompare(ListItem.AudioChannels,1)">1.0</value>
	</variable>
	<variable name="AudioCodec">
		<value condition="StringCompare(VideoPlayer.AudioCodec,aac)">aac</value>
		<value condition="StringCompare(VideoPlayer.AudioCodec,ac3)">ac3</value>
		<value condition="StringCompare(VideoPlayer.AudioCodec,aif)">aif</value>
		<value condition="StringCompare(VideoPlayer.AudioCodec,aifc)">aifc</value>
		<value condition="StringCompare(VideoPlayer.AudioCodec,aiff)">aiff</value>
		<value condition="StringCompare(VideoPlayer.AudioCodec,avs)">avs</value>
		<value condition="StringCompare(VideoPlayer.AudioCodec,ape)">ape</value>
		<value condition="StringCompare(VideoPlayer.AudioCodec,cdda)">cdda</value>
		<value condition="StringCompare(VideoPlayer.AudioCodec,dts)">dts</value>
		<value condition="StringCompare(VideoPlayer.AudioCodec,flac)">flac</value>
		<value condition="StringCompare(VideoPlayer.AudioCodec,m4a)">m4a</value>
		<value condition="StringCompare(VideoPlayer.AudioCodec,mlp)">mlp</value>
		<value condition="StringCompare(VideoPlayer.AudioCodec,mp2)">mp2</value>
		<value condition="StringCompare(VideoPlayer.AudioCodec,mp3)">mp3</value>
		<value condition="StringCompare(VideoPlayer.AudioCodec,mpc)">mpc</value>
		<value condition="StringCompare(VideoPlayer.AudioCodec,ogg)">ogg</value>
		<value condition="StringCompare(VideoPlayer.AudioCodec,ra)">ra</value>
		<value condition="StringCompare(VideoPlayer.AudioCodec,shn)">shn</value>
		<value condition="StringCompare(VideoPlayer.AudioCodec,wav)">wav</value>
		<value condition="StringCompare(VideoPlayer.AudioCodec,wma)">wma</value>
		<value condition="StringCompare(VideoPlayer.AudioCodec,wv)">wv</value>
		<value>mp3</value>
	</variable>
	<variable name="hd_or_sd">
		<value condition="IntegerGreaterThan(ListItem.VideoResolution,719) | StringCompare(ListItem.VideoResolution,2k) | StringCompare(ListItem.VideoResolution,4k)">HD</value>
		<value>SD</value>
	</variable>
	<variable name="hd_or_sd2">
		<value condition="IntegerGreaterThan(VideoPlayer.VideoResolution,719) | StringCompare(VideoPlayer.VideoResolution,2k) | StringCompare(VideoPlayer.VideoResolution,4k)">HD</value>
		<value>SD</value>
	</variable>
	<variable name="season_number">
		<value condition="!IsEmpty(ListItem.Season)">$INFO[ListItem.Season]</value>
		<value condition="!IsEmpty(Window(home).Property(SeasonNumber))">$INFO[Window(home).Property(SeasonNumber)]</value>
	</variable>
	<variable name="movie_label">
		<value condition="substring(ListItem.Path,plugin://plugin.video.pulsar) + !IsEmpty(ListItem.OriginalTitle) + !Skin.HasSetting(Pulsar_ShowTitle)">$INFO[ListItem.OriginalTitle]</value>
		<value condition="[Container.Content(Episodes) | Container.Content(songs)] + !IsEmpty(ListItem.Title)">$INFO[ListItem.Title]</value>
		<value>$INFO[ListItem.Label]</value>
	</variable>
	<variable name="ViewFanartText">
		<value condition="!IsEmpty(ListItem.PlotOutline)">$INFO[ListItem.PlotOutline]</value>
		<value condition="!IsEmpty(ListItem.Plot) + Control.IsVisible(50) + Container.Content(Episodes)">$INFO[ListItem.Premiered,(,) ][COLOR=$VAR[main_color]]$INFO[ListItem.TVShowTitle] $INFO[ListItem.Season, - S]$INFO[ListItem.Episode,E, -] $INFO[ListItem.Title][/COLOR][CR]$INFO[ListItem.Plot]</value>
		<value condition="IsEmpty(ListItem.PlotOutline) + !IsEmpty(ListItem.Plot) + !substring(ListItem.Path,plugin://plugin.video.) + IsEmpty(ListItem.OriginalTitle)">[COLOR=$VAR[main_color]]$INFO[ListItem.Label][/COLOR][CR]$INFO[ListItem.Plot]</value>	
		<value condition="IsEmpty(ListItem.PlotOutline) + !IsEmpty(ListItem.Plot) + !substring(ListItem.Path,plugin://plugin.video.) + !IsEmpty(ListItem.OriginalTitle)">[COLOR=$VAR[main_color]]$INFO[ListItem.OriginalTitle][/COLOR][CR]$INFO[ListItem.Plot]</value>		
		<value condition="substring(ListItem.Path,plugin://plugin.video.) + Control.IsVisible(50)">[COLOR=$VAR[main_color]]$INFO[ListItem.Label][/COLOR][CR]$INFO[ListItem.Plot]</value>
		<value condition="substring(ListItem.Path,plugin://plugin.video.) + !Control.IsVisible(50)">$INFO[ListItem.Plot]</value>
		<value condition="!IsEmpty(ListItem.Property(Addon.Description))">$INFO[ListItem.Property(Addon.Description)]</value>
		<value condition="!IsEmpty(ListItem.Property(Artist_Description))">$INFO[Window(home).Property(SkinHelper.Music.AlbumCount),, $LOCALIZE[36919][CR]]] $INFO[ListItem.Property(Artist_Description)]</value>
		<value condition="!IsEmpty(ListItem.Property(Album_Description))">$INFO[ListItem.Property(Album_Description)]</value>
		<value condition="!IsEmpty(Window(home).Property(SkinHelper.Music.TrackList)) + Container.Content(Albums)">$INFO[Window(home).Property(SkinHelper.Music.SongCount),, $LOCALIZE[36921]:] [CR] $INFO[Window(home).Property(SkinHelper.Music.TrackList)]</value>
		<value condition="Container.Content(songs)">$INFO[ListItem.Title,, - ]$INFO[ListItem.Duration]</value>
		<value condition="Window.IsActive(mypics.xml)">$INFO[ListItem.PictureResolution] $INFO[ListItem.Size][CR]$INFO[ListItem.PictureDatetime][CR]$INFO[ListItem.PictureCamModel][CR]$INFO[ListItem.PictureDigitalZoom,Zoom: ][CR]$INFO[ListItem.PictureISO,ISO: ][CR]$INFO[ListItem.PictureAperture,Aperture: ][CR]$INFO[ListItem.PictureExposure,Exposure: ][CR]$INFO[ListItem.PictureFocalLen,Lens: ][CR]$INFO[ListItem.Path]</value>
	</variable>
	<variable name="OSD_Plot">
		<value condition="!IsEmpty(VideoPlayer.PlotOutline)">$INFO[VideoPlayer.PlotOutline]</value>
		<value condition="IsEmpty(VideoPlayer.PlotOutline) + !IsEmpty(VideoPlayer.Plot)">$INFO[VideoPlayer.Plot]</value>
	</variable>
	<variable name="PVR_Header">
		<value condition="Control.IsVisible(11)">$LOCALIZE[19222] - $LOCALIZE[19030]</value>
		<value condition="Control.IsVisible(12)">$LOCALIZE[19222] - $LOCALIZE[19031]</value>
		<value condition="Control.IsVisible(50)">$LOCALIZE[20007]</value>
		<value condition="Control.IsVisible(52) + !Window.IsActive(MyPVRTimers.xml)">$LOCALIZE[19142]</value>
		<value condition="Control.IsVisible(52) + Window.IsActive(MyPVRTimers.xml)">$LOCALIZE[19026]</value>
	</variable>
	<variable name="settings_description">
		<value condition="Control.HasFocus(1)">$LOCALIZE[31167]</value><!-- Appearance Description -->
		<value condition="Control.HasFocus(2)">$LOCALIZE[31159]</value><!-- Video Description -->
		<value condition="Control.HasFocus(3)">$LOCALIZE[31161]</value><!-- Music Description -->
		<value condition="Control.HasFocus(4)">$LOCALIZE[31162]</value><!-- Pictures Description -->
		<value condition="Control.HasFocus(5)">$LOCALIZE[31163]</value><!-- Weather Description -->
		<value condition="Control.HasFocus(6)">$LOCALIZE[31164]</value><!-- System Description -->
		<value condition="Control.HasFocus(7)">$LOCALIZE[31165]</value><!-- Services Description -->
		<value condition="Control.HasFocus(8)">$LOCALIZE[31160]</value><!-- PVR Description -->
		<value condition="Control.HasFocus(10)">$LOCALIZE[31170]</value><!-- SysINFO Description -->
		<value condition="Control.HasFocus(11)">$LOCALIZE[31169]</value><!-- Addons Description -->
		<value condition="Control.HasFocus(12)">$LOCALIZE[31166]</value><!-- Profiles Description -->
		<value condition="Control.HasFocus(13)">$LOCALIZE[FileM]</value><!-- File Manager Description -->
		<value condition="Control.HasFocus(14)">$LOCALIZE[10047]</value><!-- Settings-Level Description -->
		<value condition="Control.HasFocus(16)">$LOCALIZE[31168]</value><!-- Skin Description -->
	</variable>
	<variable name="settings_color_94">
		<value condition="Skin.String(Section,1)">$VAR[main_color]</value>
		<value condition="Control.HasFocus(94)">$VAR[main_color]</value>
		<value>grey_b</value>
	</variable>
	<variable name="settings_color_95">
		<value condition="Skin.String(Section,2)">$VAR[main_color]</value>
		<value condition="Control.HasFocus(95)">$VAR[main_color]</value>
		<value>grey_b</value>
	</variable>
	<variable name="settings_color_96">
		<value condition="Skin.String(Section,3)">$VAR[main_color]</value>
		<value condition="Control.HasFocus(96)">$VAR[main_color]</value>
		<value>grey_b</value>
	</variable>
	<variable name="settings_color_97">
		<value condition="Skin.String(Section,4)">$VAR[main_color]</value>
		<value condition="Control.HasFocus(97)">$VAR[main_color]</value>
		<value>grey_b</value>
	</variable>
	<variable name="list_bg_color">
		<value condition="!IsEmpty(Skin.String(list_bg_color))">$INFO[Skin.String(list_bg_color)]</value>
		<value condition="!Skin.HasSetting(bold_list)">$VAR[main_color]</value>
		<value>-</value>
	</variable>
	<variable name="list_color">
		<value condition="!IsEmpty(Skin.String(list_color_custom))">$INFO[Skin.String(list_color_custom)]</value>
		<value condition="!Skin.HasSetting(bold_list)">grey_b</value>
		<value>$VAR[main_color]</value>
	</variable>
	<variable name="main_color">
		<value condition="!IsEmpty(Skin.String(main_color))">$INFO[Skin.String(main_color)]</value>
		<value>FFE66A4F</value>
	</variable>
	<variable name="mouse_color">
		<value condition="!IsEmpty(Skin.String(mouse_color))">$INFO[Skin.String(mouse_color)]</value>
		<value>$VAR[main_color]</value>
	</variable>

	<variable name="tile_main_color">
		<value condition="!IsEmpty(Container(9000).ListItem.Property(TextColor))">$INFO[Container(9000).ListItem.Property(TextColor)]</value>
		<value>$VAR[main_color]</value>
	</variable>
	<variable name="tile_sub_color">
		<value condition="!IsEmpty(Container(9001).ListItem.Property(TextColor))">$INFO[Container(9001).ListItem.Property(TextColor)]</value>
		<value>$VAR[main_color]</value>
	</variable>
	<variable name="topbar_text_color">
		<value condition="!IsEmpty(Skin.String(topbar_text_color))">$INFO[Skin.String(topbar_text_color)]</value>
		<value>white</value>
	</variable>
	<variable name="topbar_rss1_color">
		<value condition="!IsEmpty(Skin.String(topbar_rss1_color))">$INFO[Skin.String(topbar_rss1_color)]</value>
		<value>white</value>
	</variable>
	<variable name="topbar_rss2_color">
		<value condition="!IsEmpty(Skin.String(topbar_rss2_color))">$INFO[Skin.String(topbar_rss2_color)]</value>
		<value>white</value>
	</variable>
	<variable name="weather_color">
		<value condition="!IsEmpty(Skin.String(weather_color))">$INFO[Skin.String(weather_color)]</value>
		<value>white</value>
	</variable>

	<variable name="menu_icon_color_nf">
		<value condition="!IsEmpty(Skin.String(menu_icon_color_nf))">$INFO[Skin.String(menu_icon_color_nf)]</value>
		<value>grey</value>
	</variable>
	
	<variable name="menu_vertical_item_bg">
		<value condition="!IsEmpty(ListItem.Property(TextColor))">special://skin/extras/colors/$INFO[ListItem.Property(TextColor)].png</value>
		<value>white.png</value>
	</variable>
		<variable name="menu_vertical_item_diffuse">
		<value condition="!IsEmpty(Container(9000).ListItem.Property(TextColor))">white</value>
		<value>$VAR[main_color]</value>
	</variable>
	<variable name="dialog_icon_color">
		<value condition="IsEmpty(Container(211).ListItem.Property(Icon_Overlay)) + !IsEmpty(Container(211).ListItem.Property(TextColor))">$INFO[Container(211).ListItem.Property(TextColor)]</value>
		<value condition="IsEmpty(Container(211).ListItem.Property(Icon_Overlay)) + IsEmpty(Container(211).ListItem.Property(TextColor))">$VAR[main_color]</value>
		<value condition="StringCompare(Container(211).ListItem.Property(Icon_Overlay),$LOCALIZE[31140]) + !IsEmpty(Container(211).ListItem.Property(TextColor))">$INFO[Container(211).ListItem.Property(TextColor)]</value>
		<value condition="StringCompare(Container(211).ListItem.Property(Icon_Overlay),$LOCALIZE[31141])">-</value>
		<value condition="StringCompare(Container(211).ListItem.Property(Icon_Overlay),$LOCALIZE[31142])">$VAR[main_color]</value>	
		<value>$VAR[main_color]</value>
	</variable>

	<variable name="dialog_icon_color_nf">
		<value condition="IsEmpty(Container(211).ListItem.Property(Icon_Overlay2))">$VAR[menu_icon_color_nf]</value>
		<value condition="StringCompare(Container(211).ListItem.Property(Icon_Overlay2),$LOCALIZE[767])">grey</value>
		<value condition="StringCompare(Container(211).ListItem.Property(Icon_Overlay2),$LOCALIZE[31141])">-</value>
		<value condition="StringCompare(Container(211).ListItem.Property(Icon_Overlay2),$LOCALIZE[31142])">$VAR[main_color]</value>	
		<value>$VAR[menu_icon_color_nf]</value>
	</variable>

	<variable name="menu_icon_color_f">
		<value condition="Control.HasFocus(15) | Control.HasFocus(10) | Control.HasFocus(20)">$VAR[menu_icon_color_nf]</value>
		<value condition="IsEmpty(Container(9000).ListItem.Property(Icon_Overlay)) + !IsEmpty(Container(9000).ListItem.Property(TextColor))">$INFO[Container(9000).ListItem.Property(TextColor)]</value>
		<value condition="IsEmpty(Container(9000).ListItem.Property(Icon_Overlay)) + IsEmpty(Container(9000).ListItem.Property(TextColor))">$VAR[main_color]</value>
		<value condition="StringCompare(Container(9000).ListItem.Property(Icon_Overlay),$LOCALIZE[31140]) + !IsEmpty(Container(9000).ListItem.Property(TextColor))">$INFO[Container(9000).ListItem.Property(TextColor)]</value>
		<value condition="StringCompare(Container(9000).ListItem.Property(Icon_Overlay),$LOCALIZE[31141])">-</value>
		<value condition="StringCompare(Container(9000).ListItem.Property(Icon_Overlay),$LOCALIZE[31142])">$VAR[main_color]</value>	
		<value>$VAR[main_color]</value>
	</variable>

	<variable name="sub_icon_color">
		<value condition="!IsEmpty(Container(9001).ListItem.Property(TextColor))">$INFO[Container(9001).ListItem.Property(TextColor)]</value>
		<value condition="!Skin.HasSetting(Home_Horizontal)">$VAR[main_color]</value>
		<value>white</value>
	</variable>
	<variable name="menu_focus_color">
		<value condition="!IsEmpty(Container(9000).ListItem.Property(TextColor))">$INFO[Container(9000).ListItem.Property(TextColor)]</value>
		<value>$VAR[main_color]</value>
	</variable>
	<variable name="menu_subfocus_color">
		<value condition="!IsEmpty(Container(9001).ListItem.Property(TextColor))">$INFO[Container(9001).ListItem.Property(TextColor)]</value>
		<value>$VAR[main_color]</value>
	</variable>

	<variable name="widget_color">
		<value condition="!IsEmpty(Skin.String(widget_color))">$INFO[Skin.String(widget_color)]</value>
		<value>grey_50</value>
	</variable>
	<variable name="menu_bg_color">
		<value condition="!IsEmpty(Skin.String(menu_bg_color))">$INFO[Skin.String(menu_bg_color)]</value>
		<value condition="IsEmpty(Skin.String(menu_bg_color)) + Skin.HasSetting(Home_Horizontal)">black</value>
		<value condition="IsEmpty(Skin.String(menu_bg_color)) + !Skin.HasSetting(Home_Horizontal)">FF242424</value>
		<value>black</value>
	</variable>
	<variable name="submenu_color">
		<value condition="!IsEmpty(Skin.String(submenu_color))">$INFO[Skin.String(submenu_color)]</value>
		<value condition="IsEmpty(Skin.String(submenu_color)) + Skin.HasSetting(Home_Horizontal)">FF444444</value>
		<value condition="IsEmpty(Skin.String(submenu_color)) + !Skin.HasSetting(Home_Horizontal)">grey_50</value>
		<value>grey_50</value>
	</variable>
	<variable name="splash_path">
		<value condition="!IsEmpty(Skin.String(splash_path))">$INFO[Skin.String(splash_path)]</value>
		<value>special://skin/extras/splash.jpg</value>
	</variable>

	<variable name="color_picker">
		<value condition="StringCompare(Skin.String(color_picker),main_color)">$INFO[Skin.String(main_color)]</value>
		<value condition="StringCompare(Skin.String(color_picker),topbar_text_color)">$INFO[Skin.String(topbar_text_color)]</value>
		<value condition="StringCompare(Skin.String(color_picker),topbar_rss1_color)">$INFO[Skin.String(topbar_rss1_color)]</value>
		<value condition="StringCompare(Skin.String(color_picker),topbar_rss2_color)">$INFO[Skin.String(topbar_rss2_color)]</value>
		<value condition="StringCompare(Skin.String(color_picker),weather_color)">$INFO[Skin.String(weather_color)]</value>
		<value condition="StringCompare(Skin.String(color_picker),custom_color)">$INFO[Skin.String(custom_color)]</value>
		<value condition="StringCompare(Skin.String(color_picker),list_bg_color)">$INFO[Skin.String(list_bg_color)]</value>
		<value condition="StringCompare(Skin.String(color_picker),list_color_custom)">$INFO[Skin.String(list_color_custom)]</value>
		<value condition="StringCompare(Skin.String(color_picker),menu_bg_color)">$INFO[Skin.String(menu_bg_color)]</value>
		<value condition="StringCompare(Skin.String(color_picker),menu_icon_color_nf)">$INFO[Skin.String(menu_icon_color_nf)]</value>
		<value condition="StringCompare(Skin.String(color_picker),submenu_color)">$INFO[Skin.String(submenu_color)]</value>
		<value condition="StringCompare(Skin.String(color_picker),widget_color)">$INFO[Skin.String(widget_color)]</value>
	</variable>
	<variable name="color_picker_defaults">
		<value condition="StringCompare(Skin.String(color_picker),main_color)">FFe66a4f</value>
		<value condition="StringCompare(Skin.String(color_picker),topbar_text_color)">white</value>
		<value condition="StringCompare(Skin.String(color_picker),topbar_rss1_color)">white</value>
		<value condition="StringCompare(Skin.String(color_picker),topbar_rss2_color)">white</value>
		<value condition="StringCompare(Skin.String(color_picker),weather_color)">white</value>
		<value condition="StringCompare(Skin.String(color_picker),custom_color)">-</value>
		<value condition="StringCompare(Skin.String(color_picker),list_bg_color)">$VAR[main_color]</value>
		<value condition="StringCompare(Skin.String(color_picker),list_color_custom)">grey_b</value>
		<value condition="StringCompare(Skin.String(color_picker),menu_bg_color)">FF000000</value>
		<value condition="StringCompare(Skin.String(color_picker),menu_icon_color_nf)">grey</value>
		<value condition="StringCompare(Skin.String(color_picker),submenu_color) + Skin.HasSetting(Home_Horizontal)">FF444444</value>
		<value condition="StringCompare(Skin.String(color_picker),submenu_color) + !Skin.HasSetting(Home_Horizontal)">grey_50</value>
		<value condition="StringCompare(Skin.String(color_picker),widget_color)">grey_50</value>
		<value>FFe66a4f</value>
	</variable>

	<variable name="DialogSeekBarLabel">
		<value condition="!IsEmpty(Player.SeekStepSize) + ![player.forwarding | player.rewinding]">[B]$INFO[Player.SeekStepSize][/B]</value>
		<!-- <value condition="Player.DisplayAfterSeek + ![player.forwarding | player.rewinding]">[B]$INFO[Player.SeekOffset][/B]</value> -->
		<value condition="Player.Playing + !Player.Seeking + !Player.DisplayAfterSeek">[B]$LOCALIZE[31042][/B]</value>
		<value condition="[Player.Paused + !Player.Caching] + !Player.Seeking + !Player.DisplayAfterSeek">[B]$LOCALIZE[112][/B]</value>
		<value condition="[Player.Paused + Player.Caching] + !Player.Seeking + !Player.DisplayAfterSeek">[B]$LOCALIZE[15107] $INFO[Player.CacheLevel]%[/B]</value>
		<value condition="Player.Seeking">[B]$LOCALIZE[773] $INFO[Player.SeekOffset][/B]</value>
		<value condition="Player.Rewinding2x + !Player.Seeking">[B]$LOCALIZE[31045] x2[/B]</value>
		<value condition="Player.Rewinding4x + !Player.Seeking">[B]$LOCALIZE[31045] x4[/B]</value>
		<value condition="Player.Rewinding8x + !Player.Seeking">[B]$LOCALIZE[31045] x8[/B]</value>
		<value condition="Player.Rewinding16x + !Player.Seeking">[B]$LOCALIZE[31045] x16[/B]</value>
		<value condition="Player.Rewinding32x + !Player.Seeking">[B]$LOCALIZE[31045] x32[/B]</value>
		<value condition="Player.Forwarding2x + !Player.Seeking">[B]$LOCALIZE[31044] x2[/B]</value>
		<value condition="Player.Forwarding4x + !Player.Seeking">[B]$LOCALIZE[31044] x4[/B]</value>
		<value condition="Player.Forwarding8x + !Player.Seeking">[B]$LOCALIZE[31044] x8[/B]</value>
		<value condition="Player.Forwarding16x + !Player.Seeking">[B]$LOCALIZE[31044] x16[/B]</value>
		<value condition="Player.Forwarding32x + !Player.Seeking">[B]$LOCALIZE[31044] x32[/B]</value>
		<value condition="Player.DisplayAfterSeek + !Player.Seeking">[B]$INFO[Player.SeekOffset][/B]</value>
	</variable>
	<variable name="shortcuts_bgpath">
		<value condition="!IsEmpty(Container(211).ListItem.Property(backgroundName))">$INFO[Container(211).ListItem.Property(backgroundName)]</value>
		<value>$INFO[Container(211).ListItem.Property(background)]</value>
	</variable>
	<variable name="sub_lang_name">		
		<value condition="StringCompare(VideoPlayer.SubtitlesLanguage,ara)">ar</value>
		<value condition="StringCompare(VideoPlayer.SubtitlesLanguage,bul)">bg</value>
		<value condition="StringCompare(VideoPlayer.SubtitlesLanguage,bos)">bs</value>
		<value condition="StringCompare(VideoPlayer.SubtitlesLanguage,cat)">ca</value>
		<value condition="StringCompare(VideoPlayer.SubtitlesLanguage,cze)">cs</value>
		<value condition="StringCompare(VideoPlayer.SubtitlesLanguage,dan)">da</value>
		<value condition="StringCompare(VideoPlayer.SubtitlesLanguage,ger)">de</value>
		<value condition="StringCompare(VideoPlayer.SubtitlesLanguage,gre)">el</value>
		<value condition="StringCompare(VideoPlayer.SubtitlesLanguage,eng)">en</value>
		<value condition="StringCompare(VideoPlayer.SubtitlesLanguage,spa)">es</value>
		<value condition="StringCompare(VideoPlayer.SubtitlesLanguage,est)">et</value>
		<value condition="StringCompare(VideoPlayer.SubtitlesLanguage,fas)">fa</value>
		<value condition="StringCompare(VideoPlayer.SubtitlesLanguage,fin)">fi</value>
		<value condition="StringCompare(VideoPlayer.SubtitlesLanguage,fao)">fo</value>
		<value condition="StringCompare(VideoPlayer.SubtitlesLanguage,fra)">fr</value>
		<value condition="StringCompare(VideoPlayer.SubtitlesLanguage,glg)">gl</value>
		<value condition="StringCompare(VideoPlayer.SubtitlesLanguage,heb)">he</value>
		<value condition="StringCompare(VideoPlayer.SubtitlesLanguage,hin)">hi</value>
		<value condition="StringCompare(VideoPlayer.SubtitlesLanguage,hrv)">hr</value>
		<value condition="StringCompare(VideoPlayer.SubtitlesLanguage,hun)">hu</value>
		<value condition="StringCompare(VideoPlayer.SubtitlesLanguage,hye)">hy</value>
		<value condition="StringCompare(VideoPlayer.SubtitlesLanguage,ind)">id</value>
		<value condition="StringCompare(VideoPlayer.SubtitlesLanguage,isl)">is</value>
		<value condition="StringCompare(VideoPlayer.SubtitlesLanguage,ita)">it</value>
		<value condition="StringCompare(VideoPlayer.SubtitlesLanguage,jpn)">ja</value>
		<value condition="StringCompare(VideoPlayer.SubtitlesLanguage,kaz)">kk</value>
		<value condition="StringCompare(VideoPlayer.SubtitlesLanguage,kor)">ko</value>
		<value condition="StringCompare(VideoPlayer.SubtitlesLanguage,itz)">lb</value>
		<value condition="StringCompare(VideoPlayer.SubtitlesLanguage,lit)">lt</value>
		<value condition="StringCompare(VideoPlayer.SubtitlesLanguage,lav)">lv</value>		
		<value condition="StringCompare(VideoPlayer.SubtitlesLanguage,mkd)">mk</value>		
		<value condition="StringCompare(VideoPlayer.SubtitlesLanguage,may)">ms</value>
		<value condition="StringCompare(VideoPlayer.SubtitlesLanguage,dut)">nl</value>
		<value condition="StringCompare(VideoPlayer.SubtitlesLanguage,nor)">no</value>
		<value condition="StringCompare(VideoPlayer.SubtitlesLanguage,pol)">pl</value>
		<value condition="StringCompare(VideoPlayer.SubtitlesLanguage,por)">pt</value>
		<value condition="StringCompare(VideoPlayer.SubtitlesLanguage,rum)">ro</value>		
		<value condition="StringCompare(VideoPlayer.SubtitlesLanguage,rus)">ru</value>	
		<value condition="StringCompare(VideoPlayer.SubtitlesLanguage,slo)">sk</value>
		<value condition="StringCompare(VideoPlayer.SubtitlesLanguage,slv)">sl</value>
		<value condition="StringCompare(VideoPlayer.SubtitlesLanguage,alb)">sq</value>
		<value condition="StringCompare(VideoPlayer.SubtitlesLanguage,srp)">sr</value>
		<value condition="StringCompare(VideoPlayer.SubtitlesLanguage,swe)">sv</value>
		<value condition="StringCompare(VideoPlayer.SubtitlesLanguage,tur)">tr</value>
		<value condition="StringCompare(VideoPlayer.SubtitlesLanguage,ukr)">uk</value>		
		<value condition="StringCompare(VideoPlayer.SubtitlesLanguage,vie)">vi</value>
		<value condition="StringCompare(VideoPlayer.SubtitlesLanguage,chi)">zh</value>
	</variable>
	<!-- Password Protection -->
	<variable name="passcode">
		<value condition="[IsEmpty(Container(211).ListItem.Property(ParentalControl)) | SubString(Container(211).ListItem.Property(ParentalControl),no)]">$LOCALIZE[106]</value>
		<value>$LOCALIZE[107]</value>
	</variable>
	<variable name="temp_passcode">
		<value condition="!IsEmpty(Skin.String(temp))">$INFO[Skin.String(temp)]</value>
		<value>$INFO[Skin.String(passcode)]</value>
	</variable>
	<variable name="password_time">
		<value condition="!IsEmpty(Skin.String(password_time))">$INFO[Skin.String(password_time)]</value>
		<value>5</value>
	</variable>
	<variable name="password_fanart">
		<value condition="!IsEmpty(Skin.String(password_fanart))">$INFO[Skin.String(password_fanart)]</value>
		<value>special://skin/backgrounds/videos.jpg</value>
	</variable>

	<variable name="password_notification">
		<value condition="StringCompare(Skin.String(mypassword),Skin.String(passcode))">$LOCALIZE[31086] $VAR[password_time] $LOCALIZE[12391]</value>
		<value>$LOCALIZE[31089]!</value>
	</variable>
	<variable name="password_notification_icon">
		<value condition="StringCompare(Skin.String(mypassword),Skin.String(passcode))">key.png</value>
		<value condition="!StringCompare(Skin.String(mypassword),Skin.String(passcode))">defaulticonerror.png</value>
	</variable>
	<variable name="widelist_fakecdart">
		<value condition="Container.Content(episodes) + !IsEmpty(ListItem.Art(tvshow.poster))">$INFO[ListItem.Art(tvshow.poster)]</value>
		<value condition="Container.Content(seasons)">$INFO[ListItem.Art(poster)]</value>
		<value>$INFO[ListItem.Art(poster)]</value>
	</variable>

	<variable name="camera_brand">
		<value condition="SubString(ListItem.PictureCamMake,nikon)">nikon.png</value>
		<value condition="SubString(ListItem.PictureCamMake,canon)">canon.png</value>
		<value condition="SubString(ListItem.PictureCamMake,apple)">apple.png</value>
		<value condition="SubString(ListItem.PictureCamMake,samsung)">samsung.png</value>
		<value condition="SubString(ListItem.PictureCamMake,sony)">sony.png</value>
		<value condition="SubString(ListItem.PictureCamMake,pentax)">pentax.png</value>
		<value condition="SubString(ListItem.PictureCamMake,htc)">htc.png</value>
		<value condition="SubString(ListItem.PictureCamMake,casio)">casio.png</value>
		<value condition="SubString(ListItem.PictureCamMake,fujifilm)">fujifilm.png</value>
		<value condition="SubString(ListItem.PictureCamMake,nokia)">nokia.png</value>
		<value condition="SubString(ListItem.PictureCamMake,panasonic)">panasonic.png</value>	
		<value condition="SubString(ListItem.PictureCamMake,gopro)">gopro.png</value>	
		<value condition="SubString(ListItem.PictureCamMake,olympus)">olympus.png</value>
		<value condition="SubString(ListItem.PictureCamMake,lg electronics)">lg.png</value>
		<value>default.png</value>
	</variable>

	<variable name="fanart_bg">
		<value condition="Window.IsActive(mypics.xml) + !IsEmpty(ListItem.FilenameAndPath) + !StringCompare(ListItem.Label,..) + !ListItem.IsFolder">$INFO[ListItem.FilenameAndPath]</value>
		<value condition="!IsEmpty(ListItem.Art(fanart))">$INFO[ListItem.Art(fanart)]</value>
		<value condition="IsEmpty(ListItem.Art(fanart)) + Window.IsActive(mypics.xml)">special://skin/backgrounds/camera.jpg</value>
		<value condition="IsEmpty(ListItem.Art(fanart)) + Window.IsActive(MyPVRChannels.xml)">special://skin/backgrounds/livetv.jpg</value>
		<value condition="Window.IsActive(LoginScreen.xml)">special://skin/backgrounds/camera.jpg</value>
		<value>special://skin/backgrounds/videos.jpg</value>
	</variable>
</includes>
