<?xml version="1.0" encoding="UTF-8"?>
<window>
	<defaultcontrol allways="true">6</defaultcontrol>
	<allowoverlay>no</allowoverlay>
	<controls>
		<control type="image">
			<posx>0</posx>
			<posy>0</posy>
			<width>1920</width>
			<height>1080</height>
			<texture background="true">special://skin/backgrounds/camera.jpg</texture>
			<aspectratio>scale</aspectratio>
			<fadetime>300</fadetime>
		</control>

		<control type="group">

			<control type="group">
				<animation effect="slide" start="0,-1000" end="0,0" time="500" tween="quadratic" easing="out">WindowOpen</animation>
				<animation effect="slide" start="0,0" end="0,-1000" time="500" tween="quadratic" easing="out">WindowClose</animation>
				<control type="image">
					<posx>717</posx>
					<posy>165</posy>
					<width>486</width>
					<height>750</height>
					<texture colordiffuse="grey_50">white.png</texture>
					<animation effect="fade" end="80" time="0" condition="true">Conditional</animation>
				</control>
				<!-- Middle grouplist -->
				<control type="grouplist" id="9000">
					<posx>720</posx>
					<posy>711</posy>
					<width>480</width>
					<height>462</height>
					<itemgap>0</itemgap>
					<onleft>50</onleft>
					<onright>100</onright>
					<onup>9000</onup>
					<ondown>9000</ondown>
					<orientation>vertical</orientation>

					<!-- Open Button -->
					<control type="button" id="6">
						<align>center</align>
						<label>31055</label>
						<width>480</width>
						<focusedcolor>white</focusedcolor>
						<texturefocus colordiffuse="$VAR[main_color]">white.png</texturefocus>
					</control>

					<!-- Save Button -->
					<control type="button" id="7">
						<align>center</align>
						<label>31056</label>
						<width>480</width>
						<focusedcolor>white</focusedcolor>
						<texturefocus colordiffuse="$VAR[main_color]">white.png</texturefocus>
					</control>

					<!-- Clear Button -->
					<control type="button" id="8">
						<align>center</align>
						<label>31057</label>
						<width>480</width>
						<focusedcolor>white</focusedcolor>
						<texturefocus colordiffuse="$VAR[main_color]">white.png</texturefocus>
					</control>
				</control>


				<control type="group">
					<posy>128</posy>
					<visible>Control.HasFocus(50) | Control.HasFocus(100)</visible>
					<control type="group">
						<visible>Control.HasFocus(50)</visible>
						<control type="image">
							<posx>825</posx>
							<posy>68</posy>
							<width>255</width>
							<height>255</height>
							<texture background="true">$INFO[Container(50).ListItem.Icon]</texture>
							<visible>stringcompare(ListItem.Label,..)</visible>
						</control>

						<control type="image">
							<posx>843</posx>
							<posy>72</posy>
							<width>248</width>
							<height>248</height>
							<texture background="true">$INFO[Container(50).ListItem.Icon]</texture>
						</control>

						<control type="textbox">
							<posx>732</posx>
							<posy>330</posy>
							<width>456</width>
							<height>278</height>
							<font>font-19</font>
							<align>center</align>
							<textcolor>white</textcolor>
							<shadowcolor>black</shadowcolor>
							<label>$INFO[Container(50).ListItem.Artist,,[CR]]$INFO[Container(50).ListItem.Album,,[CR]]$INFO[Container(50).ListItem.Title,,[CR]]$INFO[Container(50).ListItem.TrackNumber,, [COLOR=grey_b][B]$LOCALIZE[554]:[/B][/COLOR] ,    ]$INFO[Container(50).ListItem.Duration,, [COLOR=grey_b][B]$LOCALIZE[555]:[/B][/COLOR]]$INFO[Container(50).ListItem.Genre,[CR]]</label>
						</control>
					</control>
					<control type="group">
						<visible>Control.HasFocus(100)</visible>
						<control type="image">
							<posx>843</posx>
							<posy>72</posy>
							<width>248</width>
							<height>248</height>
							<texture background="true">$INFO[Container(100).ListItem.Icon]</texture>
						</control>
						<control type="textbox">
							<posx>732</posx>
							<posy>330</posy>
							<width>456</width>
							<height>308</height>
							<font>font-19</font>
							<align>center</align>
							<textcolor>white</textcolor>
							<shadowcolor>black</shadowcolor>
							<label>$INFO[Container(100).ListItem.Artist,,[CR]]$INFO[Container(100).ListItem.Album,,[CR]]$INFO[Container(100).ListItem.Title,,[CR]]$INFO[Container(100).ListItem.TrackNumber,, [COLOR=grey_b][B]$LOCALIZE[554]:[/B][/COLOR] ,    ]$INFO[Container(100).ListItem.Duration,, [COLOR=grey_b][B]$LOCALIZE[555]:[/B][/COLOR]]$INFO[Container(100).ListItem.Genre,[CR]]</label>
						</control>
					</control>
				</control>
			</control>
			<control type="group">
				<animation effect="slide" start="-720,0" end="0,0" time="500" tween="quadratic" easing="out">WindowOpen</animation>
				<animation effect="slide" end="-720,0" start="0,0" time="500" tween="quadratic" easing="out">WindowClose</animation>

				<control type="image">
					<posx>0</posx>
					<posy>165</posy>
					<width>717</width>
					<height>750</height>
					<texture colordiffuse="black">white.png</texture>
					<animation effect="fade" end="80" time="0" condition="true">Conditional</animation>
				</control>
				<control type="label">
					<posx>38</posx>
					<posy>202</posy>
					<width>645</width>
					<height>45</height>
					<font>font-32</font>
					<textcolor>white</textcolor>
					<align>center</align>
					<aligny>center</aligny>
					<label>31058</label>
				</control>
				<control type="image">
					<posx>38</posx>
					<posy>255</posy>
					<width>645</width>
					<height>1</height>
					<texture>white.png</texture>
				</control>
				<control type="scrollbar" id="30">
					<posx>686</posx>
					<posy>264</posy>
					<width>15</width>
					<height>622</height>
					<include>scroll_bar</include>
					<onleft>31</onleft>
					<onright>50</onright>
					<showonepage>false</showonepage>
					<orientation>vertical</orientation>
				</control>
				<control type="list" id="50">
					<posx>38</posx>
					<posy>270</posy>
					<width>705</width>
					<height>616</height>
					<onleft>30</onleft>
					<onright>6</onright>
					<onup>50</onup>
					<ondown>50</ondown>
					<viewtype label="535">list</viewtype>
					<pagecontrol>30</pagecontrol>
					<scrolltime>200</scrolltime>
					<preloaditems>2</preloaditems>
					<itemlayout width="645" height="44">
						<control type="label">
							<posx>15</posx>
							<posy>0</posy>
							<width>615</width>
							<height>45</height>
							<font>font-20</font>
							<textcolor>lightgrey</textcolor>
							<selectedcolor>blue</selectedcolor>
							<align>left</align>
							<aligny>center</aligny>
							<label>$INFO[ListItem.Label]</label>
						</control>
						<control type="label">
							<posx>15</posx>
							<posy>0</posy>
							<width>615</width>
							<height>45</height>
							<font>font-20</font>
							<textcolor>lightgrey</textcolor>
							<selectedcolor>blue</selectedcolor>
							<align>right</align>
							<aligny>center</aligny>
							<label>$INFO[ListItem.Label2]</label>
						</control>
					</itemlayout>
					<focusedlayout width="600" height="44">
						<control type="image">
							<posx>0</posx>
							<posy>0</posy>
							<width>645</width>
							<height>44</height>
							<texture colordiffuse="$VAR[main_color]">white.png</texture>
							<visible>Control.HasFocus(50)</visible>
						</control>
						<control type="image">
							<posx>0</posx>
							<posy>0</posy>
							<width>645</width>
							<height>44</height>
							<texture colordiffuse="grey">white.png</texture>
							<visible>!Control.HasFocus(50)</visible>
						</control>
						<control type="label">
							<posx>15</posx>
							<posy>0</posy>
							<width>615</width>
							<height>45</height>
							<font>font-20</font>
							<textcolor>white</textcolor>
							<selectedcolor>blue</selectedcolor>
							<align>left</align>
							<aligny>center</aligny>
							<label>$INFO[ListItem.Label]</label>
						</control>
						<control type="label">
							<posx>15</posx>
							<posy>0</posy>
							<width>615</width>
							<height>45</height>
							<font>font-20</font>
							<textcolor>white</textcolor>
							<selectedcolor>blue</selectedcolor>
							<align>right</align>
							<aligny>center</aligny>
							<label>$INFO[ListItem.Label2]</label>
						</control>
					</focusedlayout>
				</control>
			</control>
			<control type="group">
				<animation effect="slide" start="720,0" end="0,0" time="500" tween="quadratic" easing="out">WindowOpen</animation>
				<animation effect="slide" end="720,0" start="0,0" time="500" tween="quadratic" easing="out">WindowClose</animation>
				<posx>1203</posx>
				<control type="image">
					<posx>0</posx>
					<posy>165</posy>
					<width>720</width>
					<height>750</height>
					<texture colordiffuse="black">white.png</texture>
					<animation effect="fade" end="80" time="0" condition="true">Conditional</animation>
				</control>

				<control type="label">
					<posx>38</posx>
					<posy>202</posy>
					<width>645</width>
					<height>45</height>
					<font>font-32</font>
					<textcolor>white</textcolor>
					<align>center</align>
					<aligny>center</aligny>
					<label>31059</label>
				</control>
				<control type="image">
					<posx>38</posx>
					<posy>255</posy>
					<width>645</width>
					<height>1</height>
					<texture>white.png</texture>
				</control>
				<control type="scrollbar" id="31">
					<posx>686</posx>
					<posy>264</posy>
					<width>15</width>
					<height>622</height>
					<include>scroll_bar</include>
					<onleft>100</onleft>
					<onright>30</onright>
					<showonepage>false</showonepage>
					<orientation>vertical</orientation>
				</control>
				<control type="list" id="100">
					<posx>38</posx>
					<posy>270</posy>
					<width>705</width>
					<height>616</height>
					<onleft>6</onleft>
					<onright>31</onright>
					<onup>100</onup>
					<ondown>100</ondown>
					<viewtype label="535">list</viewtype>
					<pagecontrol>31</pagecontrol>
					<scrolltime>200</scrolltime>
					<preloaditems>2</preloaditems>
					<itemlayout width="645" height="44">
						<control type="label">
							<posx>15</posx>
							<posy>0</posy>
							<width>615</width>
							<height>45</height>
							<font>font-20</font>
							<textcolor>lightgrey</textcolor>
							<selectedcolor>blue</selectedcolor>
							<align>left</align>
							<aligny>center</aligny>
							<label>$INFO[ListItem.Label]</label>
						</control>
						<control type="label">
							<posx>15</posx>
							<posy>0</posy>
							<width>615</width>
							<height>45</height>
							<font>font-20</font>
							<textcolor>lightgrey</textcolor>
							<selectedcolor>blue</selectedcolor>
							<align>right</align>
							<aligny>center</aligny>
							<label>$INFO[ListItem.Label2]</label>
						</control>
					</itemlayout>
					<focusedlayout width="645" height="44">
						<control type="image">
							<posx>0</posx>
							<posy>0</posy>
							<width>645</width>
							<height>44</height>
							<texture colordiffuse="$VAR[main_color]">white.png</texture>
							<visible>Control.HasFocus(100)</visible>
						</control>
						<control type="image">
							<posx>0</posx>
							<posy>0</posy>
							<width>645</width>
							<height>44</height>
							<texture colordiffuse="grey">white.png</texture>
							<visible>!Control.HasFocus(100)</visible>
						</control>
						<control type="label">
							<posx>15</posx>
							<posy>0</posy>
							<width>615</width>
							<height>45</height>
							<font>font-20</font>
							<textcolor>white</textcolor>
							<selectedcolor>blue</selectedcolor>
							<align>left</align>
							<aligny>center</aligny>
							<label>$INFO[ListItem.Label]</label>
						</control>
						<control type="label">
							<posx>15</posx>
							<posy>0</posy>
							<width>615</width>
							<height>45</height>
							<font>font-20</font>
							<textcolor>white</textcolor>
							<selectedcolor>blue</selectedcolor>
							<align>right</align>
							<aligny>center</aligny>
							<label>$INFO[ListItem.Label2]</label>
						</control>
					</focusedlayout>
				</control>
			</control>




		</control>
	</controls>
</window>
