<?xml version="1.0" encoding="utf-8"?>
<window>
	<defaultcontrol always="false">101</defaultcontrol>
	<animation effect="fade" start="0" end="100" time="300">WindowOpen</animation>
	<animation effect="fade" start="100" end="0" time="300">WindowClose</animation>
	<controls>
		<control type="group">
			<control type="image">
				<posx>0</posx>
				<posy>0</posy>
				<width>1920</width>
				<height>360</height>
				<texture background="true">main/widget_title.png</texture>
			</control>

			<control type="label">
				<description>lyrics</description>
				<posx>0</posx>
				<posy>0</posy>
				<height>117</height>
				<width>1920</width>
				<font>font-30</font>
				<align>center</align>
				<aligny>top</aligny>
				<label>24013</label>
			</control>

			<control type="label" id="2">
				<visible>Control.IsVisible(120) + !Control.IsVisible(110)</visible>
				<description>Pick label</description>
				<posx>0</posx>
				<posy>33</posy>
				<height>117</height>
				<width>1920</width>
				<font>font-22</font>
				<align>center</align>
				<aligny>center</aligny>
				<label>$LOCALIZE[134]</label>
			</control>
			<!-- ** Required ** Do not change <id> or <type> (Smooth scrolling list for lyrics) -->
			<control type="list" id="110">
				<posx>0</posx>
				<posy>60</posy>
				<width>1920</width>
				<height>300</height>
				<onleft>110</onleft>
				<onright>110</onright>
				<onup>9900</onup>
				<ondown>110</ondown>
				<align>center</align>
				<itemlayout height="50">
					<control type="label">
						<posx>10</posx>
						<posy>0</posy>
						<width>1900</width>
						<height>50</height>
						<aligny>center</aligny>
						<align>center</align>
						<font>font-30</font>
						<label>[B]$INFO[ListItem.Label][/B]</label>
					</control>
				</itemlayout>
				<focusedlayout height="50">
					<control type="group">
						<animation type="Focus" reversible="false">
							<effect type="zoom" start="100" end="108" time="100" center="960,25"/>
							<effect type="zoom" start="100" end="92" time="50" delay="100" center="960,25"/>
							<effect type="fade" start="10" end="100" time="100"/>
						</animation>
						<control type="label">
							<posx>10</posx>
							<posy>0</posy>
							<width>1900</width>
							<height>50</height>
							<aligny>center</aligny>
							<align>center</align>
							<font>font-35</font>
							<textcolor>$VAR[main_color]</textcolor>
							<shadowcolor>black</shadowcolor>
							<label fallback="- -">[B]$INFO[ListItem.Label][/B]</label>
						</control>
					</control>
				</focusedlayout>
			</control>
			<!-- ** Required ** Do not change <id> or <type> (Song Chooser if it gets it wrong) -->
			<control type="list" id="120">
				<posx>0</posx>
				<posy>195</posy>
				<width>1920</width>
				<height>350</height>
				<onleft>120</onleft>
				<onright>120</onright>
				<onup>9900</onup>
				<ondown>120</ondown>
				<pagecontrol>121</pagecontrol>
				<itemlayout height="50">
					<control type="label">
						<posx>10</posx>
						<posy>0</posy>
						<width>1900</width>
						<height>50</height>
						<aligny>center</aligny>
						<align>center</align>
						<font>font-30</font>
						<label>$INFO[ListItem.Label]</label>
					</control>
				</itemlayout>
				<focusedlayout height="50">
					<control type="group">
						<animation type="Focus" reversible="false">
							<effect type="zoom" start="100" end="108" time="100" center="960,25"/>
							<effect type="zoom" start="100" end="92.592592592593" time="50" delay="100" center="960,25"/>
							<effect type="fade" start="10" end="100" time="100"/>
						</animation>
						<control type="label">
							<posx>10</posx>
							<posy>0</posy>
							<width>1900</width>
							<height>50</height>
							<aligny>center</aligny>
							<align>center</align>
							<font>font-35</font>
							<textcolor>$VAR[main_color]</textcolor>
							<shadowcolor>black</shadowcolor>
							<label>$INFO[ListItem.Label]</label>
						</control>
					</control>
				</focusedlayout>
			</control>
			<control type="spincontrol" id="111">
				<visible>false</visible>
				<description>Next page button</description>
			</control>
			<control type="spincontrol" id="121">
				<visible>false</visible>
				<description>Next page button</description>
			</control>
			<control type="label" id="200">
				<description>Scraper Label</description>
				<visible>False</visible>
			</control>
		</control>

		<!-- MUSIC OSD -->
		<control type="group">
			<posx>0</posx>
			<posy>0</posy>
			<visible>Player.HasAudio</visible>
			<include>MusicOSD</include>
		</control>
	</controls>
</window>
