<?xml version="1.0" encoding="UTF-8"?>
<window>
	<!-- systeminfo -->
	<backgroundcolor>ffdadad7</backgroundcolor>
	<defaultcontrol always="true">4</defaultcontrol>

	<controls>

		<include>top_bar_solid</include>
		<control type="image">
			<posx>1630</posx>
			<posy>80</posy>
			<width>290</width>
			<height>1000</height>
			<texture background="true">main/main_menu.png</texture>
			<animation effect="fade" end="100" time="0" condition="true">Conditional</animation>
		</control>
		<control type="group">
			<!-- Dummy list -->
			<control type="grouplist" id="9000">
				<posx>1631</posx>
				<posy>118</posy>
				<width>290</width>
				<height>880</height>
				<itemgap>0</itemgap>
				<orientation>vertical</orientation>

				<!-- Appearance -->
				<control type="button">
					<width>300</width>
					<height>57</height>
					<label>480</label>
					<font>menu</font>
					<textcolor>$VAR[main_color]</textcolor>
					<texturenofocus>main/main_focus.png</texturenofocus>
					<include>button_settings</include>
					<visible>Window.IsActive(appearancesettings) + IsEmpty(Window(settings).Property(ChangeSettingsLevel))</visible>
				</control>
				<control type="button">
					<width>300</width>
					<height>57</height>
					<label>480</label>
					<font>menu</font>
					<include>button_settings</include>
					<onclick>ActivateWindow(appearancesettings)</onclick>
					<visible>!Window.IsActive(appearancesettings) | !IsEmpty(Window(settings).Property(ChangeSettingsLevel))</visible>
				</control>
				<!-- Videos -->
				<control type="button">
					<width>300</width>
					<height>57</height>
					<label>3</label>
					<font>menu</font>
					<textcolor>$VAR[main_color]</textcolor>
					<texturenofocus>main/main_focus.png</texturenofocus>
					<include>button_settings</include>
					<visible>Window.IsActive(videossettings)</visible>
				</control>
				<control type="button">
					<width>300</width>
					<height>57</height>
					<label>3</label>
					<font>menu</font>
					<include>button_settings</include>
					<onclick>ActivateWindow(videossettings)</onclick>
					<visible>!Window.IsActive(videossettings)</visible>
				</control>
				<!-- Music -->
				<control type="button">
					<width>300</width>
					<height>57</height>
					<label>2</label>
					<font>menu</font>
					<textcolor>$VAR[main_color]</textcolor>
					<texturenofocus>main/main_focus.png</texturenofocus>
					<include>button_settings</include>
					<visible>Window.IsActive(musicsettings)</visible>
				</control>
				<control type="button">
					<width>300</width>
					<height>57</height>
					<label>2</label>
					<font>menu</font>
					<include>button_settings</include>
					<onclick>ActivateWindow(musicsettings)</onclick>
					<visible>!Window.IsActive(musicsettings)</visible>
				</control>
				<!-- Pictures -->
				<control type="button">
					<width>300</width>
					<height>57</height>
					<label>1</label>
					<font>menu</font>
					<textcolor>$VAR[main_color]</textcolor>
					<texturenofocus>main/main_focus.png</texturenofocus>
					<include>button_settings</include>
					<visible>Window.IsActive(picturessettings)</visible>
				</control>
				<control type="button">
					<width>300</width>
					<height>57</height>
					<label>1</label>
					<font>menu</font>
					<include>button_settings</include>
					<onclick>ActivateWindow(picturessettings)</onclick>
					<visible>!Window.IsActive(picturessettings)</visible>
				</control>
				<!-- Weather -->
				<control type="button">
					<width>300</width>
					<height>57</height>
					<label>8</label>
					<font>menu</font>
					<textcolor>$VAR[main_color]</textcolor>
					<texturenofocus>main/main_focus.png</texturenofocus>
					<include>button_settings</include>
					<visible>Window.IsActive(weathersettings)</visible>
				</control>
				<control type="button">
					<width>300</width>
					<height>57</height>
					<label>8</label>
					<font>menu</font>
					<include>button_settings</include>
					<onclick>ActivateWindow(weathersettings)</onclick>
					<visible>!Window.IsActive(weathersettings)</visible>
				</control>
				<!-- System -->
				<control type="button">
					<width>300</width>
					<height>57</height>
					<label>13000</label>
					<font>menu</font>
					<textcolor>$VAR[main_color]</textcolor>
					<texturenofocus>main/main_focus.png</texturenofocus>
					<include>button_settings</include>
					<visible>Window.IsActive(systemsettings)</visible>
				</control>
				<control type="button">
					<width>300</width>
					<height>57</height>
					<label>13000</label>
					<font>menu</font>
					<include>button_settings</include>
					<onclick>ActivateWindow(systemsettings)</onclick>
					<visible>!Window.IsActive(systemsettings)</visible>
				</control>
				<!-- Service -->
				<control type="button">
					<width>300</width>
					<height>57</height>
					<label>14036</label>
					<font>menu</font>
					<textcolor>$VAR[main_color]</textcolor>
					<texturenofocus>main/main_focus.png</texturenofocus>
					<include>button_settings</include>
					<visible>Window.IsActive(servicesettings)</visible>
				</control>
				<control type="button">
					<width>300</width>
					<height>57</height>
					<label>14036</label>
					<font>menu</font>
					<include>button_settings</include>
					<onclick>ActivateWindow(servicesettings)</onclick>
					<visible>!Window.IsActive(servicesettings)</visible>
				</control>
				<!-- PVR -->
				<control type="button">
					<width>300</width>
					<height>57</height>
					<label>19191</label>
					<font>menu</font>
					<textcolor>$VAR[main_color]</textcolor>
					<texturenofocus>main/main_focus.png</texturenofocus>
					<include>button_settings</include>
					<visible>Window.IsActive(pvrsettings)</visible>
				</control>
				<control type="button">
					<width>300</width>
					<height>57</height>
					<label>19191</label>
					<font>menu</font>
					<include>button_settings</include>
					<onclick>ActivateWindow(pvrsettings)</onclick>
					<visible>!Window.IsActive(pvrsettings)</visible>
				</control>
				<!-- Seperator -->
				<control type="image">
					<width>290</width>
					<height>2</height>
					<texture background="true">white.png</texture>
					<animation effect="fade" end="95" time="0" condition="true">Conditional</animation>
				</control>
				<!-- System info -->
				<control type="button">
					<width>300</width>
					<height>57</height>
					<label>130</label>
					<font>menu</font>
					<textcolor>$VAR[main_color]</textcolor>
					<texturenofocus>main/main_focus.png</texturenofocus>
					<include>button_settings</include>
					<visible>Window.IsActive(systeminfo)</visible>
				</control>

				<!-- System Info -->
				<control type="button">
					<width>300</width>
					<height>57</height>
					<label>130</label>
					<font>menu</font>
					<include>button_settings</include>
					<onclick>ActivateWindow(systeminfo)</onclick>
					<visible>!Window.IsActive(systeminfo)</visible>
				</control>

				<!-- Addons -->
				<control type="button">
					<width>300</width>
					<height>57</height>
					<label>24001</label>
					<font>menu</font>
					<include>button_settings</include>
					<onclick>ActivateWindow(addonbrowser)</onclick>
				</control>
				<!-- Profiles -->
				<control type="button">
					<width>300</width>
					<height>57</height>
					<label>13200</label>
					<font>menu</font>
					<textcolor>$VAR[main_color]</textcolor>
					<texturenofocus>main/main_focus.png</texturenofocus>
					<include>button_settings</include>
					<onclick>ActivateWindow(profiles)</onclick>
				</control>
				<!-- File Manager -->
				<control type="button">
					<width>300</width>
					<height>57</height>
					<label>7</label>
					<font>menu</font>
					<include>button_settings</include>
					<onclick>ActivateWindow(filemanager)</onclick>
				</control>
				<!-- Level of settings -->
				<control type="button">
					<width>300</width>
					<height>57</height>
					<label>$LOCALIZE[31001]</label>
					<font>menu</font>
					<include>button_settings</include>
					<onclick>SetProperty(ChangeSettingsLevel,true)</onclick>
					<onclick>ActivateWindow(appearancesettings)</onclick>

				</control>
				<!-- Seperator -->
				<control type="image">
					<width>290</width>
					<height>2</height>
					<texture background="true">white.png</texture>
					<animation effect="fade" end="95" time="0" condition="true">Conditional</animation>
				</control>
				<!-- Phenomenal Skin -->
				<control type="button">
					<width>300</width>
					<height>57</height>
					<label>31002</label>
					<font>menu</font>
					<textcolor>white</textcolor>
					<include>button_settings</include>
					<onclick>ActivateWindow(skinsettings)</onclick>
					<animation effect="fade" start="100" end="70" time="0" condition="!ControlGroup(9000).HasFocus">Conditional</animation>
				</control>
			</control>
			<control type="image">
				<posx>0</posx>
				<posy>945</posy>
				<width>1630</width>
				<height>135</height>
				<texture background="true">main/widget_title.png</texture>
			</control>

		</control>
		<include>skin_version_label</include>
		<!-- default list -->
		<control type="grouplist" id="500">
			<left>430</left>
			<top>244</top>
			<width>970</width>
			<height>194</height>
			<itemgap>34</itemgap>
			<onleft>noop</onleft>
			<onright>ReplaceWindow(settings)</onright>
			<onup>noop</onup>
			<ondown>2</ondown>
			<orientation>vertical</orientation>
			<usecontrolcoords>true</usecontrolcoords>
			<defaultcontrol always="true">4</defaultcontrol>

			<!-- Enable login screen 20096
			<control type="radiobutton" id="4">
				<width>300</width>
				<height>42</height>
				<textcolor>grey</textcolor>
				<focusedcolor>grey</focusedcolor>
				<font>font-22</font>
				<label>aaaaaa </label>
			</control>-->
			<control type="radiobutton" id="4">
				<description>Enable Login screen</description>
				<posx>0</posx>
				<posy>0</posy>
				<width>970</width>
				<label>20096</label>
				<align>right</align>
				<font>font-22</font>
				<textoffsetx>80</textoffsetx>
				<textcolor>darkgrey</textcolor>
				<include>button_settings</include>


			</control>
			<!-- Auto login -->
			<control type="button" id="5">
				<width>970</width>
				<height>42</height>
				<font>font-22</font>
				<label>33084</label>
				<textcolor>darkgrey</textcolor>
				<focusedcolor>$VAR[main_color]</focusedcolor>
				<disabledcolor>grey_a</disabledcolor>
				<invalidcolor>red</invalidcolor>
				<include>button_settings</include>
				<enable>!System.HasLoginScreen</enable>
			</control>

			<!-- Separator -->
			<control type="image" id="6">
				<top>11</top>
				<width>970</width>
				<height>5</height>
				<texture>white.png</texture>
			</control>
		</control>

		<control type="list" id="2">
			<left>420</left>
			<top>444</top>
			<width>970</width>
			<height>456</height>
			<onleft>noop</onleft>
			<onright>ReplaceWindow(settings)</onright>
			<onup>500</onup>
			<ondown>noop</ondown>
			<orientation>vertical</orientation>

			<itemlayout height="100" width="970">
				<control type="label">
					<posx>0</posx>
					<posy>0</posy>
					<width>860</width>
					<height>76</height>
					<font>font-22</font>
					<align>right</align>
					<textcolor>darkgrey</textcolor>
					<label>$INFO[ListItem.Label]</label>

				</control>
				<control type="image">
					<posx>900</posx>
					<posy>0</posy>
					<width>64</width>
					<height>64</height>
					<colordiffuse>55f1f1f1</colordiffuse>
					<texture fallback="defaultUser.png">$INFO[ListItem.Icon]</texture>
				</control>
			</itemlayout>

			<focusedlayout height="100" width="970">
				<control type="label">
					<posx>0</posx>
					<posy>0</posy>
					<width>860</width>
					<height>76</height>
					<font>font-22</font>
					<align>right</align>
					<label>$INFO[ListItem.Label]</label>
					<textcolor>$VAR[main_color]</textcolor>
					<animation effect="fade" start="100" end="50" time="0" condition="!Control.HasFocus(2)">Conditional</animation>
				</control>
				<control type="image">
					<posx>900</posx>
					<posy>0</posy>
					
					<width>64</width>
					<height>64</height>
					<texture fallback="defaultUser.png">$INFO[ListItem.Icon]</texture>
				</control>
			</focusedlayout>

		</control>


	</controls>

</window>
