<?xml version="1.0" encoding="UTF-8"?>
<window>
	<!-- systeminfo -->
	<backgroundcolor>ffdadad7</backgroundcolor>
	<defaultcontrol always="true">94</defaultcontrol>
	<onunload>RunScript(script.skinshortcuts,type=buildxml&amp;mainmenuID=9000)</onunload>
	<onload condition="!IsEmpty(Skin.String(AfterReload))">SetFocus(96)</onload>
	<onload condition="!IsEmpty(Skin.String(AfterReload))">SetFocus($INFO[Skin.String(AfterReload)])</onload>
	<onload condition="System.HasAddon(script.skin.helper.service) + IsEmpty(Skin.String(SkinHelper.RandomFanartDelay))">Skin.SetString(SkinHelper.RandomFanartDelay,10)</onload>
	<controls>
		<control type="group">
			<posx>420</posx>
			<posy>585</posy>
			<animation effect="zoom" end="45.5" time="0" condition="True">Conditional</animation>
			<include>skin_home</include>
			<visible>StringCompare(Skin.String(Section),3)</visible>
		</control>
		<control type="image">
			<posx>0</posx>
			<posy>0</posy>
			<width>1920</width>
			<height>1080</height>
			<texture background="true">prevmask.png</texture>
			<visible>StringCompare(Skin.String(Section),3)</visible>
		</control>
		<control type="image">
			<posx>1630</posx>
			<posy>80</posy>
			<width>290</width>
			<height>1000</height>
			<texture background="true">main/main_menu.png</texture>
			<animation effect="fade" end="100" time="0" condition="true">Conditional</animation>
		</control>
		<control type="group">
			<!-- Dummy list -->
			<control type="grouplist" id="9010">
				<posx>1631</posx>
				<posy>118</posy>
				<width>290</width>
				<height>880</height>
				<itemgap>0</itemgap>
				<orientation>vertical</orientation>

				<!-- Appearance -->
				<control type="button">
					<width>300</width>
					<height>57</height>
					<label>480</label>
					<font>menu</font>
					<textcolor>$VAR[main_color]</textcolor>
					<texturenofocus>main/main_focus.png</texturenofocus>
					<include>button_settings</include>
					<visible>Window.IsActive(appearancesettings) + IsEmpty(Window(settings).Property(ChangeSettingsLevel))</visible>
				</control>
				<control type="button">
					<width>300</width>
					<height>57</height>
					<label>480</label>
					<font>menu</font>
					<include>button_settings</include>
					<onclick>ActivateWindow(appearancesettings)</onclick>
					<visible>!Window.IsActive(appearancesettings) | !IsEmpty(Window(settings).Property(ChangeSettingsLevel))</visible>
				</control>
				<!-- Videos -->
				<control type="button">
					<width>300</width>
					<height>57</height>
					<label>3</label>
					<font>menu</font>
					<textcolor>$VAR[main_color]</textcolor>
					<texturenofocus>main/main_focus.png</texturenofocus>
					<include>button_settings</include>
					<visible>Window.IsActive(videossettings)</visible>
				</control>
				<control type="button">
					<width>300</width>
					<height>57</height>
					<label>3</label>
					<font>menu</font>
					<include>button_settings</include>
					<onclick>ActivateWindow(videossettings)</onclick>
					<visible>!Window.IsActive(videossettings)</visible>
				</control>
				<!-- Music -->
				<control type="button">
					<width>300</width>
					<height>57</height>
					<label>2</label>
					<font>menu</font>
					<textcolor>$VAR[main_color]</textcolor>
					<texturenofocus>main/main_focus.png</texturenofocus>
					<include>button_settings</include>
					<visible>Window.IsActive(musicsettings)</visible>
				</control>
				<control type="button">
					<width>300</width>
					<height>57</height>
					<label>2</label>
					<font>menu</font>
					<include>button_settings</include>
					<onclick>ActivateWindow(musicsettings)</onclick>
					<visible>!Window.IsActive(musicsettings)</visible>
				</control>
				<!-- Pictures -->
				<control type="button">
					<width>300</width>
					<height>57</height>
					<label>1</label>
					<font>menu</font>
					<textcolor>$VAR[main_color]</textcolor>
					<texturenofocus>main/main_focus.png</texturenofocus>
					<include>button_settings</include>
					<visible>Window.IsActive(picturessettings)</visible>
				</control>
				<control type="button">
					<width>300</width>
					<height>57</height>
					<label>1</label>
					<font>menu</font>
					<include>button_settings</include>
					<onclick>ActivateWindow(picturessettings)</onclick>
					<visible>!Window.IsActive(picturessettings)</visible>
				</control>
				<!-- Weather -->
				<control type="button">
					<width>300</width>
					<height>57</height>
					<label>8</label>
					<font>menu</font>
					<textcolor>$VAR[main_color]</textcolor>
					<texturenofocus>main/main_focus.png</texturenofocus>
					<include>button_settings</include>
					<visible>Window.IsActive(weathersettings)</visible>
				</control>
				<control type="button">
					<width>300</width>
					<height>57</height>
					<label>8</label>
					<font>menu</font>
					<include>button_settings</include>
					<onclick>ActivateWindow(weathersettings)</onclick>
					<visible>!Window.IsActive(weathersettings)</visible>
				</control>
				<!-- System -->
				<control type="button">
					<width>300</width>
					<height>57</height>
					<label>13000</label>
					<font>menu</font>
					<textcolor>$VAR[main_color]</textcolor>
					<texturenofocus>main/main_focus.png</texturenofocus>
					<include>button_settings</include>
					<visible>Window.IsActive(systemsettings)</visible>
				</control>
				<control type="button">
					<width>300</width>
					<height>57</height>
					<label>13000</label>
					<font>menu</font>
					<include>button_settings</include>
					<onclick>ActivateWindow(systemsettings)</onclick>
					<visible>!Window.IsActive(systemsettings)</visible>
				</control>
				<!-- Service -->
				<control type="button">
					<width>300</width>
					<height>57</height>
					<label>14036</label>
					<font>menu</font>
					<textcolor>$VAR[main_color]</textcolor>
					<texturenofocus>main/main_focus.png</texturenofocus>
					<include>button_settings</include>
					<visible>Window.IsActive(servicesettings)</visible>
				</control>
				<control type="button">
					<width>300</width>
					<height>57</height>
					<label>14036</label>
					<font>menu</font>
					<include>button_settings</include>
					<onclick>ActivateWindow(servicesettings)</onclick>
					<visible>!Window.IsActive(servicesettings)</visible>
				</control>
				<!-- PVR -->
				<control type="button">
					<width>300</width>
					<height>57</height>
					<label>19191</label>
					<font>menu</font>
					<textcolor>$VAR[main_color]</textcolor>
					<texturenofocus>main/main_focus.png</texturenofocus>
					<include>button_settings</include>
					<visible>Window.IsActive(pvrsettings)</visible>
				</control>
				<control type="button">
					<width>300</width>
					<height>57</height>
					<label>19191</label>
					<font>menu</font>
					<include>button_settings</include>
					<onclick>ActivateWindow(pvrsettings)</onclick>
					<visible>!Window.IsActive(pvrsettings)</visible>
				</control>
				<!-- Seperator -->
				<control type="image">
					<width>290</width>
					<height>2</height>
					<texture background="true">white.png</texture>
					<animation effect="fade" end="95" time="0" condition="true">Conditional</animation>
				</control>
				<!-- System info -->
				<control type="button">
					<width>300</width>
					<height>57</height>
					<label>130</label>
					<font>menu</font>
					<textcolor>$VAR[main_color]</textcolor>
					<texturenofocus>main/main_focus.png</texturenofocus>
					<include>button_settings</include>
					<visible>Window.IsActive(systeminfo)</visible>
				</control>

				<!-- System Info -->
				<control type="button">
					<width>300</width>
					<height>57</height>
					<label>130</label>
					<font>menu</font>
					<include>button_settings</include>
					<onclick>ActivateWindow(systeminfo)</onclick>
					<visible>!Window.IsActive(systeminfo)</visible>
				</control>

				<!-- Addons -->
				<control type="button">
					<width>300</width>
					<height>57</height>
					<label>24001</label>
					<font>menu</font>
					<include>button_settings</include>
					<onclick>ActivateWindow(addonbrowser)</onclick>
				</control>
				<!-- Profiles -->
				<control type="button">
					<width>300</width>
					<height>57</height>
					<label>13200</label>
					<font>menu</font>
					<include>button_settings</include>
					<onclick>ActivateWindow(profiles)</onclick>
				</control>
				<!-- File Manager -->
				<control type="button">
					<width>300</width>
					<height>57</height>
					<label>7</label>
					<font>menu</font>
					<include>button_settings</include>
					<onclick>ActivateWindow(filemanager)</onclick>
				</control>
				<!-- Level of settings -->
				<control type="button">
					<width>300</width>
					<height>57</height>
					<label>$LOCALIZE[31001]</label>
					<font>menu</font>
					<include>button_settings</include>
					<onclick>SetProperty(ChangeSettingsLevel,true)</onclick>
					<onclick>ActivateWindow(appearancesettings)</onclick>

				</control>
				<!-- Seperator -->
				<control type="image">
					<width>290</width>
					<height>2</height>
					<texture background="true">white.png</texture>
					<animation effect="fade" end="95" time="0" condition="true">Conditional</animation>
				</control>
				<!-- Phenomenal Skin -->
				<control type="button">
					<width>300</width>
					<height>57</height>
					<label>31002</label>
					<font>menu</font>
					<textcolor>$VAR[main_color]</textcolor>
					<include>button_settings</include>
					<onclick>ActivateWindow(skinsettings)</onclick>
					<animation effect="fade" start="100" end="70" time="0" condition="!ControlGroup(9010).HasFocus">Conditional</animation>
				</control>

			</control>
			<control type="image">
				<posx>1342</posx>
				<posy>80</posy>
				<texture background="true">main/main_menu.png</texture>
				<height>1000</height>
				<width>290</width>
				<animation effect="fade" end="100" time="0" condition="true">Conditional</animation>
				<animation effect="zoom" start="1632,80,1,1000" end="1632,80,290,1000" time="300" condition="IsEmpty(Skin.String(AfterReload))">WindowOpen</animation>
				<animation effect="zoom" start="1632,80,290,1000" end="1632,80,1,1000" time="300" condition="IsEmpty(Skin.String(AfterReload))">WindowClose</animation>
			</control>
		</control>
		<include>skin_version_label</include>
		<!-- Main list -->
		<control type="grouplist" id="50">
			<posx>1342</posx>
			<top>118</top>
			<width>290</width>
			<height>726</height>
			<itemgap>0</itemgap>
			<onright>ReplaceWindow(settings)</onright>
			<onleft>noop</onleft>
			<onup>50</onup>
			<ondown>50</ondown>
			<orientation>vertical</orientation>
			<animation effect="zoom" start="1632,80,1,726" end="1632,80,290,726" time="300" condition="IsEmpty(Skin.String(AfterReload))">WindowOpen</animation>
			<animation effect="zoom" start="1632,80,290,726" end="1632,80,1,726" time="300" condition="IsEmpty(Skin.String(AfterReload))">WindowClose</animation>
			<!-- General -->
			<control type="button" id="94">
				<height>57</height>
				<font>menu</font>
				<label>16000</label>
				<textcolor>$VAR[settings_color_94]</textcolor>
				<include>button_settings</include>
				<onfocus>Skin.SetString(Section,1)</onfocus>
				<onleft>100</onleft>
				<onclick>100</onclick>
			</control>
			<!-- Custom Home -->
			<control type="button" id="95">
				<height>57</height>
				<width>290</width>
				<label>513</label>
				<font>menu</font>
				<textcolor>$VAR[settings_color_95]</textcolor>
				<include>button_settings</include>
				<onfocus>Skin.SetString(Section,2)</onfocus>
				<onleft>200</onleft>
				<onclick>200</onclick>
			</control>
			<!-- Design -->
			<control type="button" id="96">
				<height>57</height>
				<width>290</width>
				<label>31053</label>
				<font>menu</font>
				<textcolor>$VAR[settings_color_96]</textcolor>
				<include>button_settings</include>
				<onfocus>Skin.SetString(Section,3)</onfocus>
				<onleft>300</onleft>
				<onclick>300</onclick>
			</control>
			<!-- About -->
			<control type="button" id="97">
				<height>57</height>
				<width>290</width>
				<label>470</label>
				<font>menu</font>
				<textcolor>$VAR[settings_color_97]</textcolor>
				<include>button_settings</include>
				<onfocus>Skin.SetString(Section,4)</onfocus>
				<onleft>400</onleft>
				<onclick>400</onclick>
			</control>

		</control>

		<!-- General -->
		<control type="grouplist" id="100">
			<posx>40</posx>
			<posy>117</posy>
			<width>1250</width>
			<height>955</height>
			<itemgap>0</itemgap>
			<onright>50</onright>
			<onup>100</onup>
			<ondown>100</ondown>
			<orientation>vertical</orientation>
			<visible>StringCompare(Skin.String(Section),1)</visible>
			<control type="label" id="107">
				<description>Backup\restore settings</description>
				<label>31068</label>
				<align>center</align>
				<width>1250</width>
				<height>40</height>
				<font>font-18</font>
				<textcolor>$VAR[main_color]</textcolor>
			</control>
			<control type="button" id="108">
				<description>Backup</description>
				<label>31069</label>
				<align>right</align>
				<width>1250</width>
				<include>button_settings_2</include>
				<onclick>RunScript(script.skin.helper.service,action=backup)</onclick>
			</control>
			<control type="button" id="109">
				<description>Restore</description>
				<label>31070</label>
				<align>right</align>
				<width>1250</width>
				<include>button_settings_2</include>
				<onclick>RunScript(script.skin.helper.service,action=restore)</onclick>
			</control>
			<control type="button" id="110">
				<description>Reset</description>
				<label>31071</label>
				<align>right</align>
				<width>1250</width>
				<textcolor>red</textcolor>
				<focusedcolor>red</focusedcolor>
				<include>button_settings_2</include>
				<onclick>RunScript(script.skin.helper.service,action=reset)</onclick>
			</control>
			<control type="label" id="111">
				<description>General</description>
				<label>16000</label>
				<align>center</align>
				<width>1250</width>
				<height>40</height>
				<font>font-18</font>
				<textcolor>$VAR[main_color]</textcolor>
			</control>
			<control type="button" id="112">
				<description>loader select</description>
				<label>$LOCALIZE[31033]</label>
				<align>right</align>
				<width>1250</width>
				<include>button_settings_2</include>
				<onclick>Skin.SetFile(busy,.gif,special://skin/extras/busy)</onclick>
			</control>
			<control type="label" id="113">
				<description>Splash Screen</description>
				<label>512</label>
				<align>center</align>
				<width>1250</width>
				<height>40</height>
				<font>font-18</font>
				<textcolor>$VAR[main_color]</textcolor>
			</control>
			<control type="radiobutton" id="114">
				<description>Enable Splash Screen</description>
				<label>$LOCALIZE[31028]</label>
				<onclick>Skin.ToggleSetting(Disable_Splash)</onclick>
				<selected>!Skin.HasSetting(Disable_Splash)</selected>
				<include>radio_button_settings</include>
			</control>
			<control type="button" id="115">
				<description>Splash screen path</description>
				<label>$LOCALIZE[15311]</label>
				<label2>$VAR[splash_path]</label2>
				<align>left</align>
				<width>1250</width>
				<include>button_settings_2</include>
				<onclick>Skin.SetFile(splash_path)</onclick>
				<enable>!Skin.HasSetting(Disable_Splash)</enable>
			</control>
			<control type="label" id="116">
				<description>Addons Options</description>
				<label>24001</label>
				<align>center</align>
				<width>1250</width>
				<height>40</height>
				<font>font-18</font>
				<textcolor>$VAR[main_color]</textcolor>
			</control>

			<control type="radiobutton" id="117">
				<label>$LOCALIZE[31030] NextAired</label>
				<onclick>Skin.ToggleSetting(NextAired)</onclick>
				<selected>!Skin.HasSetting(NextAired)</selected>
				<include>radio_button_settings</include>
			</control>
			<control type="button" id="118">
				<label>$LOCALIZE[31030] $LOCALIZE[24013]</label>
				<label2>$INFO[Skin.String(LyricScript_Path)]</label2>
				<onclick>Skin.SetAddon(LyricScript_Path,xbmc.python.lyrics)</onclick>
				<align>left</align>
				<width>1250</width>
				<include>button_settings_2</include>
			</control>
			<control type="radiobutton" id="371">
				<label>$LOCALIZE[31105]</label>
				<onclick>Skin.ToggleSetting(Pulsar_ShowTitle)</onclick>
				<selected>!Skin.HasSetting(Pulsar_ShowTitle)</selected>
				<visible>System.HasAddon(plugin.video.pulsar)</visible>
				<include>radio_button_settings</include>
			</control>
			<control type="label" id="119">
				<description>Music Options</description>
				<label>10005</label>
				<align>center</align>
				<width>1250</width>
				<height>40</height>
				<font>font-18</font>
				<textcolor>$VAR[main_color]</textcolor>
			</control>
			<control type="button" id="120">
				<label>31046</label>
				<label2>$INFO[Skin.String(music_path)]</label2>
				<onclick>Skin.SetPath(music_path)</onclick>
				<align>left</align>
				<width>1250</width>
				<include>button_settings_2</include>
			</control>
			<control type="radiobutton" id="121">
				<label>31038</label>
				<onclick>Skin.ToggleSetting(FullscreenMusic)</onclick>
				<selected>!Skin.HasSetting(FullscreenMusic)</selected>
				<include>radio_button_settings</include>
			</control>
			<control type="label" id="122">
				<description>Password Protection</description>
				<label>$LOCALIZE[31084]</label>
				<align>center</align>
				<width>1250</width>
				<height>40</height>
				<font>font-18</font>
				<textcolor>$VAR[main_color]</textcolor>
			</control>
			<control type="button" id="123">
				<description>Change Password</description>
				<label>$LOCALIZE[12340]</label>
				<align>right</align>
				<width>1250</width>
				<include>button_settings_2</include>
				<onclick>Skin.SetString(temp)</onclick>
				<onclick>Skin.SetString(passcode,$VAR[temp_passcode])</onclick>
				<onclick>Notification($LOCALIZE[15052],$LOCALIZE[31085],3000,key.png)</onclick>
				<onclick>Skin.Reset(temp)</onclick>
			</control>
			<control type="button" id="124">
				<label>$LOCALIZE[31087]</label>
				<label2>$VAR[password_time] $LOCALIZE[12391]</label2>
				<onclick condition="IsEmpty(Skin.String(password_time)) | StringCompare(Skin.String(password_time),5)">Skin.SetString(password_time,10)</onclick>
				<onclick condition="StringCompare(Skin.String(password_time),10)">Skin.SetString(password_time,30)</onclick>
				<onclick condition="StringCompare(Skin.String(password_time),30)">Skin.SetString(password_time,1)</onclick>
				<onclick condition="StringCompare(Skin.String(password_time),1)">Skin.SetString(password_time,5)</onclick>
				<onclick>AlarmClock(parental,Skin.Reset(mypassword),$VAR[password_time],Silent)</onclick>
				<align>left</align>
				<width>1250</width>
				<include>button_settings_2</include>
			</control>
			<control type="button" id="125">
				<description>password_fanart</description>
				<label>$LOCALIZE[31088]</label>
				<align>right</align>
				<width>1250</width>
				<include>button_settings_2</include>
				<onclick>Skin.SetImage(password_fanart,.,special://skin/backgrounds)</onclick>
			</control>

		</control>

		<!-- Home Screen Settings skin shortcuts -->
		<control type="grouplist" id="200">
			<posx>40</posx>
			<posy>117</posy>
			<width>1250</width>
			<height>955</height>
			<itemgap>0</itemgap>
			<onright>50</onright>
			<onup>200</onup>
			<ondown>200</ondown>
			<orientation>vertical</orientation>
			<usecontrolcoords>true</usecontrolcoords>
			<visible>StringCompare(Skin.String(Section),2)</visible>
			<control type="label" id="201">
				<posx>0</posx>
				<posy>0</posy>
				<description>Home Options</description>
				<label>31003</label>
				<align>center</align>
				<width>1250</width>
				<height>40</height>
				<font>font-18</font>
				<textcolor>$VAR[main_color]</textcolor>
			</control>
			<control type="label" id="202">
				<posx>0</posx>
				<posy>0</posy>
				<width>1250</width>
				<height>145</height>
				<label>$LOCALIZE[31018]</label>
				<align>center</align>
				<textcolor>grey</textcolor>
				<font>font-20</font>
				<wrapmultiline>true</wrapmultiline>
			</control>
			<control type="button" id="203">
				<posx>320</posx>
				<posy>10</posy>
				<label>[B]$LOCALIZE[31020][/B]</label>
				<onclick>RunScript(script.skinshortcuts,type=manage&amp;group=mainmenu)</onclick>
				<align>center</align>
				<width>600</width>
				<height>50</height>
				<textcolor>white</textcolor>
				<focusedcolor>white</focusedcolor>
				<texturenofocus colordiffuse="grey_50">white.png</texturenofocus>
				<texturefocus colordiffuse="$VAR[main_color]">white.png</texturefocus>
				<include>button_settings_2</include>
			</control>		
			<control type="label" id="204">
				<posx>0</posx>
				<posy>30</posy>
				<width>1250</width>
				<height>220</height>
				<label>$LOCALIZE[31019]</label>
				<align>center</align>
				<textcolor>grey</textcolor>
				<font>font-20</font>
				<wrapmultiline>true</wrapmultiline>
			</control>
			<!-- Reset all -->
			<control type="button" id="205">
				<posx>320</posx>
				<posy>10</posy>
				<align>center</align>
				<width>600</width>
				<height>50</height>
				<onclick>Skin.SetString(dialog_header,$LOCALIZE[10035])</onclick>			
				<onclick>Skin.SetString(dialog_action,RunScript(script.skinshortcuts,type=resetall))</onclick>			
				<onclick>Skin.SetString(dialog_msg,$LOCALIZE[31016])</onclick>
				<onclick>ActivateWindow(1131)</onclick>
				<onclick>Dialog.Close(all, true)</onclick>
				<onclick>ReloadSkin()</onclick>
				<label>[B]$LOCALIZE[31012][/B]</label>
				<textcolor>red</textcolor>
				<focusedcolor>white</focusedcolor>
				<texturenofocus colordiffuse="grey_50">white.png</texturenofocus>
				<texturefocus colordiffuse="red">white.png</texturefocus>
				<include>button_settings_2</include>
			</control>
				<control type="label" id="325">
				<description>Seperator</description>
				<label>-</label>
				<font>font-18</font>
			</control>
			<control type="label" id="324">
				<posx>0</posx>
				<posy>0</posy>
				<description>Rotating Fanart Options</description>
				<label>31097</label>
				<align>center</align>
				<width>1250</width>
				<height>40</height>
				<font>font-18</font>
				<textcolor>$VAR[main_color]</textcolor>
			</control>
			<control type="button" id="319">
				<description>Fanart Replace Time in seconds</description>
				<align>left</align>
				<width>1250</width>
				<label>31052</label>
				<label2>$INFO[Skin.String(SkinHelper.RandomFanartDelay)]</label2>
				<align>left</align>
				<include>button_settings_2</include>
				<onclick>Skin.SetNumeric(SkinHelper.RandomFanartDelay)</onclick>
			</control>
			<control type="button" id="322">
				<description>Fanart Replace Time in seconds</description>
				<align>left</align>
				<width>1250</width>
				<label>31095</label>
				<label2>$INFO[Skin.String(SkinHelper.WallImagesDelay)]</label2>
				<align>left</align>
				<include>button_settings_2</include>
				<onclick>Skin.SetNumeric(SkinHelper.WallImagesDelay)</onclick>
			</control>
			<control type="button" id="323">
				<label>31096</label>
				<label2>$INFO[Skin.String(SkinHelper.CustomPicturesBackgroundPath)]</label2>
				<onclick>Skin.SetPath(SkinHelper.CustomPicturesBackgroundPath)</onclick>
				<align>left</align>
				<width>1250</width>
				<include>button_settings_2</include>
			</control>
		</control>

		<!-- Design -->
		<control type="scrollbar" id="60">
			<posx>420</posx>
			<posy>117</posy>
			<width>15</width>
			<height>460</height>
			<include>scroll_bar</include>
			<onleft>350</onleft>
			<onright>300</onright>
			<ondown>60</ondown>
			<onup>60</onup>
			<showonepage>false</showonepage>
			<orientation>vertical</orientation>
			<visible>StringCompare(Skin.String(Section),3)</visible>
		</control>
		<control type="grouplist" id="300">
			<posx>440</posx>
			<posy>117</posy>
			<width>860</width>
			<height>460</height>
			<itemgap>0</itemgap>
			<onleft>60</onleft>
			<onright>50</onright>
			<onup>300</onup>
			<ondown>300</ondown>
			<orientation>vertical</orientation>
			<pagecontrol>60</pagecontrol>
			<visible>StringCompare(Skin.String(Section),3)</visible>
			<control type="button" id="301">
				<description>Main-Color</description>
				<label>$LOCALIZE[31022]</label>
				<align>right</align>
				<width>860</width>
				<include>button_settings_2</include>
				<onclick>RunScript(script.skin.helper.service,action=colorpicker,skinstring=main_color,header=main_color)</onclick>
			</control>
			<control type="button" id="370">
				<description>Mouse-Color</description>
				<label>$LOCALIZE[31129]</label>
				<align>right</align>
				<width>860</width>
				<include>button_settings_2</include>
				<onclick>RunScript(script.skin.helper.service,action=colorpicker,skinstring=mouse_color,header=mouse_color)</onclick>
			</control>
			<control type="label" id="302">
				<description>Top Bar</description>
				<label>$LOCALIZE[31043]</label>
				<align>center</align>
				<width>860</width>
				<height>40</height>
				<font>font-18</font>
				<textcolor>$VAR[main_color]</textcolor>
			</control>
			<control type="radiobutton" id="303">
				<posx>810</posx>
				<posy>0</posy>
				<width>860</width>
				<radioposx>810</radioposx>
				<label>31043</label>			
				<onclick>Skin.ToggleSetting(Home_HideTopBar)</onclick>
				<onclick>Skin.SetString(AfterReload,303)</onclick>
				<onclick>AlarmClock(name,Skin.Reset(AfterReload),00:01,silent)</onclick>	
				<onclick>ReloadSkin()</onclick> 		
				<selected>!Skin.HasSetting(Home_HideTopBar)</selected>
				<include>radio_button_settings</include>
			</control>
			<control type="button" id="304">
				<description>TopBar TLevel Home</description>
				<posx>550</posx>
				<posy>0</posy>
				<width>860</width>
				<align>left</align>
				<include>button_settings_2</include>
				<label>$LOCALIZE[31043] - $LOCALIZE[31039]</label>
				<label2>$INFO[Skin.String(topbar_home_opacity),,%]</label2>
				<onclick condition="skin.string(topbar_home_opacity, 100) | IsEmpty(skin.string(topbar_home_opacity))">Skin.SetString(topbar_home_opacity, 90)</onclick>
				<onclick condition="skin.string(topbar_home_opacity, 90)">Skin.SetString(topbar_home_opacity, 80)</onclick>
				<onclick condition="skin.string(topbar_home_opacity, 80)">Skin.SetString(topbar_home_opacity, 70)</onclick>
				<onclick condition="skin.string(topbar_home_opacity, 70)">Skin.SetString(topbar_home_opacity, 60)</onclick>
				<onclick condition="skin.string(topbar_home_opacity, 60)">Skin.SetString(topbar_home_opacity, 50)</onclick>
				<onclick condition="skin.string(topbar_home_opacity, 50)">Skin.SetString(topbar_home_opacity, 40)</onclick>
				<onclick condition="skin.string(topbar_home_opacity, 40)">Skin.SetString(topbar_home_opacity, 30)</onclick>
				<onclick condition="skin.string(topbar_home_opacity, 30)">Skin.SetString(topbar_home_opacity, 20)</onclick>
				<onclick condition="skin.string(topbar_home_opacity, 20)">Skin.SetString(topbar_home_opacity, 10)</onclick>
				<onclick condition="skin.string(topbar_home_opacity, 10)">Skin.SetString(topbar_home_opacity, 0)</onclick>
				<onclick condition="skin.string(topbar_home_opacity, 0)">Skin.SetString(topbar_home_opacity, 100)</onclick>
				<enable>!Skin.HasSetting(Home_HideTopBar)</enable>
			</control>
			<control type="radiobutton" id="321">
				<posx>810</posx>
				<posy>0</posy>
				<width>860</width>
				<radioposx>810</radioposx>
				<label>31150</label>			
				<onclick>Skin.ToggleSetting(Home_OnlyTime)</onclick>		
				<selected>Skin.HasSetting(Home_OnlyTime)</selected>
				<include>radio_button_settings</include>
				<visible>Skin.HasSetting(Home_HideTopBar)</visible>
			</control>
			<control type="button" id="305">
				<description>Top Bar: Choose Color Of text</description>
				<label>$LOCALIZE[31023]</label>
				<align>right</align>
				<width>860</width>
				<include>button_settings_2</include>
				<onclick>RunScript(script.skin.helper.service,action=colorpicker,skinstring=topbar_text_color)</onclick>
				<enable>!Skin.HasSetting(Home_HideTopBar)</enable>
			</control>
			<control type="button" id="306">
				<description>Top Bar: rss header color</description>
				<label>$LOCALIZE[31024]</label>
				<align>right</align>
				<width>860</width>
				<include>button_settings_2</include>
				<onclick>RunScript(script.skin.helper.service,action=colorpicker,skinstring=topbar_rss1_color)</onclick>
			</control>
			<control type="button" id="307">
				<description>Top Bar: rss text color</description>
				<label>$LOCALIZE[31025]</label>
				<align>right</align>
				<width>860</width>
				<include>button_settings_2</include>
				<onclick>RunScript(script.skin.helper.service,action=colorpicker,skinstring=topbar_rss2_color)</onclick>
			</control>
			<control type="radiobutton" id="308">
				<description>Show Weather Icon</description>
				<label>$LOCALIZE[31026]</label>
				<onclick>Skin.ToggleSetting(Home_Weather_Icon)</onclick> 
				<selected>!Skin.HasSetting(Home_Weather_Icon)</selected>
				<posx>810</posx>
				<posy>0</posy>
				<width>860</width>
				<radioposx>810</radioposx>
				<include>radio_button_settings</include>
			</control>
			<control type="button" id="309">
				<description>Top Bar: weather color</description>
				<label>$LOCALIZE[31027]</label>
				<align>right</align>
				<width>860</width>
				<include>button_settings_2</include>
				<onclick>RunScript(script.skin.helper.service,action=colorpicker,skinstring=weather_color)</onclick>
				<enable>!Skin.HasSetting(Home_Weather_Icon)</enable>
			</control>
			<control type="label" id="310">
				<posx>0</posx>
				<posy>0</posy>
				<description>Options</description>
				<label>$LOCALIZE[14018] - $LOCALIZE[513]</label>
				<align>center</align>
				<width>860</width>
				<height>40</height>
				<font>font-18</font>
				<textcolor>$VAR[main_color]</textcolor>
			</control>
			<control type="radiobutton" id="311">
				<posx>810</posx>
				<posy>0</posy>
				<width>860</width>
				<radioposx>810</radioposx>
				<label>31047</label>
				<onclick>Skin.ToggleSetting(Home_Horizontal)</onclick>
				<onclick>Skin.SetString(AfterReload,311)</onclick>
				<onclick>AlarmClock(name,Skin.Reset(AfterReload),00:01,silent)</onclick>	
				<onclick>ReloadSkin()</onclick> 
				<selected>Skin.HasSetting(Home_Horizontal)</selected>
				<include>radio_button_settings</include>
			</control>	
			<control type="radiobutton" id="320">
				<posx>810</posx>
				<posy>0</posy>
				<width>860</width>
				<radioposx>810</radioposx>
				<label>31151</label>
				<onclick>Skin.ToggleSetting(Home_Eminence_Layout)</onclick>
				<onclick>Skin.SetString(AfterReload,320)</onclick>
				<onclick>AlarmClock(name,Skin.Reset(AfterReload),00:01,silent)</onclick>	
				<onclick>ReloadSkin()</onclick>
				<selected>Skin.HasSetting(Home_Eminence_Layout)</selected>
				<enable>Skin.HasSetting(Home_Horizontal)</enable>
				<include>radio_button_settings</include>
			</control>	
			<control type="radiobutton" id="315">
				<description>Pin Widgets</description>
				<posx>810</posx>
				<posy>0</posy>
				<width>860</width>
				<radioposx>810</radioposx>
				<label>31061</label>
				<onclick>Skin.ToggleSetting(PinWidgets)</onclick>
				<onclick>Skin.SetString(AfterReload,315)</onclick>
				<onclick>AlarmClock(name,Skin.Reset(AfterReload),00:01,silent)</onclick>	
				<onclick>ReloadSkin()</onclick> 
				<selected>Skin.HasSetting(PinWidgets)</selected>
				<include>radio_button_settings</include>
			</control>
			<control type="button" id="312">
				<description>menu bg color</description>
				<posx>550</posx>
				<posy>0</posy>
				<width>860</width>
				<align>right</align>
				<label>31049</label>
				<include>button_settings_2</include>
				<onclick>RunScript(script.skin.helper.service,action=colorpicker,skinstring=menu_bg_color)</onclick>
			</control>
			<control type="button" id="313">
				<description>SubMenu BG color</description>
				<posx>550</posx>
				<posy>0</posy>
				<width>860</width>
				<label>31054</label>
				<align>right</align>
				<include>button_settings_2</include>
				<onclick>RunScript(script.skin.helper.service,action=colorpicker,skinstring=submenu_color)</onclick>
			</control>
			<control type="button" id="314">
				<description>Widgets BG color</description>
				<posx>550</posx>
				<posy>0</posy>
				<width>860</width>
				<label>31062</label>
				<align>right</align>
				<include>button_settings_2</include>
				<onclick>RunScript(script.skin.helper.service,action=colorpicker,skinstring=widget_color)</onclick>
				<visible>!Skin.HasSetting(Home_Horizontal)</visible>
			</control>

			<control type="button" id="316">
				<description>Icons nf color</description>
				<posx>550</posx>
				<posy>0</posy>
				<width>860</width>
				<label>31051</label>
				<align>right</align>
				<include>button_settings_2</include>
				<onclick>RunScript(script.skin.helper.service,action=colorpicker,skinstring=menu_icon_color_nf)</onclick>
				<visible>!Skin.HasSetting(Home_Eminence_Layout)</visible>
			</control>
			<control type="button" id="317">
				<description>Menu Background Home TLevel</description>
				<posx>550</posx>
				<posy>0</posy>
				<width>860</width>
				<align>left</align>
				<include>button_settings_2</include>
				<label>$LOCALIZE[31039] - $LOCALIZE[33061]</label>
				<label2>$INFO[Skin.String(menu_bg_opacity),,%]</label2>
				<onclick condition="Skin.String(menu_bg_opacity, 100) | IsEmpty(Skin.String(menu_bg_opacity))">Skin.SetString(menu_bg_opacity, 90)</onclick>
				<onclick condition="Skin.String(menu_bg_opacity, 90)">Skin.SetString(menu_bg_opacity, 80)</onclick>
				<onclick condition="Skin.String(menu_bg_opacity, 80)">Skin.SetString(menu_bg_opacity, 70)</onclick>
				<onclick condition="Skin.String(menu_bg_opacity, 70)">Skin.SetString(menu_bg_opacity, 60)</onclick>
				<onclick condition="Skin.String(menu_bg_opacity, 60)">Skin.SetString(menu_bg_opacity, 50)</onclick>
				<onclick condition="Skin.String(menu_bg_opacity, 50)">Skin.SetString(menu_bg_opacity, 40)</onclick>
				<onclick condition="Skin.String(menu_bg_opacity, 40)">Skin.SetString(menu_bg_opacity, 30)</onclick>
				<onclick condition="Skin.String(menu_bg_opacity, 30)">Skin.SetString(menu_bg_opacity, 20)</onclick>
				<onclick condition="Skin.String(menu_bg_opacity, 20)">Skin.SetString(menu_bg_opacity, 10)</onclick>
				<onclick condition="Skin.String(menu_bg_opacity, 10)">Skin.SetString(menu_bg_opacity, 0)</onclick>
				<onclick condition="Skin.String(menu_bg_opacity, 0)">Skin.SetString(menu_bg_opacity, 100)</onclick>
			</control>
			<control type="button" id="318">
				<description>Widget Background Home TLevel</description>
				<posx>550</posx>
				<posy>0</posy>
				<width>860</width>
				<align>left</align>
				<include>button_settings_2</include>
				<label>$LOCALIZE[31039] - $LOCALIZE[31082]</label>
				<label2>$INFO[Skin.String(widget_opacity),,%]</label2>
				<onclick condition="Skin.String(widget_opacity, 100) | IsEmpty(Skin.String(widget_opacity))">Skin.SetString(widget_opacity, 90)</onclick>
				<onclick condition="Skin.String(widget_opacity, 90)">Skin.SetString(widget_opacity, 80)</onclick>
				<onclick condition="Skin.String(widget_opacity, 80)">Skin.SetString(widget_opacity, 70)</onclick>
				<onclick condition="Skin.String(widget_opacity, 70)">Skin.SetString(widget_opacity, 60)</onclick>
				<onclick condition="Skin.String(widget_opacity, 60)">Skin.SetString(widget_opacity, 50)</onclick>
				<onclick condition="Skin.String(widget_opacity, 50)">Skin.SetString(widget_opacity, 40)</onclick>
				<onclick condition="Skin.String(widget_opacity, 40)">Skin.SetString(widget_opacity, 30)</onclick>
				<onclick condition="Skin.String(widget_opacity, 30)">Skin.SetString(widget_opacity, 20)</onclick>
				<onclick condition="Skin.String(widget_opacity, 20)">Skin.SetString(widget_opacity, 10)</onclick>
				<onclick condition="Skin.String(widget_opacity, 10)">Skin.SetString(widget_opacity, 0)</onclick>
				<onclick condition="Skin.String(widget_opacity, 0)">Skin.SetString(widget_opacity, 100)</onclick>
				<visible>!Skin.HasSetting(Home_Horizontal)</visible>
			</control>
		</control>
		<control type="grouplist" id="350">
			<posx>40</posx>
			<posy>117</posy>
			<width>360</width>
			<height>860</height>
			<itemgap>0</itemgap>
			<onleft>noop</onleft>
			<onright>50</onright>
			<onup>350</onup>
			<ondown>350</ondown>
			<orientation>vertical</orientation>
			<visible>StringCompare(Skin.String(Section),3)</visible>
			<animation effect="slide" end="-400" time="200" condition="Window.IsActive(script-skin_helper_service-ColorPicker.xml)">Conditional</animation>
			<control type="label" id="351">
				<description>Theme Options</description>
				<label>31063</label>
				<align>center</align>
				<width>340</width>
				<height>40</height>
				<font>font-18</font>
				<textcolor>$VAR[main_color]</textcolor>
			</control>
			<control type="button" id="352">
				<description>Pick Theme</description>
				<label>31065</label>
				<align>center</align>
				<width>340</width>
				<include>button_settings_2</include>
				<onclick>RunScript(script.skin.helper.service,action=colorthemes)</onclick>
			</control>
			<!-- View Control -->
			<control type="label" id="355">
				<description>Views</description>
				<label>31075</label>
				<align>center</align>
				<width>340</width>
				<height>40</height>
				<font>font-18</font>
				<textcolor>$VAR[main_color]</textcolor>
			</control>
			<control type="button" id="356">
				<description>Disable views</description>
				<label>31076</label>
				<align>center</align>
				<width>340</width>
				<include>button_settings_2</include>
				<onclick>RunScript(script.skin.helper.service,action=enableviews)</onclick>
			</control>
			<control type="label" id="357">
				<description>Force Views</description>
				<label>31115</label>
				<align>center</align>
				<width>340</width>
				<height>40</height>
				<font>font-18</font>
				<textcolor>$VAR[main_color]</textcolor>
			</control>
			<control type="radiobutton" id="358">
				<label>31116</label>
				<align>center</align>
				<width>360</width>
				<radioposx>315</radioposx>
				<textoffsetx>0</textoffsetx>
				<align>right</align>
				<textwidth>315</textwidth>
				<include>radio_button_settings</include>
				<onclick>Skin.ToggleSetting(SkinHelper.ForcedViews.Enabled)</onclick>
				<selected>Skin.HasSetting(SkinHelper.ForcedViews.Enabled)</selected>
			</control>
			<control type="button" id="359">
				<description>Force For Movies</description>
				<onclick>RunScript(script.skin.helper.service,action=setforcedview,contenttype=movies)</onclick>
				<enable>Skin.HasSetting(SkinHelper.ForcedViews.Enabled)</enable>
				<label>$LOCALIZE[31117]: $INFO[Skin.String(SkinHelper.ForcedViews.movies)]</label>			
				<include>button_settings_2</include>
			</control>
			<control type="button" id="360">
				<description>Force For tvshows</description>
				<onclick>RunScript(script.skin.helper.service,action=setforcedview,contenttype=tvshows)</onclick>
				<enable>Skin.HasSetting(SkinHelper.ForcedViews.Enabled)</enable>
				<label>$LOCALIZE[31118]:  $INFO[Skin.String(SkinHelper.ForcedViews.tvshows)]</label>
				<include>button_settings_2</include>
			</control>
			<control type="button" id="361">
				<description>Force For Seasons</description>
				<onclick>RunScript(script.skin.helper.service,action=setforcedview,contenttype=seasons)</onclick>
				<enable>Skin.HasSetting(SkinHelper.ForcedViews.Enabled)</enable>
				<label>$LOCALIZE[31119]:  $INFO[Skin.String(SkinHelper.ForcedViews.seasons)]</label>
				<include>button_settings_2</include>
			</control>
			<control type="button" id="362">
				<description>Force For Episodes</description>
				<onclick>RunScript(script.skin.helper.service,action=setforcedview,contenttype=episodes)</onclick>
				<enable>Skin.HasSetting(SkinHelper.ForcedViews.Enabled)</enable>
				<label>$LOCALIZE[31120]: $INFO[Skin.String(SkinHelper.ForcedViews.episodes)]</label>
				<include>button_settings_2</include>
			</control>
			<control type="button" id="363">
				<description>Force For Sets</description>
				<onclick>RunScript(script.skin.helper.service,action=setforcedview,contenttype=sets)</onclick>
				<enable>Skin.HasSetting(SkinHelper.ForcedViews.Enabled)</enable>
				<label>$LOCALIZE[31121]: $INFO[Skin.String(SkinHelper.ForcedViews.sets)]</label>
				<include>button_settings_2</include>
			</control>
			<control type="button" id="364">
				<description>Force For Inside Sets</description>
				<onclick>RunScript(script.skin.helper.service,action=setforcedview,contenttype=setmovies)</onclick>
				<enable>Skin.HasSetting(SkinHelper.ForcedViews.Enabled)</enable>
				<label>$LOCALIZE[31122]: $INFO[Skin.String(SkinHelper.ForcedViews.setmovies)]</label>
				<include>button_settings_2</include>
			</control>
			<control type="button" id="365">
				<description>Force For Artists</description>
				<onclick>RunScript(script.skin.helper.service,action=setforcedview,contenttype=artists)</onclick>
				<enable>Skin.HasSetting(SkinHelper.ForcedViews.Enabled)</enable>
				<label>$LOCALIZE[31123]: $INFO[Skin.String(SkinHelper.ForcedViews.artists)]</label>
				<include>button_settings_2</include>
			</control>
			<control type="button" id="366">
				<description>Force For Albums</description>
				<onclick>RunScript(script.skin.helper.service,action=setforcedview,contenttype=albums)</onclick>
				<enable>Skin.HasSetting(SkinHelper.ForcedViews.Enabled)</enable>
				<label>$LOCALIZE[31124]: $INFO[Skin.String(SkinHelper.ForcedViews.albums)]</label>
				<include>button_settings_2</include>
			</control>
			<control type="button" id="367">
				<description>Force For Songs</description>
				<onclick>RunScript(script.skin.helper.service,action=setforcedview,contenttype=songs)</onclick>
				<enable>Skin.HasSetting(SkinHelper.ForcedViews.Enabled)</enable>
				<label>$LOCALIZE[31125]: $INFO[Skin.String(SkinHelper.ForcedViews.songs)]</label>
				<include>button_settings_2</include>
			</control>
			<control type="button" id="368">
				<description>Force For Pictures</description>
				<onclick>RunScript(script.skin.helper.service,action=setforcedview,contenttype=pictures)</onclick>
				<enable>Skin.HasSetting(SkinHelper.ForcedViews.Enabled)</enable>
				<label>$LOCALIZE[31126]: $INFO[Skin.String(SkinHelper.ForcedViews.pictures)]</label>
				<include>button_settings_2</include>
			</control>
			<control type="button" id="369">
				<description>Force For Files</description>
				<onclick>RunScript(script.skin.helper.service,action=setforcedview,contenttype=files)</onclick>
				<enable>Skin.HasSetting(SkinHelper.ForcedViews.Enabled)</enable>
				<label>$LOCALIZE[31127]: $INFO[Skin.String(SkinHelper.ForcedViews.files)]</label>
				<include>button_settings_2</include>
			</control>
		</control>

		<!-- Credits -->
		<control type="group">
			<posx>40</posx>
			<posy>117</posy>
			<width>1250</width>
			<height>955</height>
			<visible>StringCompare(Skin.String(Section),4)</visible>
			<control type="label">
				<description>Credits</description>
				<posx>0</posx>
				<posy>0</posy>
				<label>470</label>
				<align>center</align>
				<width>1250</width>
				<height>40</height>
				<font>font-25</font>
				<textcolor>$VAR[main_color]</textcolor>
			</control>
			<control type="image">
				<posx>1192</posx>
				<posy>50</posy>
				<width>48</width>
				<height>48</height>
				<texture colordiffuse="gold">special://skin/extras/icons/favourites.png</texture>
			</control>
			<control type="label">
				<posx>1170</posx>
				<posy>50</posy>
				<width>1100</width>
				<height>120</height>
				<align>right</align>
				<font>font-18</font>
				<label>31128</label>
				<textcolor>grey_50</textcolor>
			</control>
			<!-- Right Part -->
			<control type="group">
				<posx>1240</posx>
				<posy>200</posy>
				<!-- 1 -->
				<control type="image">
					<posx>0</posx>
					<posy>0</posy>
					<width>32</width>
					<height>32</height>
					<texture>user.png</texture>
				</control>
				<control type="textbox">
					<posx>-1220</posx>
					<posy>-10</posy>
					<width>1200</width>
					<height>120</height>
					<align>right</align>
					<font>font-18</font>
					<label>[COLOR=$VAR[main_color]]Hitcher[/COLOR][CR]One of the greatest skinners worldwide. Helped me a lot, [CR]A specialy with his Conq Skin.</label>
					<textcolor>grey_50</textcolor>
				</control>
				<!-- 2 -->
				<control type="image">
					<posx>0</posx>
					<posy>110</posy>
					<width>32</width>
					<height>32</height>
					<texture>user.png</texture>
				</control>
				<control type="textbox">
					<posx>-1220</posx>
					<posy>100</posy>
					<width>1200</width>
					<height>120</height>
					<align>right</align>
					<font>font-18</font>
					<label>[COLOR=$VAR[main_color]]marcelveldt[/COLOR][CR]Owner of two amazing scripts: skinshortcuts and skin.helper.[CR]both scripts made my skin very adjustuble and all the credit goes to Marcel.</label>
					<textcolor>grey_50</textcolor>
				</control>
				<!-- 3 -->
				<control type="image">
					<posx>0</posx>
					<posy>220</posy>
					<width>32</width>
					<height>32</height>
					<texture>user.png</texture>
				</control>
				<control type="textbox">
					<posx>-1220</posx>
					<posy>210</posy>
					<width>1200</width>
					<height>120</height>
					<align>right</align>
					<font>font-18</font>
					<label>[COLOR=$VAR[main_color]]Elad Natan[/COLOR][CR]אלעד נתן ליווה אותי בתהליך הראשוני של יצירת הסקין, מתהליך ההחלטה של הקמת הפרויקט, יצירה של קונספט ואיפיון של מבנה הסקין,ועד ליצירה של כפתורים,רקעים ועיצוב חלק נכבד מהסקין.</label>
					<textcolor>grey_50</textcolor>
				</control>
				<!-- 4 -->
				<control type="image">
					<posx>0</posx>
					<posy>330</posy>
					<width>32</width>
					<height>32</height>
					<texture>user.png</texture>
				</control>
				<control type="textbox">
					<posx>-1220</posx>
					<posy>320</posy>
					<width>1200</width>
					<height>120</height>
					<align>right</align>
					<font>font-18</font>
					<label>[COLOR=$VAR[main_color]]Oren Hagay,Tom Rafalovitch,Moshiko Peer[/COLOR][CR]שלושתם תרמו לפיתוח הסקין בצורה המשמעותית ביותר, נכנסו אל הפרויקט מיומו הראשון, בחנו כל פונקציה וכל מסך, ולקחו חלק אדיר מפיתוח הסקין. אני מודה לכם על תרומתכם הרבה.</label>
					<textcolor>grey_50</textcolor>
				</control>
				<!-- 5 -->
				<control type="image">
					<posx>0</posx>
					<posy>440</posy>
					<width>32</width>
					<height>32</height>
					<texture>user.png</texture>
				</control>
				<control type="textbox">
					<posx>-1220</posx>
					<posy>430</posy>
					<width>1200</width>
					<height>120</height>
					<align>right</align>
					<font>font-18</font>
					<label>[COLOR=$VAR[main_color]]Avi Abeksis[/COLOR][CR]אבי חבר ותיק ומוכשר, התנדב לבדוק את הסקין בזמנו החופשי, ולאחסן את קבצי הפרויקט בשרת שלו בחינם</label>
					<textcolor>grey_50</textcolor>
				</control>
				<!-- 6 -->
				<control type="image">
					<posx>0</posx>
					<posy>520</posy>
					<width>32</width>
					<height>32</height>
					<texture>user.png</texture>
				</control>
				<control type="textbox">
					<posx>-1220</posx>
					<posy>510</posy>
					<width>1200</width>
					<height>120</height>
					<align>right</align>
					<font>font-18</font>
					<label>[COLOR=$VAR[main_color]]Yaron Malenboim[/COLOR][CR]יצר את מסך הפתיחה היפיפה של הסקין, ותרם מזמנו ומכשרונו בכל הנוגע לעזרה עיצובית.</label>
					<textcolor>grey_50</textcolor>
				</control>
				<!-- 7 -->
				<control type="image">
					<posx>0</posx>
					<posy>600</posy>
					<width>32</width>
					<height>32</height>
					<texture>heart.png</texture>
				</control>
				<control type="textbox">
					<posx>-1220</posx>
					<posy>590</posy>
					<width>1200</width>
					<height>120</height>
					<align>right</align>
					<font>font-18</font>
					<label>[COLOR=$VAR[main_color]]Conq,Bello,Silvo,Eminence[/COLOR][CR]Thanks to those skins about some png's, code lines, modes, and inspiration for my skin home and views.</label>
					<textcolor>grey_50</textcolor>
				</control>
				<!-- 8 -->
				<control type="image">
					<posx>0</posx>
					<posy>700</posy>
					<width>32</width>
					<height>32</height>
					<texture>heart.png</texture>
				</control>
				<control type="textbox">
					<posx>-1220</posx>
					<posy>690</posy>
					<width>1200</width>
					<height>120</height>
					<align>right</align>
					<font>font-18</font>
					<label>[B][COLOR=$VAR[main_color]]כל התורמים לסקין + כל קהילת Kodisrael.Net הנפלאה[/COLOR][/B][CR]אני מודה מאוד למי שבחר לתרום ולומר לי תודה.</label>
					<textcolor>grey_50</textcolor>
				</control>
			</control>

		</control>


		<include>top_bar_solid</include>
	</controls>

</window>

