<?xml version="1.0" encoding="UTF-8"?>
<window>
	<defaultcontrol always="true">903</defaultcontrol>
	<allowoverlay>no</allowoverlay>

	<controls>
		<control type="group">
			<visible>Player.HasMedia</visible>
			<visible>!Window.IsVisible(SliderDialog) + !Window.IsVisible(videobookmarks)</visible>
			<control type="group"> <!-- UPPER PART -->
				<animation effect="zoom" start="0,879,1920,1" end="0,0,1920,1080" delay="210" time="100">WindowOpen</animation>
				<animation type="WindowClose">
					<effect type="zoom" start="0,0,1920,1080" end="0,879,1920,0" time="100"/>
					<effect type="fade" end="0" delay="100" time="0"/>
				</animation>
				<control type="group">
					<posx>0</posx>
					<posy>0</posy>
					<control type="image">
						<description>LEFT - background image for buttons</description>
						<posx>0</posx>
						<posy>799</posy>
						<width>1980</width>
						<height>80</height>
						<texture>osd/osd_nf.png</texture>
					</control>
				</control>
				<!-- Subtitle Flag -->
				<control type="image">
					<posx>1573</posx>
					<posy>810</posy>
					<width>60</width>
					<height>62</height>
					<texture colordiffuse="white" diffuse="osd/subs3.png">flags/subs/$VAR[sub_lang_name].png</texture>
					<animation effect="fade" end="90" time="0" condition="true">Conditional</animation>
					<visible>VideoPlayer.HasSubtitles + VideoPlayer.SubtitlesEnabled + !IsEmpty(VideoPlayer.SubtitlesLanguage)</visible>
				</control>
				<control type="grouplist">
					<posx>362</posx>
					<posy>810</posy>
					<itemgap>0</itemgap>
					<orientation>horizontal</orientation>
					<onup>60</onup>
					<onleft>920</onleft>
					<onright>910</onright>
					<control type="button" id="901">
						<width>64</width>
						<height>64</height>
						<label>Previous</label>
						<font>-</font>
						<texturefocus colordiffuse="$VAR[main_color]">osd/previous.png</texturefocus>
						<texturenofocus colordiffuse="grey_a">osd/previous.png</texturenofocus>
						<onclick>PlayerControl(Previous)</onclick>
					</control>
					<control type="button" id="902">
						<width>64</width>
						<height>64</height>
						<label>Rewind</label>
						<font>-</font>
						<texturefocus colordiffuse="$VAR[main_color]">osd/rewind.png</texturefocus>
						<texturenofocus colordiffuse="grey_a">osd/rewind.png</texturenofocus>
						<onclick>PlayerControl(Rewind)</onclick>
					</control>
					<control type="togglebutton" id="903">
						<width>64</width>
						<height>64</height>
						<label>Play</label>
						<font>-</font>
						<texturefocus colordiffuse="$VAR[main_color]">osd/pause.png</texturefocus>
						<texturenofocus colordiffuse="grey_a">osd/pause.png</texturenofocus>
						<usealttexture>Player.Paused | Player.Forwarding | Player.Rewinding</usealttexture>
						<alttexturefocus colordiffuse="$VAR[main_color]">osd/play.png</alttexturefocus>
						<alttexturenofocus colordiffuse="grey_a">osd/play.png</alttexturenofocus>
						<onclick>PlayerControl(Play)</onclick>
					</control>
					<control type="button" id="904">
						<width>64</width>
						<height>64</height>
						<label>Stop</label>
						<font>-</font>
						<texturefocus colordiffuse="$VAR[main_color]">osd/stop.png</texturefocus>
						<texturenofocus colordiffuse="grey_a">osd/stop.png</texturenofocus>
						<onclick>PlayerControl(Stop)</onclick>
					</control>
					<control type="button" id="905">
						<width>64</width>
						<height>64</height>
						<label>Forward</label>
						<font>-</font>
						<texturefocus colordiffuse="$VAR[main_color]">osd/forward.png</texturefocus>
						<texturenofocus colordiffuse="grey_a">osd/forward.png</texturenofocus>
						<onclick>PlayerControl(Forward)</onclick>
					</control>

					<control type="button" id="906">
						<width>64</width>
						<height>64</height>
						<label>Next</label>
						<font>-</font>
						<texturefocus colordiffuse="$VAR[main_color]">osd/skipnext.png</texturefocus>
						<texturenofocus colordiffuse="grey_a">osd/skipnext.png</texturenofocus>
						<onclick>PlayerControl(Next)</onclick>
					</control>
					<control type="group" id="999">
						<width>64</width>
						<height>64</height>

						<control type="button" id="907">
							<posx>0</posx>
							<posy>0</posy>
							<width>64</width>
							<height>64</height>
							<label>Repeat</label>
							<font>-</font>
							<texturefocus>-</texturefocus>
							<texturenofocus>-</texturenofocus>
							<onleft>906</onleft>
							<onright>908</onright>
							<onclick>PlayerControl(Repeat)</onclick>
						</control>
						<control type="image">
							<posx>0</posx>
							<posy>0</posy>
							<width>64</width>
							<height>64</height>
							<texture colordiffuse="grey_a">osd/repeat.png</texture>
							<visible>!Playlist.IsRepeat + !Playlist.IsRepeatOne + !Control.HasFocus(907)</visible>
						</control>
						<control type="image">
							<posx>0</posx>
							<posy>0</posy>
							<width>64</width>
							<height>64</height>
							<texture colordiffuse="$VAR[main_color]">osd/repeat.png</texture>
							<visible>!Playlist.IsRepeat + !Playlist.IsRepeatOne + Control.HasFocus(907)</visible>
						</control>
						<control type="image">
							<posx>0</posx>
							<posy>0</posy>
							<width>64</width>
							<height>64</height>
							<texture colordiffuse="grey_a">osd/repeat_one.png</texture>
							<visible>Playlist.IsRepeatOne + !Control.HasFocus(907)</visible>
						</control>
						<control type="image">
							<posx>0</posx>
							<posy>0</posy>
							<width>64</width>
							<height>64</height>
							<texture colordiffuse="$VAR[main_color]">osd/repeat_one.png</texture>
							<visible>Playlist.IsRepeatOne + Control.HasFocus(907)</visible>
						</control>
						<control type="image">
							<posx>0</posx>
							<posy>0</posy>
							<width>64</width>
							<height>64</height>
							<texture colordiffuse="grey_a">osd/repeat_all.png</texture>
							<visible>Playlist.IsRepeat + !Control.HasFocus(907)</visible>
						</control>
						<control type="image">
							<posx>0</posx>
							<posy>0</posy>
							<width>64</width>
							<height>64</height>
							<texture colordiffuse="$VAR[main_color]">osd/repeat_all.png</texture>
							<visible>Playlist.IsRepeat + Control.HasFocus(907)</visible>
						</control>
					</control>
					<control type="togglebutton" id="908">
						<width>64</width>
						<height>64</height>
						<label>Random</label>
						<font>-</font>
						<texturefocus colordiffuse="$VAR[main_color]">osd/shuffle_off.png</texturefocus>
						<texturenofocus colordiffuse="grey_a">osd/shuffle_off.png</texturenofocus>
						<usealttexture>Playlist.IsRandom</usealttexture>
						<alttexturefocus colordiffuse="$VAR[main_color]">osd/shuffle.png</alttexturefocus>
						<alttexturenofocus colordiffuse="grey_a">osd/shuffle.png</alttexturenofocus>
						<onclick>PlayerControl(Random)</onclick>
					</control>
					<control type="button" id="909">
						<width>64</width>
						<height>64</height>
						<label>record</label>
						<font>-</font>
						<texturenofocus colordiffuse="grey_a">osd/record.png</texturenofocus>
						<texturefocus colordiffuse="$VAR[main_color]">osd/record.png</texturefocus>
						<onclick>PlayerControl(record)</onclick>
						<visible>Player.CanRecord</visible>
					</control>
				</control>
				<control type="image">
					<description>record image for button</description>
					<width>64</width>
					<height>64</height>
					<posx>874</posx>
					<posy>810</posy>
					<texture colordiffuse="red">osd/record.png</texture>
					<visible>Player.IsRecording</visible>
				</control>
				<control type="grouplist">
					<posx>1290</posx>
					<posy>810</posy>
					<align>right</align>
					<width>600</width>
					<itemgap>0</itemgap>
					<orientation>horizontal</orientation>
					<align>right</align>
					<onleft>909</onleft>
					<onright>901</onright>
					<usecontrolcoords>true</usecontrolcoords>
					<control type="button" id="910">
						<description>TV - channels Menu</description>
						<width>64</width>
						<height>64</height>
						<label>channels</label>
						<font>-</font>
						<texturenofocus colordiffuse="grey_a">osd/tv.png</texturenofocus>
						<texturefocus colordiffuse="$VAR[main_color]">osd/tv.png</texturefocus>
						<onclick>ActivateWindow(PVROSDChannels)</onclick>
						<visible>!Skin.HasSetting(KioskMode) + VideoPlayer.Content(LiveTV)</visible>
					</control>
					<control type="button" id="911">
						<description>TV - Guide Menu</description>
						<width>64</width>
						<height>64</height>
						<label>Guide</label>
						<font>-</font>
						<texturenofocus colordiffuse="grey_a">osd/tv2.png</texturenofocus>
						<texturefocus colordiffuse="$VAR[main_color]">osd/tv2.png</texturefocus>
						<onclick>ActivateWindow(PVROSDGuide)</onclick>
						<visible>!Skin.HasSetting(KioskMode) + VideoPlayer.Content(LiveTV)</visible>
					</control>
					<control type="button" id="912">
						<description>Subtitles button</description>
						<width>64</width>
						<height>64</height>
						<label>Subtitles</label>
						<font>-</font>
						<texturenofocus colordiffuse="grey_a">osd/subs.png</texturenofocus>
						<texturefocus colordiffuse="$VAR[main_color]">osd/subs.png</texturefocus>
						<onup>404</onup>
						<onclick>ActivateWindow(SubtitleSearch)</onclick>
					</control>
					<control type="image" id="913">
						<description>Subtitles indicator on</description>
						<width>64</width>
						<height>64</height>
						<posx>-64</posx>
						<texture colordiffuse="$VAR[main_color]">osd/subs2.png</texture>
						<visible>VideoPlayer.HasSubtitles + VideoPlayer.SubtitlesEnabled + IsEmpty(VideoPlayer.SubtitlesLanguage)</visible>
					</control>
					<control type="image" id="914">
						<description>Subtitles indicator off</description>
						<width>64</width>
						<height>64</height>
						<posx>-64</posx>
						<texture colordiffuse="grey_a">osd/subs2.png</texture>
						<visible>!VideoPlayer.HasSubtitles | !VideoPlayer.SubtitlesEnabled</visible>
					</control>
					<control type="button" id="915">
						<description>Setting - Video Menu</description>
						<width>64</width>
						<height>64</height>
						<label>Video</label>
						<font>-</font>
						<texturenofocus colordiffuse="grey_a">osd/video.png</texturenofocus>
						<texturefocus colordiffuse="$VAR[main_color]">osd/video.png</texturefocus>
						<onclick>ActivateWindow(OSDVideoSettings)</onclick>
						<visible>!Skin.HasSetting(KioskMode)</visible>
					</control>
					<control type="button" id="916">
						<description>Setting - Audio Menu</description>
						<width>64</width>
						<height>64</height>
						<label>Audio</label>
						<font>-</font>
						<texturenofocus colordiffuse="grey_a">osd/audio.png</texturenofocus>
						<texturefocus colordiffuse="$VAR[main_color]">osd/audio.png</texturefocus>
						<onclick>ActivateWindow(OSDAudioSettings)</onclick>
						<visible>!Skin.HasSetting(KioskMode)</visible>
					</control>
					<control type="button" id="917">
						<description>bookmarks</description>
						<width>64</width>
						<height>64</height>
						<label>bookmarks</label>
						<font>-</font>
						<texturenofocus colordiffuse="grey_a">osd/bookmark.png</texturenofocus>
						<texturefocus colordiffuse="$VAR[main_color]">osd/bookmark.png</texturefocus>
						<onclick>ActivateWindow(VideoBookmarks)</onclick>
						<visible>!Skin.HasSetting(KioskMode)</visible>
					</control>
					<control type="button" id="918">
						<description>DVD menu button</description>
						<width>64</width>
						<height>64</height>
						<label>DVD</label>
						<font>-</font>
						<texturenofocus colordiffuse="grey_a">osd/dvd.png</texturenofocus>
						<texturefocus colordiffuse="$VAR[main_color]">osd/dvd.png</texturefocus>
						<onclick>PlayerControl(ShowVideoMenu)</onclick>
						<visible>VideoPlayer.HasMenu</visible>
					</control>
					<control type="button" id="919">
						<description>3D button</description>
						<width>64</width>
						<height>64</height>
						<label>3D</label>
						<font>-</font>
						<texturenofocus colordiffuse="grey_a">osd/3d.png</texturenofocus>
						<texturefocus colordiffuse="$VAR[main_color]">osd/3d.png</texturefocus>
						<onclick>ActivateWindow(1116)</onclick>
						<visible>VideoPlayer.IsStereoscopic</visible>
					</control>
					<control type="button" id="920">
						<description>info</description>
						<width>64</width>
						<height>64</height>
						<label>info</label>
						<font>-</font>
						<texturenofocus colordiffuse="grey_a">osd/info.png</texturenofocus>
						<texturefocus colordiffuse="$VAR[main_color]">osd/info.png</texturefocus>
						<onclick>Close</onclick>
						<onclick>ActivateWindow(fullscreeninfo)</onclick>
						<visible>!Skin.HasSetting(KioskMode)</visible>
					</control>

				</control>
			</control>


			<control type="group"><!-- BOTTOM PART  -->
				<animation effect="slide" start="0,203" end="0,0" time="200">WindowOpen</animation>
				<animation effect="slide" start="0,0" end="0,283" delay="100" time="200">WindowClose</animation>
				<control type="group">
					<posx>0</posx>
					<posy>570</posy>
					<control type="image">
						<description>BOTTOM - background image</description>
						<posx>0</posx>
						<posy>309</posy>
						<width>1920</width>
						<height>203</height>
						<texture>osd/line_down.png</texture>
					</control>
					<include>OSD_artsize</include>
				</control>
				<control type="group">


					<posy>780</posy>
					<control type="label">
						<posx>1880</posx>
						<posy>112</posy>
						<width>1515</width>
						<height>38</height>
						<label>$INFO[VideoPlayer.Title]</label>
						<scroll>true</scroll>
						<scrollspeed>40</scrollspeed>
						<align>right</align>
						<aligny>center</aligny>
						<font>font-32</font>
						<textcolor>white</textcolor>
					</control>
					<control type="label">
						<description>Genre</description>
						<posx>1880</posx>
						<posy>155</posy>
						<width>1200</width>
						<height>38</height>
						<label>$VAR[OSDLabel2]</label>
						<align>right</align>
						<aligny>center</aligny>
						<font>font-23</font>
						<textcolor>grey_a</textcolor>
					</control>
					<control type="label">
						<description>End Time \ Current Time</description>
						<posx>1880</posx>
						<posy>228</posy>
						<width>1200</width>
						<height>38</height>
						<label>[COLOR=grey_a]$INFO[Player.FinishTime][/COLOR] [COLOR=grey_b]$LOCALIZE[31050]:[/COLOR] [COLOR=grey_a]$INFO[System.Time][/COLOR] [COLOR=grey_b]$LOCALIZE[19030]:[/COLOR]</label>
						<align>right</align>
						<aligny>center</aligny>
						<font>font-17</font>
						<textcolor>grey_a</textcolor>
					</control>


					<!-- FLAGS -->
					<control type="grouplist">
						<posy>198</posy>
						<posx>650</posx>
						<align>center</align>
						<width>800</width>
						<height>52</height>
						<itemgap>110</itemgap>
						<orientation>horizontal</orientation>
						<control type="group">
							<visible>!IsEmpty(VideoPlayer.Rating)</visible>
							<include>flag_rating</include>
						</control>
						<control type="group">
							<visible>!IsEmpty(VideoPlayer.VideoResolution)</visible>
							<include>flag_res</include>
						</control>
						<control type="group">
							<visible>!IsEmpty(VideoPlayer.VideoAspect)</visible>
							<include>flag_aspect</include>
						</control>
						<control type="group">
							<visible>!IsEmpty(VideoPlayer.VideoCodec)</visible>
							<include>flag_codec</include>
						</control>
						<control type="group">
							<visible>!IsEmpty(VideoPlayer.AudioChannels)</visible>
							<include>flag_channels</include>
						</control>
						<control type="group">
							<visible>!IsEmpty(VideoPlayer.AudioCodec)</visible>
							<include>flag_audio</include>
						</control>
					</control>

					<!-- Progress Bar -->
					<control type="group">
						<posx>365</posx>
						<posy>256</posy>
						<control type="progress">
							<description>Progressbar Cache</description>
							<posx>0</posx>
							<posy>0</posy>
							<width>1515</width>
							<height>38</height>
							<info>Player.ProgressCache</info>
							<texturebg colordiffuse="grey_a" border="1,1,1,1">osd/2.png</texturebg>
							<midtexture colordiffuse="grey_a" border="1,1,1,1">osd/5.png</midtexture>
						</control>
						<control type="progress">
							<description>Progressbar</description>
							<posx>0</posx>
							<posy>0</posy>
							<width>1515</width>
							<height>38</height>
							<texturebg colordiffuse="darkgrey" border="1,0,1,0">osd/4.png</texturebg>
							<midtexture colordiffuse="$VAR[main_color]" border="1,0,1,0">osd/5.png</midtexture>
							<lefttexture>-</lefttexture>
							<righttexture>-</righttexture>
							<info>Player.Progress</info>
						</control>

						<control type="slider" id="888">
							<description>Seek Slider</description>
							<posx>0</posx>
							<posy>0</posy>
							<width>1515</width>
							<height>38</height>
							<action>seek</action>
							<texturesliderbar border="1,0,1,0">osd/4.png</texturesliderbar>
							<textureslidernib>osd/3.png</textureslidernib>
							<textureslidernibfocus>osd/3.png</textureslidernibfocus>
						</control>
						<control type="label">
							<description>time label</description>
							<posx>0</posx>
							<posy>-28</posy>
							<width>300</width>
							<height>38</height>
							<label>$INFO[VideoPlayer.Time][COLOR=grey_b][B] / [/B][/COLOR]$INFO[Player.Duration]</label>
							<align>left</align>
							<aligny>center</aligny>
							<font>font-17</font>
							<textcolor>white</textcolor>
						</control>
					</control>
					<!-- Volume Bar -->
					<control type="group">
						<posx>1570</posx>
						<posy>195</posy>
						<control type="label">
							<description>Volume Label</description>
							<posx>310</posx>
							<posy>0</posy>
							<width>188</width>
							<height>38</height>
							<label>$INFO[Control.GetLabel(10001)]</label>
							<font>font-16</font>
							<textcolor>grey_a</textcolor>
							<align>right</align>
							<aligny>center</aligny>
						</control>
						<control type="image">
							<posx>0</posx>
							<posy>0</posy>
							<width>40</width>
							<height>40</height>
							<texture>osd/mute.png</texture>
							<visible>!IntegerGreaterThan(player.volume,1)</visible>
						</control>
						<control type="image">
							<posx>0</posx>
							<posy>0</posy>
							<width>40</width>
							<height>40</height>
							<texture>osd/volume0.png</texture>
							<visible>IntegerGreaterThan(player.volume,1) + !IntegerGreaterThan(player.volume,20)</visible>
						</control>
						<control type="image">
							<posx>0</posx>
							<posy>0</posy>
							<width>40</width>
							<height>40</height>
							<texture>osd/volume1.png</texture>
							<visible>IntegerGreaterThan(player.volume,20) + !IntegerGreaterThan(player.volume,50)</visible>
						</control>
						<control type="image">
							<posx>0</posx>
							<posy>0</posy>
							<width>40</width>
							<height>40</height>
							<texture>osd/volume2.png</texture>
							<visible>IntegerGreaterThan(player.volume,50) + !IntegerGreaterThan(player.volume,95)</visible>
						</control>
						<control type="image">
							<posx>0</posx>
							<posy>0</posy>
							<width>40</width>
							<height>40</height>
							<texture>osd/volume3.png</texture>
							<visible>IntegerGreaterThan(player.volume,95)</visible>
						</control>

						<control type="progress" id="10001">
							<description>Progressbar for volume</description>
							<posx>50</posx>
							<posy>0</posy>
							<width>220</width>
							<height>38</height>
							<texturebg colordiffuse="grey_a" border="1,1,1,1">osd/2.png</texturebg>
							<midtexture colordiffuse="$VAR[main_color]" border="1,0,1,0">osd/5.png</midtexture>
							<lefttexture>-</lefttexture>
							<righttexture>-</righttexture>
							<info>Player.Volume</info>
						</control>

						<control type="slider" id="889">
							<description>Volume Slider</description>
							<posx>50</posx>
							<posy>0</posy>
							<width>220</width>
							<height>38</height>
							<action>volume</action>
							<texturesliderbar border="1,0,1,0">osd/4.png</texturesliderbar>
							<textureslidernib>osd/3.png</textureslidernib>
							<textureslidernibfocus>osd/3.png</textureslidernibfocus>
						</control>
					</control>

				</control>
			</control>

			<!-- Other Stuff -->

			<control type="group">

				<!-- Sub Menu For Subtitle -->
				<control type="grouplist" id="400">
					<visible>![Window.IsVisible(SliderDialog) | Window.IsVisible(subtitlesearch) | Window.IsVisible(OSDVideoSettings) | Window.IsVisible(OSDAudioSettings) | Window.IsVisible(VideoBookmarks)]</visible>
					<animation effect="slide" start="0,0" end="340,0" time="0" condition="![VideoPlayer.HasSubtitles + VideoPlayer.SubtitlesEnabled]">Conditional</animation>
					<left>1030</left>
					<top>740</top>
					<width>800</width>
					<height>60</height>
					<itemgap>0</itemgap>
					<onleft>400</onleft>
					<onright>400</onright>
					<onup>912</onup>
					<ondown>912</ondown>
					<orientation>horizontal</orientation>
					<visible>[Control.HasFocus(912) | ControlGroup(400).HasFocus] + VideoPlayer.HasSubtitles</visible>
					<animation effect="slide" start="0,0" end="1100,0" time="500">WindowClose</animation>
					<include condition="[VideoPlayer.HasSubtitles + VideoPlayer.SubtitlesEnabled]">osd_sub_animation1</include>
					<include condition="![VideoPlayer.HasSubtitles + VideoPlayer.SubtitlesEnabled]">osd_sub_animation2</include>

					<control type="togglebutton" id="401">
						<description>Download with Subtitles script</description>
						<height>60</height>
						<width>180</width>
						<font>font13</font>
						<label>33003</label>
						<focusedcolor>$VAR[main_color]</focusedcolor>
						<textcolor>grey_a</textcolor>
						<textoffsetx>15</textoffsetx>
						<align>center</align>
						<aligny>center</aligny>
						<texturenofocus>osd/sub_menu.png</texturenofocus>
						<texturefocus>osd/sub_menu.png</texturefocus>
						<alttexturefocus>osd/sub_menu.png</alttexturefocus>
						<alttexturenofocus>osd/sub_menu.png</alttexturenofocus>
						<onclick>Close</onclick>
						<onclick>Dialog.Close(VideoOSD)</onclick>
						<onclick>ActivateWindow(SubtitleSearch)</onclick>
					</control>
					<control type="button" id="402">
						<height>60</height>
						<width>210</width>
						<align>center</align>
						<aligny>center</aligny>
						<font>font13</font>
						<focusedcolor>$VAR[main_color]</focusedcolor>
						<textcolor>grey_a</textcolor>
						<texturenofocus>osd/sub_menu.png</texturenofocus>
						<texturefocus>osd/sub_menu.png</texturefocus>
						<pulseonselect>false</pulseonselect>
						<label>22006</label>
						<onclick>SubtitleDelay</onclick>
						<visible>VideoPlayer.HasSubtitles + VideoPlayer.SubtitlesEnabled</visible>
					</control>
					<control type="button" id="403">
						<height>60</height>
						<width>130</width>
						<align>center</align>
						<aligny>center</aligny>
						<font>font13</font>
						<focusedcolor>$VAR[main_color]</focusedcolor>
						<textcolor>grey_a</textcolor>
						<texturenofocus>osd/sub_menu.png</texturenofocus>
						<texturefocus>osd/sub_menu.png</texturefocus>
						<textoffsetx>0</textoffsetx>
						<pulseonselect>false</pulseonselect>
						<label>209</label>
						<onclick>CycleSubtitle</onclick>
						<visible>VideoPlayer.HasSubtitles + VideoPlayer.SubtitlesEnabled</visible>
					</control>
					<control type="radiobutton" id="404">
						<height>60</height>
						<width>260</width>
						<textoffsetx>10</textoffsetx>
						<focusedcolor>$VAR[main_color]</focusedcolor>
						<textcolor>grey_a</textcolor>
						<align>right</align>
						<aligny>center</aligny>
						<font>font13</font>
						<radiowidth>32</radiowidth>
						<radioheight>32</radioheight>
						<texturenofocus>osd/sub_menu.png</texturenofocus>
						<texturefocus>osd/sub_menu.png</texturefocus>
						<label>449</label>
						<radioposx>100</radioposx>
						<radioposy>17</radioposy>
						<onclick>ShowSubtitles</onclick>
						<selected>VideoPlayer.SubtitlesEnabled</selected>
						<visible>VideoPlayer.HasSubtitles</visible>
						<pulseonselect>false</pulseonselect>
					</control>
				</control>
				<control type="image">
					<description>media info background image</description>
					<posx>1030</posx>
					<posy>798</posy>
					<width>781</width>
					<height>16</height>
					<align>right</align>
					<texture colordiffuse="$VAR[main_color]" border="0,0,227,0">osd/sub_focus.png</texture>
					<animation effect="slide" start="0,0" end="1100,0" time="500">WindowClose</animation>
					<animation effect="zoom" start="0" end="100" center="1550,798" time="400">Visible</animation>
					<animation effect="zoom" start="100" end="0" center="1550,798" time="400">Hidden</animation>
					<visible>[Control.HasFocus(912) | ControlGroup(400).HasFocus] + [VideoPlayer.HasSubtitles + VideoPlayer.SubtitlesEnabled]</visible>
				</control>
				<control type="image">
					<description>media info background image</description>
					<posx>1370</posx>
					<posy>798</posy>
					<width>440</width>
					<height>16</height>
					<align>right</align>
					<texture colordiffuse="$VAR[main_color]" border="0,0,227,0">osd/sub_focus.png</texture>
					<animation effect="slide" start="0,0" end="1100,0" time="500">WindowClose</animation>
					<animation effect="zoom" start="0" end="100" center="1550,798" time="400">Visible</animation>
					<animation effect="zoom" start="100" end="0" center="1550,798" time="400">Hidden</animation>
					<visible>[Control.HasFocus(912) | ControlGroup(400).HasFocus] + !VideoPlayer.SubtitlesEnabled</visible>
				</control>
			</control>


		</control>
	</controls>
</window>
