<?xml version="1.0" encoding="utf-8" ?><dwsync><file name=".DS_Store" server="ftp.offshoregit.com" local="3537017893" remote="318763443929936112" Dst="-1" /><file name="changelog.txt" server="ftp.offshoregit.com" local="3537017773" remote="318763443929936112" Dst="-1" /><file name="addon.xml" server="ftp.offshoregit.com" local="3537017773" remote="318763443929936112" Dst="-1" /><file name="default.py" server="ftp.offshoregit.com" local="3537016758" remote="318763443929936112" Dst="-1" /><file name="downloader.py" server="ftp.offshoregit.com" local="3535854249" remote="318763443929465232" Dst="-1" /><file name="extract.py" server="ftp.offshoregit.com" local="3535854249" remote="318763443929465232" Dst="-1" /><file name="icon.png" server="ftp.offshoregit.com" local="3535854249" remote="318763443929465232" Dst="-1" /><file name="fanart.jpg" server="ftp.offshoregit.com" local="3535854249" remote="318763443929465232" Dst="-1" /><file name="tools.py" server="ftp.offshoregit.com" local="3535854249" remote="318763443929465352" Dst="-1" /></dwsync>