<?xml version="1.0" encoding="UTF-8" standalone="yes"?>
<addon id="plugin.video.offside" name="OffSide Streams" version="3.2.9" provider-name="Mikey1234">
  <requires>
    <import addon="xbmc.python" version="2.1.0"/>
    <import addon="script.module.t0mm0.common" version="0.0.1"/>
    <import addon="plugin.video.footballreplays" version="0.0.1"/>
    <import addon="script.module.urlresolver" version="0.0.1"/>
    <import addon="script.module.requests" version="0.0.1"/>
  </requires>
  <extension point="xbmc.python.pluginsource" library="default.py">
        <provides>video</provides>
  </extension>
  <extension point="xbmc.addon.metadata">
    <summary lang="en">OffSide Streams</summary>
    <description lang="en">Stream all of your favourites sports,movies and tv from OffSide Streams</description>
    <platform>all</platform>
  </extension>
</addon>
