<?xml version="1.0" encoding="UTF-8" standalone="yes"?>
<addon id="plugin.video.hightimes"
	name="High Times"
	version="1.0.8"
	provider-name="tvaddons.ag">
  <requires>
    <import addon="xbmc.python" version="2.1.0"/>
    <import addon="script.module.addon.common" version="2.0.0"/>
    <import addon="plugin.video.youtube" version="5.0.0"/>
  </requires>
  <extension point="xbmc.python.pluginsource" library="default.py">
    <provides>video</provides>
  </extension>
  <extension point="xbmc.addon.metadata">
    <summary lang="en">High Times</summary>
    <description lang="en">It's been over 35 years since HIGH TIMES first began promoting the legalization of cannabis. Along the way, HIGH TIMES provided a home for cutting-edge journalism that no other magazine would touch. Now, you can go behind the scenes with the HIGH TIMES crew as they travel around the world to get the story, help your garden grow or judge the world's greatest pot.</description>
    <platform>all</platform>
    <forum>http://forums.tvaddons.ag/forums/113-TVADDONS-AG-ADDON-REPOSITORY</forum>
    <website>http://www.tvaddons.ag/</website>
  </extension>
</addon>
