<?xml version="1.0" encoding="UTF-8"?>
<addon id="plugin.video.the666sicco"
       name="Motor Sports (Replays)"
       version="0.2.0"
       provider-name="[COLOR blue]X[/COLOR]unity[COLOR blue]T[/COLOR]alk">
  <requires>
    <import addon="xbmc.python" version="2.1.0"/>
	<import addon="script.module.t0mm0.common" version="0.0.1"/>
	<import addon="script.module.universal" version="0.0.1" />
  </requires>
  <extension point="xbmc.python.pluginsource"
            library="default.py">
        <provides>video</provides>
  </extension>
  <extension point="xbmc.addon.metadata">
    <summary lang="en">The 666 Sicco</summary>
    <description lang="en">The 666 Sicco - Watch Formula-1, MotoGP, and Superbike replays in HD.</description>
    <platform>all</platform>
	<language></language>
	<license></license>
	<forum></forum>
	<website></website>
	<source></source>
	<email></email>
  </extension>
</addon>
