<?xml version="1.0" encoding="UTF-8" standalone="yes"?>
<addon id="plugin.video.10qtv" name="10qtv" version="1.0.7" provider-name="GO BEITAR NORDIA">
    <requires>
        <import addon="xbmc.python" version="2.1.0"/>
    </requires>
    <extension point="xbmc.python.pluginsource" library="10qtv.py">
        <provides>video</provides>
    </extension>
    <extension point="xbmc.addon.metadata">
        <platform>all</platform>
        <summary lang="en">Watch video 10qtv</summary>
        <summary lang="he">צפו בוידאו מהאתר 10qtv</summary>
        <description lang="en">Watch video from 10qtv</description>
        <description lang="he">צפו בוידאו מהאתר 10qtv</description>
        <disclaimer>'כותבי הסקיפרט אינם אחראים לתוכן המצוג באתר ואין להם קשר אליו בשום צורה ,הנך כפוף לתנאי השימוש של האתר</disclaimer>
        <supportedcontent>
          <content>tvshows</content>
        </supportedcontent>	
    </extension>
 </addon>
