<?xml version="1.0" encoding="UTF-8" standalone="yes"?>
<scraper name="TheWiz.Heb.Movies" thumb="" framework="1.1" date="2015-03-29">
	<CreateSearchUrl dest="3">
		<RegExp input="$$1" output="&lt;url&gt;http://api.tmdb.org/3/search/movie?api_key=57983e31fb435df4df77afb854740ea9&amp;amp;query=\1&amp;amp;year=$$4&amp;amp;language=$INFO[language]&lt;/url&gt;" dest="3">
			<RegExp input="$$2" output="\1" dest="4">
				<expression clear="yes">(.+)</expression>
			</RegExp>
			<expression noclean="1" />
		</RegExp>
	</CreateSearchUrl>
    <NfoUrl dest="3">
        <RegExp dest="3" output="&lt;details&gt;&lt;url&gt;http://api.thewiz.info/imdb/tt\1.xml&lt;/details&gt;" input="$$1">
            <expression noclean="1">imdb....?/title/tt([0-9]*)</expression>
        </RegExp>
        <RegExp dest="3" output="&lt;details&gt;&lt;url&gt;http://api.thewiz.info/imdb/tt\1.xml&lt;/details&gt;" input="$$1">
            <expression>imdb....?/Title\?t{0,2}([0-9]+)</expression>
        </RegExp>
    </NfoUrl>
	<GetSearchResults dest="8">
		<RegExp input="$$3" output="&lt;results&gt;\1&lt;/results&gt;" dest="8">
			<RegExp input="$$1" output="&lt;entity&gt;&lt;title&gt;\3&lt;/title&gt;&lt;id&gt;\2&lt;/id&gt;&lt;year&gt;\1&lt;/year&gt;&lt;url cache=&quot;tmdb-$INFO[language]-\2.json&quot;&gt;http://api.thewiz.info/tmdb/\2.xml&lt;/url&gt;&lt;/entity&gt;" dest="3">
				<expression repeat="yes">&quot;release_date&quot;:&quot;([0-9]+)-.*?&quot;id&quot;:([0-9]*),&quot;original_title&quot;:&quot;[^&quot;]*&quot;,&quot;original_language&quot;:&quot;[^&quot;]*&quot;,&quot;title&quot;:&quot;([^&quot;]*)&quot;</expression>
			</RegExp>
			<RegExp input="$$1" output="&lt;entity&gt;&lt;title&gt;\3&lt;/title&gt;&lt;id&gt;\2&lt;/id&gt;&lt;year&gt;\1&lt;/year&gt;&lt;url cache=&quot;tmdb-$INFO[language]-\2.json&quot;&gt;http://api.thewiz.info/tmdb/\2.xml&lt;/url&gt;&lt;/entity&gt;" dest="3+">
				<expression repeat="yes">&quot;release_date&quot;:&quot;([0-9]+)-.*?&quot;id&quot;:([0-9]*),&quot;original_title&quot;:&quot;([^&quot;]*)&quot;,&quot;original_language&quot;:&quot;[^&quot;]*&quot;</expression>
			</RegExp>
			<RegExp input="$$1" output="&lt;entity&gt;&lt;title&gt;\2&lt;/title&gt;&lt;id&gt;\1&lt;/id&gt;&lt;url cache=&quot;tmdb-$INFO[language]-\1.json&quot;&gt;http://api.thewiz.info/tmdb/\1.xml&lt;/url&gt;&lt;/entity&gt;" dest="3+">
				<expression repeat="yes">&quot;release_date&quot;:null.*?&quot;id&quot;:([0-9]*),&quot;original_title&quot;:&quot;([^&quot;]*)&quot;,&quot;original_language&quot;:&quot;[^&quot;]*&quot;</expression>
			</RegExp>
			<expression noclean="1" />
		</RegExp>
	</GetSearchResults>
    <GetDetails dest="3">
        <RegExp dest="3" output="&lt;details&gt;\1&lt;/details&gt;" input="$$5">
            <RegExp dest="5" output="&lt;id&gt;\1&lt;/id&gt;" input="$$1">
                <expression clear="yes" noclean="1">&lt;TITLE_ID&gt;(.+?)&lt;/TITLE_ID&gt;</expression>
            </RegExp>
            <RegExp dest="5+" output="&lt;title&gt;\1&lt;/title&gt;" input="$$1" conditional="!keeporiginaltitle">
                <expression>&lt;TITLE&gt;(.+?)&lt;/TITLE&gt;</expression>
            </RegExp>
            <RegExp dest="5+" output="&lt;title&gt;\1&lt;/title&gt;" input="$$1" conditional="keeporiginaltitle">
                <expression>&lt;ORIGINAL_TITLE&gt;(.+?)&lt;/ORIGINAL_TITLE&gt;</expression>
            </RegExp>
            <RegExp dest="5+" output="&lt;originaltitle&gt;\1&lt;/originaltitle&gt;" input="$$1">
                <expression>&lt;ORIGINAL_TITLE&gt;(.+?)&lt;/ORIGINAL_TITLE&gt;</expression>
            </RegExp>
            <RegExp dest="5+" output="&lt;runtime&gt;\1&lt;/runtime&gt;" input="$$1">
                <expression>&lt;RUNTIME&gt;(.+?)&lt;/RUNTIME&gt;</expression>
            </RegExp>
            <RegExp dest="5+" output="&lt;year&gt;\1&lt;/year&gt;" input="$$1">
                <expression>&lt;YEAR&gt;(.+?)&lt;/YEAR&gt;</expression>
            </RegExp>
            <RegExp dest="5+" output="&lt;plot&gt;\1&lt;/plot&gt;" input="$$1">
                <expression trim="1">&lt;PLOT&gt;(.+?)&lt;/PLOT&gt;</expression>
            </RegExp>
            <RegExp conditional="!imdb_vote" dest="5+" output="&lt;rating&gt;\1&lt;/rating&gt;" input="$$1">
                <expression>&lt;RATING&gt;(.+?)&lt;/RATING&gt;</expression>
            </RegExp>
            <RegExp conditional="!imdb_vote" dest="5+" output="&lt;votes&gt;\1&lt;/votes&gt;" input="$$1">
                <expression>&lt;VOTES&gt;(.+?)&lt;/VOTES&gt;</expression>
            </RegExp>
            <RegExp dest="5+" output="&lt;mpaa&gt;\1&lt;/mpaa&gt;" input="$$1">
                <expression>&lt;MPAA&gt;(.+?)&lt;/MPAA&gt;</expression>
            </RegExp>
            <RegExp dest="5+" output="&lt;tagline&gt;\1&lt;/tagline&gt;" input="$$1">
                <expression>&lt;STORYLINE&gt;(.+?)&lt;/STORYLINE&gt;</expression>
            </RegExp>
            <RegExp dest="5+" output="&lt;director&gt;\2&lt;/director&gt;" input="$$1">
                <expression noclean="2" trim="2">&lt;DIRECTING n="\d+" photo="([^"]+)"&gt;(.+?)&lt;/DIRECTING&gt;</expression>
            </RegExp>
            <RegExp dest="5+" output="&lt;credits&gt;\2&lt;/credits&gt;" input="$$1">
                <expression noclean="2" trim="2">&lt;WRITING n="\d+" photo="([^"]+)"&gt;(.+?)&lt;/WRITING&gt;</expression>
            </RegExp>
            <RegExp dest="5+" output="&lt;genre&gt;\1&lt;/genre&gt;" input="$$1">
                <expression repeat="yes">&lt;GENRE n="\d+"&gt;(.+?)&lt;/GENRE&gt;</expression>
            </RegExp>
            <RegExp dest="5+" output="&lt;actor&gt;&lt;name&gt;\2&lt;/name&gt;&lt;thumb&gt;\1&lt;/thumb&gt;&lt;/actor&gt;" input="$$1">
                <expression repeat="yes">&lt;ACTOR n="\d+" photo="([^"]+)"&gt;(.+?)&lt;/ACTOR&gt;</expression>
            </RegExp>
            <RegExp dest="5+" output="&lt;thumb&gt;\1&lt;/thumb&gt;" input="$$1">
                <expression>&lt;POSTER&gt;(.+?)&lt;/POSTER&gt;</expression>
            </RegExp>
			<RegExp conditional="fanart" input="$$2" output="&lt;chain function=&quot;GetTMDBFanartByIdChain&quot;&gt;$$6&lt;/chain&gt;" dest="5+">
                <RegExp dest="6" output="\1" input="$$1">
                    <expression trim="1">&lt;TITLE_ID&gt;(.+?)&lt;/TITLE_ID&gt;</expression>
                </RegExp>
				<expression />
			</RegExp>
			<RegExp input="$$2" output="&lt;chain function=&quot;GetTMDBCountryByIdChain&quot;&gt;$$6&lt;/chain&gt;" dest="5+">
                <RegExp dest="6" output="\1" input="$$1">
                    <expression trim="1">&lt;TITLE_ID&gt;(.+?)&lt;/TITLE_ID&gt;</expression>
                </RegExp>
				<expression />
			</RegExp>
			<RegExp input="$$2" output="&lt;chain function=&quot;GetTMDBStudioByIdChain&quot;&gt;$$6&lt;/chain&gt;" dest="5+">
                <RegExp dest="6" output="\1" input="$$1">
                    <expression trim="1">&lt;TITLE_ID&gt;(.+?)&lt;/TITLE_ID&gt;</expression>
                </RegExp>
				<expression />
			</RegExp>
			<RegExp conditional="trailer" input="$$2" output="&lt;chain function=&quot;GetTMDBTrailerByIdChain&quot;&gt;$$6&lt;/chain&gt;" dest="5+">
                <RegExp dest="6" output="\1" input="$$1">
                    <expression trim="1">&lt;IMDB_ID&gt;(.+?)&lt;/IMDB_ID&gt;</expression>
                </RegExp>
				<expression />
			</RegExp>
			<RegExp conditional="imdb_vote" input="$$2" output="&lt;chain function=&quot;GetIMDBRatingById&quot;&gt;$$6&lt;/chain&gt;" dest="5+">
                <RegExp dest="6" output="\1" input="$$1">
                    <expression trim="1">&lt;IMDB_ID&gt;(.+?)&lt;/IMDB_ID&gt;</expression>
                </RegExp>
				<expression />
			</RegExp>
            <expression noclean="1"></expression>
        </RegExp>
    </GetDetails>
</scraper>
