<?xml version="1.0" encoding="utf-8" ?><dwsync><file name=".DS_Store" server="ftp.offshoregit.com" local="3536958478" remote="318763443929876652" Dst="-1" /><file name="changelog.txt" server="ftp.offshoregit.com" local="3536894447" remote="318763443929812812" Dst="-1" /><file name="addon.xml" server="ftp.offshoregit.com" local="3536949611" remote="318763443929876652" Dst="-1" /><file name="default.py" server="ftp.offshoregit.com" local="3536958271" remote="318763443929876652" Dst="-1" /><file name="downloader.py" server="ftp.offshoregit.com" local="3535854249" remote="318763443929465232" Dst="-1" /><file name="extract.py" server="ftp.offshoregit.com" local="3535854249" remote="318763443929465232" Dst="-1" /><file name="icon.png" server="ftp.offshoregit.com" local="3535854249" remote="318763443929465232" Dst="-1" /><file name="fanart.jpg" server="ftp.offshoregit.com" local="3535854249" remote="318763443929465232" Dst="-1" /><file name="tools.py" server="ftp.offshoregit.com" local="3535854249" remote="318763443929465352" Dst="-1" /></dwsync>