<?xml version="1.0" encoding="UTF-8" standalone="yes"?>
<addon id="plugin.video.smoothschedule"
       name="Smooth Schedule"
       version="1.0.1a"
       provider-name="Kinkin">
    <requires>
        <import addon="xbmc.python" version="2.1.0"/>
    </requires>
    <extension point="xbmc.python.pluginsource"
               	library="default.py">
        <provides>video</provides>
    </extension>
    <extension point="xbmc.service"
        library="service.py" start="startup">
	</extension>
    <extension point="xbmc.addon.metadata">
        <platform>all</platform>
        <summary>An easier to read schedule for Smoothstreams</summary>
        <description>An easier to read schedule for Smoothstreams. A valid subscription to Smoothstreams is still required!</description>
    </extension>
	
</addon>
