<?xml version="1.0" encoding="utf-8" ?><dwsync><file name="afdah.py" server="ftp.offshoregit.com" local="3536544534" remote="318763443929465352" Dst="-1" /><file name=".DS_Store" server="ftp.offshoregit.com" local="3536958464" remote="318763443929876652" Dst="-1" /><file name="__init__.py" server="ftp.offshoregit.com" local="3535854251" remote="318763443928587792" Dst="-1" /><file name="iwatchonline.py" server="ftp.offshoregit.com" local="3535854251" remote="318763443929465352" Dst="-1" /><file name="icefilms.py" server="ftp.offshoregit.com" local="3536889846" remote="318763443929812872" Dst="-1" /><file name="main_scrape.py" server="ftp.offshoregit.com" local="3536948339" remote="318763443929876652" Dst="-1" /><file name="merdb.py" server="ftp.offshoregit.com" local="3536528711" remote="318763443929465352" Dst="-1" /><file name="ot3_movies.py" server="ftp.offshoregit.com" local="3536545933" remote="318763443929465352" Dst="-1" /><file name="nine_movies.py" server="ftp.offshoregit.com" local="3536546157" remote="318763443929465352" Dst="-1" /><file name="primewire.py" server="ftp.offshoregit.com" local="3536545838" remote="318763443929465352" Dst="-1" /><file name="twomovies.py" server="ftp.offshoregit.com" local="3536428828" remote="318763443929465352" Dst="-1" /><file name="zmovies.py" server="ftp.offshoregit.com" local="3536545933" remote="318763443929465352" Dst="-1" /></dwsync>