﻿<?xml version="1.0" encoding="UTF-8" standalone="yes"?>
<addon id="resource.images.skinicons.classicwhite.he" name="Skin Icons - Classic White Design (Hebrew)" version="1.0.3" provider-name="Orna Post, Benny Buchnik">
	<extension point="kodi.resource.images" compile="false" type="skinicons" />
	<requires>
		<import addon="kodi.resource" version="1.0.0"/>
	</requires>
	<extension point="xbmc.addon.metadata">
		<summary lang="en">Skin Icons Pack - Classic White Design</summary>
		<description lang="en">Skin Icons Pack - Classic White Design</description>
		<summary lang="he">חבילת אייקונים - לבן קלאסי</summary>
		<description lang="he"> חבילת אייקונים - לבן קלאסי</description>
		<platform>all</platform>
	</extension>
</addon>
