<?xml version="1.0" encoding="UTF-8" standalone="yes"?>
<addon id="plugin.video.disneyjuniorsv" name="Disney Junior Sweden" version="0.0.1" provider-name=".[COLOR blue]X[/COLOR]unity[COLOR blue]T[/COLOR]alk">
  <requires>
    <import addon="xbmc.python" version="2.1.0"/>
  </requires>
  <extension point="xbmc.python.pluginsource" library="default.py">
        <provides>video</provides>
  </extension>
  <extension point="xbmc.addon.metadata">
    <summary lang="sv">Streama Disney Junior</summary>
    <description lang="sv">Streama Disney Junior</description>
    <platform>all</platform>
  </extension>
</addon>
