<?xml version="1.0" encoding="UTF-8" standalone="yes"?>
<addon id="plugin.video.HushamLists" name="Husham Lists" version="1.0.2" provider-name="Husham.com">
  <requires>
    <import addon="xbmc.python" version="2.1.0"/>
    <import addon="script.module.xbmcswift2" version="2.4.0"/>
  </requires>
  <extension point="xbmc.python.pluginsource" library="addon.py">
    <provides>video</provides>
  </extension>
  <extension point="xbmc.addon.metadata">
    <language />
    <platform>all</platform>
    <website>http://www.husham.com/</website>
    <source>http://www.husham.com/forum</source>
    <forum>https://github.com/hmemar/husham.com</forum>
    <email>website@husham.com</email>
    <license>GNU GENERAL PUBLIC LICENSE. Version 2, June 1991</license>
    

  </extension>
</addon>
