<?xml version="1.0" encoding="UTF-8"?>
<!-- Foundation -->
<window id="132">
    <defaultcontrol always="true">5</defaultcontrol>
    <allowoverlay>yes</allowoverlay>

    <controls>

        <control type="group">
            <posx>horzpad</posx>
            <posy>topoffset</posy>
            <visible>!Window.IsVisible(addonsettings)</visible>
            <include>Animation.FadeIn</include>
            <include>Animation.FadeOut</include>
            <control type="label" description="Info Label" id="20">
                <include>DefSideLabelCoords</include>
                <label>20333</label>
            </control>
        </control>
        
        <control type="group">
            <visible>!Window.IsVisible(addonsettings)</visible>
            <include>Animation.FadeIn</include>
            <include>Animation.FadeOut</include>
            <posy>160</posy>
            <include>DefSettingsLines</include>
            
            <control type="spincontrolex" id="20">
                <posy>51</posy>
                <right>239</right>
                <align>left</align>
                <onleft>5</onleft>
                <onup>5</onup>
                <onright>5</onright>
                <ondown>5</ondown>
                <focusedcolor>Highlight</focusedcolor>
                <textureupfocus colordiffuse="Highlight" flipy="true">buttons/spin-down.png</textureupfocus>
                <texturedownfocus colordiffuse="Highlight">buttons/spin-down.png</texturedownfocus>
                <texturefocus>-</texturefocus>
                <include>Animation.SlideOpen.Left</include>
            </control>
            
            <control type="list" id="21">
                <height>552</height>
                <onup>21</onup>
                <ondown>21</ondown>
                <include>DefSettingsLeftGroup</include>
                <onright>5</onright>
                <onleft>9101</onleft>
                <include>DefSettingsLeftGroup</include>
                <itemlayout height="69">

                    <control type="label">
                        <posx>30</posx>
                        <width>325</width>
                        <info>ListItem.Label</info>
                        <font>Font-ListInfo</font>
                        <selectedcolor>Keyboard</selectedcolor>
                    </control>

                </itemlayout>

                <focusedlayout height="69">
                    <control type="image">
                        <include>DefSettingsCategoryButton</include>
                        <visible>Control.HasFocus(21)</visible>
                        <texture border="12" colordiffuse="$VAR[Highlight6]">common/white.png</texture>
                    </control>
                    <control type="label">
                        <posx>30</posx>
                        <width>325</width>
                        <font>Font-ListInfo</font>
                        <info>ListItem.Label</info>
                        <selectedcolor>Selected</selectedcolor>
                        <textcolor>Selected</textcolor>
                        <visible>Control.HasFocus(21)</visible>
                    </control>
                    <control type="label">
                        <posx>30</posx>
                        <width>325</width>
                        <font>Font-ListInfo</font>
                        <info>ListItem.Label</info>
                        <selectedcolor>Keyboard</selectedcolor>
                        <visible>!Control.HasFocus(21)</visible>
                    </control>
                </focusedlayout>
            </control>
            
            <control type="grouplist" id="5">
                <ondown>9101</ondown>
                <onleft>21</onleft>
                <ondown>9101</ondown>
                <onup>20</onup>
                <onright>20</onright>
                <description>Control Area</description>
                <include>DefSettingsRightGroup</include>
            </control>

            <control type="button" id="7">
                <description>default</description>
                <align>left</align>
                <font>Font-ListInfo</font>
            </control>

            <control type="radiobutton" id="8">
                <description>radioButton</description>
                <align>left</align>
                <font>Font-ListInfo</font>
            </control>
        
            <control type="grouplist" id="9101">
                <onup>5</onup>
                <itemgap>32</itemgap>
                <include>DefSettingsOKCancelGroup</include>
                <control type="button" id="28">
                    <description>Ok</description>
                    <label>186</label>
                    <include>DefSettingsOKCancelButton</include>
                </control>

                <control type="button" id="29">
                    <description>Cancel</description>
                    <label>222</label>
                    <include>DefSettingsOKCancelButton</include>
                </control>
                
                <control type="button" id="22">
                    <description>Settings</description>
                    <label>5</label>
                    <include>DefSettingsOKCancelButton</include>
                </control>
            </control>
         </control>


    </controls>

</window>
