<?xml version="1.0" encoding="UTF-8"?>
<!-- Foundation -->
<window id="146">
	<defaultcontrol always="true">9500</defaultcontrol>
	<allowoverlay>no</allowoverlay>
	<include>Animation.SlideOpen.Left</include>

	<controls>

		<control type="image">
			<posy>210</posy>
			<posx>-10</posx>
			<width>1940</width>
			<height>750</height>
			<texture colordiffuse="infobg" border="5">common/white.png</texture>
			<animation effect="fade" end="90" condition="true">Conditional</animation>
			<bordertexture colordiffuse="PosterBorder" border="5">common/border-inner.png</bordertexture>
			<bordersize>1</bordersize>
		</control>
		<control type="group">
			<posx>horzpad</posx>
			<posy>topoffset</posy>
			<include>DialogVisibility</include>
			<!--<include>DefDialogInfoSideLabel</include>-->
			<control type="group" description="Poster">
				<posx>1000</posx>
				<posy>180</posy>

				<control type="image">
					<posx>globalpad</posx>
					<posy>globalpad</posy>
					<width>bigposterw</width>
					<height>bigposterw</height>
					<fadetime>200</fadetime>
					<texture background="true">$VAR[Image_Poster]</texture>
					<aspectratio aligny="top">scale</aspectratio>
				</control>
				<control type="label">
					<posx>1000</posx>
					<posy>456</posy>
					<width>445</width>
					<height>223</height>
					<align>center</align>
					<aligny>center</aligny>
					<font>Font-ListInfo</font>
					<label>$INFO[ListItem.Label,[B],[/B]]$INFO[ListItem.Label2,[CR][CR],]</label>
					<textcolor>Selected</textcolor>
					<wrapmultiline>true</wrapmultiline>
				</control>
				<include/>
			</control>
			<control type="grouplist">
				<posx>380</posx>
				<posy>210</posy>
				<usecontrolcoords>true</usecontrolcoords>
				<orientation>vertical</orientation>
				<control type="label">
					<width>600</width>
					<height>32</height>
					<align>right</align>
					<aligny>top</aligny>
					<font>Font-Button</font>
					<label>20037</label>
				</control>
				<control type="label">
					<width>600</width>
					<height>64</height>
					<align>right</align>
					<aligny>top</aligny>
					<font>Font-ListInfo</font>
					<label fallback="416">$INFO[ListItem.Property(Addon.Summary)]</label>
				</control>
				<control type="label">
					<width>600</width>
					<height>32</height>
					<align>right</align>
					<aligny>top</aligny>
					<font>Font-Button</font>
					<label>560</label>
				</control>
				<control type="label">
					<width>600</width>
					<height>64</height>
					<align>right</align>
					<aligny>top</aligny>
					<font>Font-ListInfo</font>
					<label fallback="416">$INFO[ListItem.Property(Addon.ID)]</label>
				</control>
				<control type="label">
					<width>600</width>
					<height>32</height>
					<align>right</align>
					<aligny>top</aligny>
					<font>Font-Button</font>
					<label>21863</label>
				</control>
				<control type="label">
					<width>600</width>
					<height>64</height>
					<align>right</align>
					<aligny>top</aligny>
					<font>Font-ListInfo</font>
					<label fallback="416">$INFO[ListItem.Property(Addon.Creator)]</label>
				</control>
				<control type="label">
					<width>600</width>
					<height>32</height>
					<align>right</align>
					<aligny>top</aligny>
					<font>Font-Button</font>
					<label>573</label>
				</control>
				<control type="label">
					<width>600</width>
					<height>64</height>
					<align>right</align>
					<aligny>top</aligny>
					<font>Font-ListInfo</font>
					<label fallback="416">$INFO[ListItem.FileNameAndPath]</label>
					<scroll>true</scroll>
				</control>
			</control>
			<control type="grouplist">
				<posx>-600</posx>
				<posy>listy</posy>
				<usecontrolcoords>true</usecontrolcoords>
				<orientation>vertical</orientation>
				<control type="label">
					<posx>917</posx>
					<width>300</width>
					<height>32</height>
					<align>right</align>
					<aligny>top</aligny>
					<font>Font-Button</font>
					<label>467</label>
				</control>
				<control type="label">
					<posx>917</posx>
					<width>300</width>
					<height>64</height>
					<align>right</align>
					<aligny>top</aligny>
					<font>Font-ListInfo</font>
					<label fallback="416">$INFO[ListItem.Property(Addon.Type)]</label>
				</control>
				<control type="label">
					<posx>917</posx>
					<width>300</width>
					<height>32</height>
					<align>right</align>
					<aligny>top</aligny>
					<font>Font-Button</font>
					<label>126</label>
				</control>
				<control type="label">
					<posx>917</posx>
					<width>300</width>
					<height>64</height>
					<align>right</align>
					<aligny>top</aligny>
					<font>Font-ListInfo</font>
					<label fallback="416">$INFO[ListItem.Property(Addon.Status)]</label>
				</control>
			</control>
			<control type="grouplist">
				<posx>-130</posx>
				<posy>420</posy>
				<usecontrolcoords>true</usecontrolcoords>
				<orientation>vertical</orientation>
				<control type="label">
					<width>448</width>
					<align>right</align>
					<aligny>top</aligny>
					<height>32</height>
					<font>Font-Button</font>
					<label>גירסה</label>
				</control>
				<control type="label">
					<top>0</top>
					<width>448</width>
					<align>right</align>
					<aligny>top</aligny>
					<height>32</height>
					<font>Font-Button</font>
					<label fallback="לא זמין">$INFO[ListItem.Property(Addon.Version)]</label>
				</control>
			</control>
			<control type="grouplist">
				<posx>530</posx>
				<posy>630</posy>
				<usecontrolcoords>true</usecontrolcoords>

				<orientation>vertical</orientation>
				<control type="label">
					<width>448</width>
					<align>right</align>
					<aligny>top</aligny>
					<height>32</height>
					<font>Font-Button</font>
					<label>31101</label>
				</control>
				<control type="textbox">
					<posx>-500</posx>

					<width>947</width>
					<align>right</align>
					<aligny>top</aligny>
					<font>Font-ListInfo</font>
					<height>300</height>
					<label fallback="416">$INFO[ListItem.Property(Addon.Summary)]</label>
				</control>
			</control>
		</control>

		<!-- Arrows -->
		<control type="group">
			<visible allowhiddenfocus="true">!Window.IsVisible(DialogAddonSettings.xml)</visible>
			<include>Animation.DelayFadeIn</include>
			<visible>ControlGroup(9500).HasFocus()</visible>
			<centerbottom>220</centerbottom>
			<height>16</height>
			<control type="image">
				<centerleft>100</centerleft>
				<width>16</width>
				<height>16</height>
				<texture colordiffuse="White" flipx="true">common/arrow-small-right.png</texture>
			</control>
			<control type="image">
				<centerright>100</centerright>
				<width>16</width>
				<height>16</height>
				<texture colordiffuse="White" flipx="false">common/arrow-small-right.png</texture>
			</control>
		</control>
		<control type="button" id ="5">
			<width>1</width>
			<height>1</height>
			<visible allowhiddenfocus="true">false</visible>
		</control>
		<control type="button" id ="9601">
			<width>1</width>
			<height>1</height>
			<visible allowhiddenfocus="true">false</visible>
			<onback>9500</onback>
			<onup>9500</onup>
			<ondown>9500</ondown>
			<onleft>9500</onleft>
			<onright>9500</onright>
		</control>



		<!-- Control Buttons -->
		<control type="group">  
			<visible allowhiddenfocus="true">!Window.IsVisible(DialogAddonSettings.xml)</visible>

			<control type="grouplist" id="9500">
				<bottom>180</bottom>
				<left>150</left>
				<right>150</right>
				<height>68</height>
				<bottom>33</bottom>
				<itemgap>16</itemgap>
				<orientation>horizontal</orientation>
				<onup>9500</onup>
				<ondown>9500</ondown>
				<onleft>9500</onleft>
				<onright>9500</onright>
				<control type="button" id="12">
					<label>518</label>
					<onright>13</onright>
					<include>DefInfoButtons</include>
				</control>

				<control type="radiobutton" id="13">
					<description>Auto-update button</description>
					<include>DefInfoButtons</include>
					<radiowidth>40</radiowidth>
					<radioheight>40</radioheight>
					<radioposx>10</radioposx>  
				</control>

				<control type="button" id="9">
					<label>24020</label>
					<description>Addon Settings</description>
					<include>DefInfoButtons</include>
				</control>

				<control type="button" id="6">
					<label>24022</label>
					<include>DefInfoButtons</include>
				</control>


				<control type="button" id="7">
					<include>DefInfoButtons</include>
					<label>24021</label>   
				</control>

				<control type="button" id ="8">
					<description>Update</description>
					<label>24069</label>
					<include>DefInfoButtons</include>
					<visible>Control.IsEnabled(8)</visible>
				</control>

				<control type="button" id="9">
					<label>24020</label>
					<description>Addon Settings</description>
					<include>DefInfoButtons</include>
				</control>


				<control type="button" id="10">
					<label>24036</label>
					<description>Changelog button</description>
					<include>DefInfoButtons</include>
				</control>
			</control>
		</control>





		<!--
        <control type="group">      
            <visible allowhiddenfocus="true">ControlGroup(9500).HasFocus() + !Window.IsVisible(DialogAddonSettings.xml)</visible>
            <include>Animation.SlideOpen.Left</include>
            <include>DefSidePanel2</include>  
            <control type="grouplist" id="9500">
                <onback>9000</onback>
                <ondown>9500</ondown>
                <onup>9500</onup>
                <onright>9000</onright>
                <onleft>9000</onleft>
                <include>DefMyNavBarGroupList2</include>
                
                <control type="button" id="12">
                    <label>518</label>
                    <include>DefNavMenuButton</include>
                </control>

                <control type="button" id="6">
				                    <label>24022</label>

                    <description>Install/Uninstall Addon button</description>
                    <include>DefNavMenuButton</include>
                    <label>24022</label>
                </control>

                <control type="button" id="7">
				                    <label>24021</label>    
                    <description>Enable/Disable Addon button</description>
                    <include>DefNavMenuButton</include>
                    <label>24021</label>    
                </control>

                <control type="button" id="9">
				           <label>24020</label>
                    <description>Addon Settings</description>
                    <include>DefNavMenuButton</include>
                    <label>24020</label>
                </control>

                <control type="button" id="8">
                    <description>Update Addon button</description>
                    <include>DefNavMenuButton</include>
                    <label>24069</label>
                </control>

                <control type="button" id="10">
				  <label>24036</label>
                    <description>Changelog button</description>
                    <include>DefNavMenuButton</include>
                    <label>24036</label>
                </control>
            </control>
        </control>-->



		<control type="button" id="9000">
			<visible allowhiddenfocus="true">false</visible>
			<onclick>SetFocus(9500)</onclick>
			<onright>SetFocus(9500)</onright>
			<onleft>Back</onleft>
			<onup>SetFocus(9500)</onup>
			<ondown>SetFocus(9500)</ondown>
		</control>
	</controls>

</window>
