<?xml version="1.0" encoding="UTF-8"?>
<!-- Foundation -->
<window id="120">
    <defaultcontrol always="true">15</defaultcontrol>
    <zorder>5</zorder>
    <controls>
	
        <control type="group">
					            <animation effect="slide" start="0" end="0,80" time="200" condition="Window.IsVisible(script-cu-lrclyrics-main.xml)">Conditional</animation>

            <posy>8</posy>
            <animation type="WindowOpen">
                <effect type="fade" start="0" end="100" time="200"/>
                <effect type="slide" start="0,48" end="0" time="200"/>
            </animation>
            <animation type="Visible">
                <effect type="fade" start="0" end="100" time="200"/>
                <effect type="slide" start="0,48" end="0" time="200"/>
            </animation>
            <animation type="Hidden">
                <effect type="fade" end="0" start="100" time="200"/>
                <effect type="slide" end="0,48" start="0" time="200"/>
            </animation>
            <animation type="WindowClose">
                <effect type="fade" end="0" start="100" time="200"/>
                <effect type="slide" end="0,48" start="0" time="200"/>
            </animation>
            <include>MusicOSDLeft</include>
    
            <control type="grouplist" id="101">
            
                <posy>1008</posy>
                <width>1920</width>
                <height>48</height>
                <itemgap>16</itemgap>
                <orientation>horizontal</orientation>
                <align>center</align>
                <onleft>500</onleft>
                <onright>4</onright>
                <onup>noop</onup>
                <ondown>noop</ondown>

                <control type="button" id="12">
										<focusedcolor>$VAR[OSDColor]</focusedcolor>
            <include>DefOSDUpDown</include>

                    <description>Skip Back</description>
                    <width>48</width>
                    <height>48</height>
                    <label></label>
                    <font>noop</font>
                    <texturefocus colordiffuse="$VAR[OSDColor]" flipx="true">osd/next.png</texturefocus>
                    <texturenofocus colordiffuse="PanelFG-NF" flipx="true">osd/next.png</texturenofocus>
                    <onclick>PlayerControl(Previous)</onclick>
                </control>

                <control type="button" id="13">
										<focusedcolor>$VAR[OSDColor]</focusedcolor>
            <include>DefOSDUpDown</include>

                    <description>Rewind</description>
                    <width>48</width>
                    <height>48</height>
                    <label></label>
                    <font>noop</font>
                    <texturefocus colordiffuse="$VAR[OSDColor]" flipx="true">osd/ff.png</texturefocus>
                    <texturenofocus colordiffuse="PanelFG-NF" flipx="true">osd/ff.png</texturenofocus>
                    <onclick>PlayerControl(Rewind)</onclick>
                </control>

                <control type="togglebutton" id="14">
										<focusedcolor>$VAR[OSDColor]</focusedcolor>
            <include>DefOSDUpDown</include>

                    <description>Play/Pause</description>
                    <width>48</width>
                    <height>48</height>
                    <label></label>
                    <altlabel></altlabel>
                    <font>noop</font>
                    <texturefocus colordiffuse="$VAR[OSDColor]">osd/pause.png</texturefocus>
                    <texturenofocus colordiffuse="PanelFG-NF">osd/pause.png</texturenofocus>
                    <usealttexture>Player.Paused | Player.Forwarding | Player.Rewinding</usealttexture>
                    <alttexturefocus colordiffuse="$VAR[OSDColor]">osd/play.png</alttexturefocus>
                    <alttexturenofocus colordiffuse="PanelFG-NF">osd/play.png</alttexturenofocus>
                    <onclick>PlayerControl(Play)</onclick>
                </control>

                <control type="button" id="15">
										<focusedcolor>$VAR[OSDColor]</focusedcolor>
            <include>DefOSDUpDown</include>

                    <description>Stop</description>
                    <width>48</width>
                    <height>48</height>
                    <label></label>
                    <font>noop</font>
                    <texturefocus colordiffuse="$VAR[OSDColor]">osd/stop.png</texturefocus>
                    <texturenofocus colordiffuse="PanelFG-NF">osd/stop.png</texturenofocus>
                    <onclick>PlayerControl(Stop)</onclick>
                </control>

                <control type="button" id="16">
										<focusedcolor>$VAR[OSDColor]</focusedcolor>
            <include>DefOSDUpDown</include>

                    <description>Fast Forward</description>
                    <width>48</width>
                    <height>48</height>
                    <label></label>
                    <font>noop</font>
                    <texturefocus colordiffuse="$VAR[OSDColor]">osd/ff.png</texturefocus>
                    <texturenofocus colordiffuse="PanelFG-NF">osd/ff.png</texturenofocus>
                    <onclick>PlayerControl(Forward)</onclick>
                </control>

                <control type="button" id="17">
										<focusedcolor>$VAR[OSDColor]</focusedcolor>
            <include>DefOSDUpDown</include>

                    <description>Next</description>
                    <width>48</width>
                    <height>48</height>
                    <label></label>
                    <font>noop</font>
                    <texturefocus colordiffuse="$VAR[OSDColor]">osd/next.png</texturefocus>
                    <texturenofocus colordiffuse="PanelFG-NF">osd/next.png</texturenofocus>
                    <onclick>PlayerControl(Next)</onclick>
                </control>
            
            </control>
            <include>MusicOSDRight</include>
            
        </control>
    </controls>
    

</window>
