<?xml version="1.0" encoding="UTF-8"?>
<!-- Foundation -->
<window id="2">
    <defaultcontrol always="true">50</defaultcontrol>
	<views>50,51,53,54,55,56,57,58,59,500,508,509,510,511,512,513,514,515,516,517,518,519,520,521,522,523,524,525,528,530,531,532,533,534,535,794</views>
    <onload>ClearProperty(focushub,home)</onload>
    <background>0</background>
    <controls>

        <include>GlobalBackground</include>

        <include>DefMyNavViews</include>

		     <include condition="Skin.HasSetting(header.Emtopbar)">Furniture_TopBar</include>
            <include condition="!Skin.HasSetting(header.Emtopbar)">GlobalTopBar</include>        
        

        <control type="group">   
            <include>DefMyNavBar</include>  
            <control type="grouplist" id="9000">
                <include>DefMyNavBarGroupList</include>
			   <control type="button" id="564">
			       <include>DefNavMenuButton2</include>  
				   <label>תצוגה: $INFO[Container.Viewmode]</label>
				   <description>View</description>
				   <align>right</align>
				   <onclick>RunScript(script.skin.helper.service,action=setview)</onclick>
				</control>              

                <control type="button" id="3">
                    <description>Sort</description>
                    <include>DefNavMenuButton</include>
                </control>

                <control type="togglebutton" id="4">
                    <description>Ascending</description>
                    <include>DefNavMenuButton</include>
                    <label>584</label>
                    <altlabel>585</altlabel>
                </control>

                <control type="button" id="6">
                    <description>Slideshow</description>
                    <include>DefNavMenuButton</include>
                    <label>108</label>
                    <visible>!ListItem.IsFolder</visible>
                </control>

                <control type="button" id="7">
                    <description>Recursive Slideshow</description>
                    <include>DefNavMenuButton</include>
                    <label>108</label>
                    <visible>ListItem.IsFolder</visible>
                </control>

                <control type="radiobutton" id="9">
                    <description>Randomise</description>
                    <include>DefNavMenuButton</include>
                    <label>13319</label>
                </control>

                <control type="button" id="98">
                    <description>Open Player Controls</description>
                    <include>DefNavMenuButton</include>
                    <label>31015</label>
                    <onclick>ActivateWindow(playercontrols)</onclick>
                    <visible>Player.HasMedia</visible>
                </control>
            </control>
        </control>

    </controls>

</window>
