<?xml version="1.0" encoding="UTF-8"?>
<addon id="plugin.video.iwatchonline"
       name="IWO - I Watch Online"
       version="0.2.4"
       provider-name="[COLOR blue]X[/COLOR]unity[COLOR blue]T[/COLOR]alk">
  <requires>
    <import addon="xbmc.python" version="2.1.0"/>
	<import addon="script.module.t0mm0.common" version="0.0.1"/>
	<import addon="script.module.urlresolver" version="0.0.1"/>
	<import addon="script.module.metahandler" version="1.0.2"/>
	<import addon="script.common.plugin.cache" version="0.9.1"/>
	<import addon="script.module.universal" version="0.0.1" />
  </requires>
  <extension point="xbmc.python.pluginsource"
            library="default.py">
        <provides>video</provides>
  </extension>
  <extension point="xbmc.addon.metadata">
    <summary lang="en">IWO - I Watch Online (iwatchonline.to)</summary>
    <description lang="en">Watch movies and tv-shows online for free.[CR][CR][COLOR orange]Support[/COLOR] @ [COLOR blue]www.[B]XUNITYTALK[/B].com[/COLOR][CR][CR][COLOR orange][B]Credits[/B][/COLOR][CR]     [COLOR blue]azad720:[/COLOR] Artwork (Icons and Fanart)</description>	
    <platform>all</platform>
  </extension>
</addon>
