<?xml version="1.0" encoding="UTF-8" standalone="yes"?>
<addon id="plugin.audio.radio7ulm" name="Radio 7 aus Ulm" version="2.0" provider-name="IPTVxtra Team">
  <requires>
    <import addon="xbmc.python" version="2.1.0"/>
  </requires>
  <extension point="xbmc.python.pluginsource" library="default.py">
        <provides>audio</provides>
  </extension>
  <extension point="xbmc.addon.metadata">
    <summary>IPTVxtra Team</summary>
    <description>Addon für Radio 7 Ulm von IPTVxtra.net
		
	http://www.IPTVxtra.net</description>
	<website>http://www.iptvxtra.net</website>
    <platform>all</platform>
  </extension>
</addon>


