<?xml version="1.0" encoding="UTF-8" standalone="yes"?>
<addon id="plugin.video.mikeytv" name="World Tv XunityTalk.com" version="0.1.7" provider-name="Mikey1234">
  <requires>
    <import addon="xbmc.python" version="2.1.0"/>
  </requires>
  <extension point="xbmc.python.pluginsource" library="default.py">
        <provides>video</provides>
  </extension>
  <extension point="xbmc.addon.metadata">
    <summary lang="en">World Tv XunityTalk.com</summary>
    <description lang="en">World Tv XunityTalk.com</description>
    <platform>all</platform>
  </extension>
  <extension point="xbmc.service" library="service.py" start="login" />
</addon>
