<?xml version="1.0" encoding="UTF-8" standalone="yes"?>
<addon id="plugin.video.animeftw" name="AnimeFTW.tv" version="1.8.0" provider-name="robotman321">
  <requires>
    <import addon="xbmc.python" version="2.1.0"/>
    <import addon="script.module.elementtree" version="1.2.7"/>
  </requires>
  <extension point="xbmc.python.pluginsource" library="default.py">
    <provides>video</provides>
  </extension>
  <extension point="xbmc.addon.metadata">
    <language>en jp</language>
    <platform>all</platform>
	<website>http://www.animeftw.tv</website>
	<source>https://ftw-entertainment-llc-apps.googlecode.com/svn/trunk/plugin.video.animeftw/</source>
	<forum>http://forum.xbmc.org/showthread.php?tid=80010</forum>
	<email>developers@ftwentertainment.com</email>
    <license>GNU GENERAL PUBLIC LICENSE. Version 2, June 1991</license>
    <summary>Watch high-quality, streaming anime from AnimeFTW.tv!</summary>
    <description>AnimeFTW.tv provides high-quality, streaming anime using both DivX and H264 video codecs. With over 750 series and 2TB of video available, AnimeFTW aims to provide the best collection of anime series, OVAs, and movies to its users.
    </description>
    <disclaimer>You must have an account at www.animeftw.tv and be logged in for this addon to function! Only the first two episodes are available to free members!</disclaimer>
  </extension>
</addon>