﻿<?xml version="1.1" encoding="UTF-8" standalone="yes"?>
<addon id="service.FMupdater"
       name="FMupdater service"
       version="1.0.7"
       provider-name="The-Vibe.co.il">
  <requires>
    <import addon="xbmc.python" version="2.1.0"/>
	<import addon="repository.thevibe" version="2.0" optional="false"/>
  </requires>
  <extension point="xbmc.service" library="service.py" start="[login|startup]" />
  <extension point="xbmc.addon.metadata">
    <platform>all</platform>
    <summary lang="en">Upgrade Service For phenomenal Skin</summary>
  </extension>
</addon>