﻿<?xml version="1.0" encoding="UTF-8" standalone="yes"?>
<addon id="plugin.video.const.kinozal.tv"
       name="kinozal.tv by const"
       version="1.1.2"
       provider-name="nuismons">
	<requires>
        <import addon="xbmc.python" version="2.1.0"/>
        <import addon="script.module.beautifulsoup"/>
		<import addon="script.module.torrent.ts"/>
	</requires>
    <extension point="xbmc.python.pluginsource" provides="video" library="default.py">
        <provides>video</provides>
    </extension>
    <extension point="xbmc.addon.metadata">
        <summary>const.kinozal.tv</summary>
        <description>kinozal.tv by const</description>
        <platform>all</platform>
    </extension>
</addon>
