<?xml version="1.0" encoding="UTF-8" standalone="yes"?>
<addon id="plugin.video.notfilmon" name="NotFilmOn" version="4.9.3" provider-name=".[COLOR blue]X[/COLOR]unity[COLOR blue]T[/COLOR]alk">
  <requires>
    <import addon="xbmc.python" version="2.1.0"/>
    <import addon="script.module.t0mm0.common" version="0.0.1"/>
  </requires>
  <extension point="xbmc.python.pluginsource" library="default.py">
        <provides>video</provides>
  </extension>
  <extension point="xbmc.addon.metadata">
    <summary lang="en">NotFilmOn</summary>
    <description lang="en">Stream And Record From FilmON Tv Live .....Official Support....XBMCTALK.COM</description>
    <platform>all</platform>
  </extension>
</addon>
