<?xml version="1.0" encoding="UTF-8" standalone="yes"?>
<addon id="script.module.axel.downloader" name="Axel Downloader" version="0.2.2" provider-name="Eldorado">
  <requires>
    <import addon="xbmc.python" version="2.1.0"/>
    <import addon="script.module.addon.common" version="2.0.0"/>    
  </requires>
  <extension point="xbmc.python.script" library="controlpanel.py"/>
  <extension point="xbmc.python.module" library="lib"/>
  <extension library="default.py" point="xbmc.service" start="startup"/>
  <extension point="xbmc.addon.metadata">
    <platform>all</platform>
    <summary lang="en">Multi-connection/threaded Downloader</summary>
    <description lang="en">Download a file using multiple connections to achieve the highest speed.</description>
  </extension>
</addon>
