﻿<?xml version="1.0" encoding="UTF-8" standalone="yes"?>
<addon id="plugin.program.VibeW" name="Vibe Wizard" version="2.9.5" provider-name="The-vibe.co.il">
  <requires>
    <import addon="xbmc.python" version="2.1.0" optional="false"/>
    <import addon="repository.thevibe" version="3.2.0" optional="false"/>
    <import addon="weather.yahoo" version="3.0.7" optional="false"/>
    <import addon="plugin.video.youtube" version="5.1.9" optional="false" />
    <import addon="plugin.video.genesis" version="5.1.4" optional="false"/>
    <import addon="script.artwork.downloader" version="12.0.20" optional="false"/>
    <import addon="service.library.data.provider" version="0.1.1" optional="false"/>
    <import addon="script.skinshortcuts" version="0.6.6" optional="false"/>
    <import addon="script.tv.show.next.aired" version="60.0.14"/>
    <import addon="script.globalsearch" version="3.0.4"/>
    <import addon="service.skin.widgets" version="0.0.29"/>
    <import addon="plugin.video.thewiz.wall" version="2.1.3" optional="false"/>
    <import addon="service.subtitles.torec"  version="1.0.5" optional="false"/>
    <import addon="service.EMupdater" version="1.0.8" optional="false"/>
  </requires>
  <extension point="xbmc.python.pluginsource" library="default.py">
    <provides>video executable</provides>
  </extension>
  <extension point="xbmc.addon.metadata">
    <summary lang="en">Vibe Wizard</summary>
    <description lang="en">In this wizard you will find the latest Vibe build</description>
    <description lang="he">קודי בלחיצה, כל מה שאתם צריכים נמצא כאן</description>
    <disclaimer lang="en">Visit The-vibe.co.il for more info.</disclaimer>
    <disclaimer lang="he">כנסו לאתר the-vibe.co.il </disclaimer>
    <forum>http://the-vibe.co.il</forum>
    <source>http://the-vibe.co.il</source>
    <website>http://the-vibe.co.il</website>
    <platform>all</platform>
  </extension>
</addon>
