﻿<?xml version="1.0" encoding="UTF-8" standalone="yes"?>
<addon id="plugin.video.i4atv" name="i4atv" version="7.0.1" provider-name="Inside 4ndroid">
    <requires>
		<import addon="xbmc.python" version="2.14.0"/>
	</requires>
	<extension point="xbmc.python.pluginsource" library="addon.py">
		<provides>video</provides>
	</extension>
	<extension point="xbmc.service" library="server.py" start="startup" />
	<extension point="xbmc.addon.metadata">
		<platform>all</platform>
		<summary lang="en">I4ATV</summary>
		<description lang="en">This addon is an iptv stalker clone which has been working for a while now and i will strive to keep it working totally free. Enjoy</description>
		<license>GNU General Public License, v2</license>
		<language></language>
	
	</extension>
</addon>