<?xml version="1.0" encoding="UTF-8"?>
<includes>
	<include name="HomeSubMenu">
		<control type="image" id="90101">
			<width>35</width>
			<height>35</height>
			<texture border="0,0,0,3" flipx="true">HomeSubEnd.png</texture>
		</control>
		<control type="button" id="90102">
			<include>ButtonHomeSubCommonValues</include>
			<label>342</label>
			<onclick>ActivateWindow(Videos,MovieTitles,return)</onclick>
			<visible>Library.HasContent(Movies) + Skin.HasSetting(HomeMenuNoMovieButton)</visible>
		</control>
		<control type="button" id="90103">
			<include>ButtonHomeSubCommonValues</include>
			<label>20343</label>
			<onclick>ActivateWindow(Videos,TvShowTitles,return)</onclick>
			<visible>Library.HasContent(TVShows) + Skin.HasSetting(HomeMenuNoTVShowButton)</visible>
		</control>
		<control type="button" id="90104">
			<include>ButtonHomeSubCommonValues</include>
			<label>20389</label>
			<onclick>ActivateWindow(Videos,MusicVideoTitles,return)</onclick>
			<visible>Library.HasContent(MusicVideos)</visible>
		</control>
		<control type="button" id="90105">
			<include>ButtonHomeSubCommonValues</include>
			<label>744</label>
			<onclick>ActivateWindow(Videos,Files,return)</onclick>
		</control>
		<control type="button" id="90106">
			<include>ButtonHomeSubCommonValues</include>
			<label>14022</label>
			<onclick>ActivateWindow(Videos,Root)</onclick>
			<visible>Library.HasContent(Video)</visible>
		</control>
		<control type="button" id="90107">
			<include>ButtonHomeSubCommonValues</include>
			<label>24001</label>
			<onclick>ActivateWindow(Videos,Addons,return)</onclick>
		</control>
		<control type="image" id="90108">
			<width>35</width>
			<height>35</height>
			<texture border="0,0,0,3">HomeSubEnd.png</texture>
		</control>
	</include>
	<include name="HomeSubMenuMovies">
		<control type="image" id="90161">
			<width>35</width>
			<height>35</height>
			<texture border="0,0,0,3" flipx="true">HomeSubEnd.png</texture>
		</control>
		<control type="button" id="90162">
			<include>ButtonHomeSubCommonValues</include>
			<label>31328</label>
			<onclick>ActivateWindow(Videos,RecentlyAddedMovies,return)</onclick>
		</control>
		<control type="button" id="90163">
			<include>ButtonHomeSubCommonValues</include>
			<label>20434</label>
			<onclick>ActivateWindow(Videos,MovieSets,return)</onclick>
			<visible>Library.HasContent(MovieSets)</visible>
		</control>
		<control type="button" id="90164">
			<include>ButtonHomeSubCommonValues</include>
			<label>369</label>
			<onclick>ActivateWindow(Videos,MovieTitles,return)</onclick>
		</control>
		<control type="button" id="90165">
			<include>ButtonHomeSubCommonValues</include>
			<label>135</label>
			<onclick>ActivateWindow(Videos,MovieGenres,return)</onclick>
		</control>
		<control type="button" id="90166">
			<include>ButtonHomeSubCommonValues</include>
			<label>652</label>
			<onclick>ActivateWindow(Videos,MovieYears,return)</onclick>
		</control>
		<control type="button" id="90167">
			<include>ButtonHomeSubCommonValues</include>
			<label>344</label>
			<onclick>ActivateWindow(Videos,MovieActors,return)</onclick>
		</control>
		<control type="image" id="90168">
			<width>35</width>
			<height>35</height>
			<texture border="0,0,0,3">HomeSubEnd.png</texture>
		</control>
	</include>
	<include name="HomeSubMenuTVShows">
		<control type="image" id="90171">
			<width>35</width>
			<height>35</height>
			<texture border="0,0,0,3" flipx="true">HomeSubEnd.png</texture>
		</control>
		<control type="button" id="90172">
			<include>ButtonHomeSubCommonValues</include>
			<label>31328</label>
			<onclick>ActivateWindow(Videos,RecentlyAddedEpisodes,return)</onclick>
		</control>
		<control type="button" id="90173">
			<include>ButtonHomeSubCommonValues</include>
			<label>369</label>
			<onclick>ActivateWindow(Videos,TVShowTitles,return)</onclick>
		</control>
		<control type="button" id="90174">
			<include>ButtonHomeSubCommonValues</include>
			<label>135</label>
			<onclick>ActivateWindow(Videos,TVShowGenres,return)</onclick>
		</control>
		<control type="button" id="90175">
			<include>ButtonHomeSubCommonValues</include>
			<label>652</label>
			<onclick>ActivateWindow(Videos,TVShowYears,return)</onclick>
		</control>
		<control type="button" id="90176">
			<include>ButtonHomeSubCommonValues</include>
			<label>344</label>
			<onclick>ActivateWindow(Videos,TVShowActors,return)</onclick>
		</control>
		<control type="image" id="90177">
			<width>35</width>
			<height>35</height>
			<texture border="0,0,0,3">HomeSubEnd.png</texture>
		</control>
	</include>
	<include name="HomeSubMenuFavourites">
		<control type="image" id="90181">
			<width>35</width>
			<height>35</height>
			<texture border="0,0,0,3" flipx="true">HomeSubEnd.png</texture>
		</control>
		<control type="button" id="90182">
			<include>ButtonHomeSubCommonValues</include>
			<label>Dutch Sport Streams</label>
			<onclick>ActivateWindow(10025,&quot;plugin://plugin.video.cloudtv/?fanart=http%3a%2f%2fdutchsportstreams.com%2fcloudtv%2fimages%2fsportfanart.jpg&amp;mode=1&amp;name=%5bCOLOR%20gold%5dDutch%20Sport%20Streams%5b%2fCOLOR%5d%5bCOLOR%20green%5d%20-NEW-%5b%2fCOLOR%5d&amp;url=http%3a%2f%2fdutchsportstreams.com%2fxml%2fsport365.xml&quot;,return)</onclick>
			<visible>true</visible>
		</control>
		<control type="button" id="90183">
			<include>ButtonHomeSubCommonValues</include>
			<label>BVLS 2016</label>
			<onclick>ActivateWindow(10025,&quot;plugin://plugin.video.cloudtv/?fanart=http%3a%2f%2fdutchsportstreams.com%2fcloudtv%2fimages%2fbvls.jpg&amp;mode=1&amp;name=%5bCOLOR%20white%5dBVLS%202016%2fSportsTV%5b%2fCOLOR%5d&amp;url=http%3a%2f%2fdctv.comlu.com%2fxml%2fbvls.xml&quot;,return)</onclick>
			<visible>true</visible>
		</control>
		<control type="button" id="90184">
			<include>ButtonHomeSubCommonValues</include>
			<label>My Own List</label>
			<onclick>ActivateWindow(10025,&quot;plugin://plugin.video.cloudtv/?fanart=icon%5caddons%5cplugin.video.cloudtv%5cfanart.jpg&amp;mode=6&amp;name=My%20Own%20List&amp;url=My%20Own%20List&quot;,return)</onclick>
			<visible>true</visible>
		</control>
		
		<control type="image" id="90189">
			<width>35</width>
			<height>35</height>
			<texture border="0,0,0,3">HomeSubEnd.png</texture>
		</control>
	</include>
	<include name="HomeSubMenuMusic">
		<control type="image" id="90111">
			<width>35</width>
			<height>35</height>
			<texture border="0,0,0,3" flipx="true">HomeSubEnd.png</texture>
		</control>
		<control type="button" id="90112">
			<include>ButtonHomeSubCommonValues</include>
			<label>133</label>
			<onclick>ActivateWindow(MusicLibrary,Artists,return)</onclick>
			<visible>Library.HasContent(Music)</visible>
		</control>
		<control type="button" id="90113">
			<include>ButtonHomeSubCommonValues</include>
			<label>132</label>
			<onclick>ActivateWindow(MusicLibrary,Albums,return)</onclick>
			<visible>Library.HasContent(Music)</visible>
		</control>
		<control type="button" id="90114">
			<include>ButtonHomeSubCommonValues</include>
			<label>134</label>
			<onclick>ActivateWindow(MusicLibrary,Songs,return)</onclick>
			<visible>Library.HasContent(Music)</visible>
		</control>
		<control type="button" id="90115">
			<include>ButtonHomeSubCommonValues</include>
			<label>744</label>
			<onclick>ActivateWindow(MusicFiles)</onclick>
		</control>
		<control type="button" id="90116">
			<include>ButtonHomeSubCommonValues</include>
			<label>14022</label>
			<onclick>ActivateWindow(MusicLibrary,root)</onclick>
			<visible>Library.HasContent(Music)</visible>
		</control>
		<control type="button" id="90117">
			<include>ButtonHomeSubCommonValues</include>
			<label>24001</label>
			<onclick>ActivateWindow(MusicLibrary,Addons,return)</onclick>
			<visible>Library.HasContent(Music)</visible>
		</control>
		<control type="button" id="90118">
			<include>ButtonHomeSubCommonValues</include>
			<label>24001</label>
			<onclick>ActivateWindow(MusicFiles,Addons,return)</onclick>
			<visible>!Library.HasContent(Music)</visible>
		</control>
		<control type="button" id="90616">
			<include>ButtonHomeSubCommonValues</include>
			<label>Paradise Radio</label>
			<onclick>PlayMedia(http://shoutcast.paradiseradio.org:8390/listen.pls)</onclick>
			<visible>true</visible>
		</control>
		<control type="image" id="90119">
			<width>35</width>
			<height>35</height>
			<texture border="0,0,0,3">HomeSubEnd.png</texture>
		</control>
	</include>
	<include name="HomeSubMenuPrograms">
		<control type="image" id="90621">
			<width>35</width>
			<height>35</height>
			<texture border="0,0,0,3" flipx="true">HomeSubEnd.png</texture>
		</control>
		
		<control type="button" id="90624">
			<include>ButtonHomeSubCommonValues</include>
			<label>20183</label>
			<onclick>ReloadSkin()</onclick>
		</control>
		
		<control type="button" id="90625">
			<include>ButtonHomeSubCommonValues</include>
			<label>$LOCALIZE[24000] Browser</label>
			<onclick>ActivateWindow(AddonBrowser)</onclick>
		</control>
		<control type="image" id="90620">
			<width>35</width>
			<height>35</height>
			<texture border="0,0,0,3">HomeSubEnd.png</texture>
		</control>
	</include>
	<include name="HomeSubMenuVideos">
		<control type="image" id="90101">
			<width>35</width>
			<height>35</height>
			<texture border="0,0,0,3" flipx="true">HomeSubEnd.png</texture>
		</control>
		<control type="button" id="90102">
			<include>ButtonHomeSubCommonValues</include>
			<label>342</label>
			<onclick>ActivateWindow(Videos,MovieTitles,return)</onclick>
			<visible>Library.HasContent(Movies) + Skin.HasSetting(HomeMenuNoMovieButton)</visible>
		</control>
		<control type="button" id="90103">
			<include>ButtonHomeSubCommonValues</include>
			<label>20343</label>
			<onclick>ActivateWindow(Videos,TvShowTitles,return)</onclick>
			<visible>Library.HasContent(TVShows) + Skin.HasSetting(HomeMenuNoTVShowButton)</visible>
		</control>
		<control type="button" id="90104">
			<include>ButtonHomeSubCommonValues</include>
			<label>20389</label>
			<onclick>ActivateWindow(Videos,MusicVideoTitles,return)</onclick>
			<visible>Library.HasContent(MusicVideos)</visible>
		</control>
		<control type="button" id="90105">
			<include>ButtonHomeSubCommonValues</include>
			<label>744</label>
			<onclick>ActivateWindow(Videos,Files,return)</onclick>
		</control>
		<control type="button" id="90106">
			<include>ButtonHomeSubCommonValues</include>
			<label>14022</label>
			<onclick>ActivateWindow(Videos,Root)</onclick>
			<visible>Library.HasContent(Video)</visible>
		</control>
		<control type="button" id="90107">
			<include>ButtonHomeSubCommonValues</include>
			<label>24001</label>
			<onclick>ActivateWindow(Videos,Addons,return)</onclick>
		</control>
		<control type="image" id="90108">
			<width>35</width>
			<height>35</height>
			<texture border="0,0,0,3">HomeSubEnd.png</texture>
		</control>
	</include>
	<include name="HomeSubMenuSystem">
		<control type="image" id="90121">
			<width>35</width>
			<height>35</height>
			<texture border="0,0,0,3" flipx="true">HomeSubEnd.png</texture>
		</control>
		<control type="button" id="90123">
			<include>ButtonHomeSubCommonValues</include>
			<label>7</label>
			<onclick>ActivateWindow(FileManager)</onclick>
		</control>
		<control type="button" id="90124">
			<include>ButtonHomeSubCommonValues</include>
			<label>13200</label>
			<onclick>ActivateWindow(Profiles)</onclick>
		</control>
		<control type="button" id="90127">
			<enable>System.HasAddon(script.dssinstaller)</enable>
			<visible>System.HasAddon(script.dssinstaller)</visible>
			<include>ButtonHomeSubCommonValues</include>
			<label>DSS Updates</label>
			<onclick>RunPlugin(plugin://script.dssinstaller/commands)</onclick>
		</control>
		<control type="button" id="90125">
			<include>ButtonHomeSubCommonValues</include>
			<label>130</label>
			<onclick>ActivateWindow(SystemInfo)</onclick>
		</control>
		<control type="button" id="90122">
			<include>ButtonHomeSubCommonValues</include>
			<label>5</label>
			<onclick>ActivateWindow(Settings)</onclick>
		</control>
		<control type="image" id="90126">
			<width>35</width>
			<height>35</height>
			<texture border="0,0,0,3">HomeSubEnd.png</texture>
		</control>
	</include>
	<include name="HomeSubMenuPlayDisc">
		<control type="image" id="90131">
			<width>35</width>
			<height>35</height>
			<texture border="0,0,0,3" flipx="true">HomeSubEnd.png</texture>
		</control>
		<control type="button" id="90132">
			<include>ButtonHomeSubCommonValues</include>
			<label>13391</label>
			<onclick>SetFocus(9000)</onclick>
			<onclick>EjectTray()</onclick>
		</control>
		<control type="image" id="90126">
			<width>35</width>
			<height>35</height>
			<texture border="0,0,0,3">HomeSubEnd.png</texture>
		</control>
	</include>
	<include name="HomeSubMenuPictures">
		<control type="image" id="90147">
			<width>35</width>
			<height>35</height>
			<texture border="0,0,0,3" flipx="true">HomeSubEnd.png</texture>
		</control>
		<control type="button" id="90148">
			<include>ButtonHomeSubCommonValues</include>
			<label>24001</label>
			<onclick>ActivateWindow(Pictures,Addons,return)</onclick>
		</control>
		<control type="image" id="90149">
			<width>35</width>
			<height>35</height>
			<texture border="0,0,0,3">HomeSubEnd.png</texture>
		</control>
	</include>
	<include name="HomeSubMenuTV">
		<control type="image" id="90141">
			<width>35</width>
			<height>35</height>
			<texture border="0,0,0,3" flipx="true">HomeSubEnd.png</texture>
		</control>
		<control type="button" id="90143">
			<include>ButtonHomeSubCommonValues</include>
			<label>19019</label>
			<onclick>ActivateWindow(TVChannels)</onclick>
		</control>
		<control type="button" id="90144">
			<include>ButtonHomeSubCommonValues</include>
			<label>19069</label>
			<onclick>ActivateWindow(TVGuide)</onclick>
		</control>
		<control type="button" id="90145">
			<include>ButtonHomeSubCommonValues</include>
			<label>19163</label>
			<onclick>ActivateWindow(TVRecordings)</onclick>
		</control>
		<control type="button" id="90146">
			<include>ButtonHomeSubCommonValues</include>
			<label>19040</label>
			<onclick>ActivateWindow(TVTimers)</onclick>
		</control>
		<control type="button" id="90147">
			<include>ButtonHomeSubCommonValues</include>
			<label>137</label>
			<onclick>ActivateWindow(TVSearch)</onclick>
		</control>
		<control type="image" id="90148">
			<width>35</width>
			<height>35</height>
			<texture border="0,0,0,3">HomeSubEnd.png</texture>
		</control>
	</include>
	<include name="HomeSubMenuRadio">
		<control type="image" id="90141">
			<width>35</width>
			<height>35</height>
			<texture border="0,0,0,3" flipx="true">HomeSubEnd.png</texture>
		</control>
		<control type="button" id="90243">
			<include>ButtonHomeSubCommonValues</include>
			<label>19019</label>
			<onclick>ActivateWindow(RadioChannels)</onclick>
		</control>
		<control type="button" id="90244">
			<include>ButtonHomeSubCommonValues</include>
			<label>19069</label>
			<onclick>ActivateWindow(RadioGuide)</onclick>
		</control>
		<control type="button" id="90245">
			<include>ButtonHomeSubCommonValues</include>
			<label>19163</label>
			<onclick>ActivateWindow(RadioRecordings)</onclick>
		</control>
		<control type="button" id="90246">
			<include>ButtonHomeSubCommonValues</include>
			<label>19040</label>
			<onclick>ActivateWindow(RadioTimers)</onclick>
		</control>
		<control type="button" id="90247">
			<include>ButtonHomeSubCommonValues</include>
			<label>137</label>
			<onclick>ActivateWindow(RadioSearch)</onclick>
		</control>
		<control type="image" id="90248">
			<width>35</width>
			<height>35</height>
			<texture border="0,0,0,3">HomeSubEnd.png</texture>
		</control>
	</include>
	<include name="HomeAddonItemsVideos">
		<item>
			<label>$INFO[system.addontitle(Skin.String(HomeVideosButton1))]</label>
			<onclick>RunAddon($INFO[Skin.String(HomeVideosButton1)])</onclick>
			<icon>$INFO[system.addonicon(Skin.String(HomeVideosButton1))]</icon>
			<thumb>-</thumb>
			<visible>!IsEmpty(Skin.String(HomeVideosButton1))</visible>
		</item>
		<item>
			<label>$INFO[system.addontitle(Skin.String(HomeVideosButton2))]</label>
			<onclick>RunAddon($INFO[Skin.String(HomeVideosButton2)])</onclick>
			<icon>$INFO[system.addonicon(Skin.String(HomeVideosButton2))]</icon>
			<thumb>-</thumb>
			<visible>!IsEmpty(Skin.String(HomeVideosButton2))</visible>
		</item>
		<item>
			<label>$INFO[system.addontitle(Skin.String(HomeVideosButton3))]</label>
			<onclick>RunAddon($INFO[Skin.String(HomeVideosButton3)])</onclick>
			<icon>$INFO[system.addonicon(Skin.String(HomeVideosButton3))]</icon>
			<thumb>-</thumb>
			<visible>!IsEmpty(Skin.String(HomeVideosButton3))</visible>
		</item>
		<item>
			<label>$INFO[system.addontitle(Skin.String(HomeVideosButton4))]</label>
			<onclick>RunAddon($INFO[Skin.String(HomeVideosButton4)])</onclick>
			<icon>$INFO[system.addonicon(Skin.String(HomeVideosButton4))]</icon>
			<thumb>-</thumb>
			<visible>!IsEmpty(Skin.String(HomeVideosButton4))</visible>
		</item>
		<item>
			<label>$INFO[system.addontitle(Skin.String(HomeVideosButton5))]</label>
			<onclick>RunAddon($INFO[Skin.String(HomeVideosButton5)])</onclick>
			<icon>$INFO[system.addonicon(Skin.String(HomeVideosButton5))]</icon>
			<thumb>-</thumb>
			<visible>!IsEmpty(Skin.String(HomeVideosButton5))</visible>
		</item>
		<item>
			<label>$INFO[system.addontitle(Skin.String(HomeVideosButton6))]</label>
			<onclick>RunAddon($INFO[Skin.String(HomeVideosButton6)])</onclick>
			<icon>$INFO[system.addonicon(Skin.String(HomeVideosButton6))]</icon>
			<thumb>-</thumb>
			<visible>!IsEmpty(Skin.String(HomeVideosButton6))</visible>
		</item>
		<item>
			<label>$INFO[system.addontitle(Skin.String(HomeVideosButton7))]</label>
			<onclick>RunAddon($INFO[Skin.String(HomeVideosButton7)])</onclick>
			<icon>$INFO[system.addonicon(Skin.String(HomeVideosButton7))]</icon>
			<thumb>-</thumb>
			<visible>!IsEmpty(Skin.String(HomeVideosButton7))</visible>
		</item>
		<item>
			<label>$INFO[system.addontitle(Skin.String(HomeVideosButton8))]</label>
			<onclick>RunAddon($INFO[Skin.String(HomeVideosButton8)])</onclick>
			<icon>$INFO[system.addonicon(Skin.String(HomeVideosButton8))]</icon>
			<thumb>-</thumb>
			<visible>!IsEmpty(Skin.String(HomeVideosButton8))</visible>
		</item>
		<item>
			<label>$INFO[system.addontitle(Skin.String(HomeVideosButton9))]</label>
			<onclick>RunAddon($INFO[Skin.String(HomeVideosButton9)])</onclick>
			<icon>$INFO[system.addonicon(Skin.String(HomeVideosButton9))]</icon>
			<thumb>-</thumb>
			<visible>!IsEmpty(Skin.String(HomeVideosButton9))</visible>
		</item>
		<item>
			<label>$INFO[system.addontitle(Skin.String(HomeVideosButton10))]</label>
			<onclick>RunAddon($INFO[Skin.String(HomeVideosButton10)])</onclick>
			<icon>$INFO[system.addonicon(Skin.String(HomeVideosButton10))]</icon>
			<thumb>-</thumb>
			<visible>!IsEmpty(Skin.String(HomeVideosButton10))</visible>
		</item>
		<item>
			<label>$INFO[system.addontitle(Skin.String(HomeVideosButton11))]</label>
			<onclick>RunAddon($INFO[Skin.String(HomeVideosButton11)])</onclick>
			<icon>$INFO[system.addonicon(Skin.String(HomeVideosButton11))]</icon>
			<thumb>-</thumb>
			<visible>!IsEmpty(Skin.String(HomeVideosButton11))</visible>
		</item>
		<item>
			<label>$INFO[system.addontitle(Skin.String(HomeVideosButton12))]</label>
			<onclick>RunAddon($INFO[Skin.String(HomeVideosButton12)])</onclick>
			<icon>$INFO[system.addonicon(Skin.String(HomeVideosButton12))]</icon>
			<thumb>-</thumb>
			<visible>!IsEmpty(Skin.String(HomeVideosButton12))</visible>
		</item>
		<item>
			<label>$INFO[system.addontitle(Skin.String(HomeVideosButton13))]</label>
			<onclick>RunAddon($INFO[Skin.String(HomeVideosButton13)])</onclick>
			<icon>$INFO[system.addonicon(Skin.String(HomeVideosButton13))]</icon>
			<thumb>-</thumb>
			<visible>!IsEmpty(Skin.String(HomeVideosButton13))</visible>
		</item>
		<item>
			<label>$INFO[system.addontitle(Skin.String(HomeVideosButton14))]</label>
			<onclick>RunAddon($INFO[Skin.String(HomeVideosButton14)])</onclick>
			<icon>$INFO[system.addonicon(Skin.String(HomeVideosButton14))]</icon>
			<thumb>-</thumb>
			<visible>!IsEmpty(Skin.String(HomeVideosButton14))</visible>
		</item>
		<item>
			<label>$INFO[system.addontitle(Skin.String(HomeVideosButton15))]</label>
			<onclick>RunAddon($INFO[Skin.String(HomeVideosButton15)])</onclick>
			<icon>$INFO[system.addonicon(Skin.String(HomeVideosButton15))]</icon>
			<thumb>-</thumb>
			<visible>!IsEmpty(Skin.String(HomeVideosButton15))</visible>
		</item>
		<item>
			<label>$INFO[system.addontitle(Skin.String(HomeVideosButton16))]</label>
			<onclick>RunAddon($INFO[Skin.String(HomeVideosButton16)])</onclick>
			<icon>$INFO[system.addonicon(Skin.String(HomeVideosButton16))]</icon>
			<thumb>-</thumb>
			<visible>!IsEmpty(Skin.String(HomeVideosButton16))</visible>
		</item>
		<item>
			<label>$INFO[system.addontitle(Skin.String(HomeVideosButton17))]</label>
			<onclick>RunAddon($INFO[Skin.String(HomeVideosButton17)])</onclick>
			<icon>$INFO[system.addonicon(Skin.String(HomeVideosButton17))]</icon>
			<thumb>-</thumb>
			<visible>!IsEmpty(Skin.String(HomeVideosButton17))</visible>
		</item>
		<item>
			<label>$INFO[system.addontitle(Skin.String(HomeVideosButton18))]</label>
			<onclick>RunAddon($INFO[Skin.String(HomeVideosButton18)])</onclick>
			<icon>$INFO[system.addonicon(Skin.String(HomeVideosButton18))]</icon>
			<thumb>-</thumb>
			<visible>!IsEmpty(Skin.String(HomeVideosButton18))</visible>
		</item>
		<item>
			<label>$INFO[system.addontitle(Skin.String(HomeVideosButton19))]</label>
			<onclick>RunAddon($INFO[Skin.String(HomeVideosButton19)])</onclick>
			<icon>$INFO[system.addonicon(Skin.String(HomeVideosButton19))]</icon>
			<thumb>-</thumb>
			<visible>!IsEmpty(Skin.String(HomeVideosButton19))</visible>
		</item>
		<item>
			<label>$INFO[system.addontitle(Skin.String(HomeVideosButton20))]</label>
			<onclick>RunAddon($INFO[Skin.String(HomeVideosButton20)])</onclick>
			<icon>$INFO[system.addonicon(Skin.String(HomeVideosButton20))]</icon>
			<thumb>-</thumb>
			<visible>!IsEmpty(Skin.String(HomeVideosButton20))</visible>
		</item>
		<item>
			<label>$INFO[system.addontitle(Skin.String(HomeVideosButton21))]</label>
			<onclick>RunAddon($INFO[Skin.String(HomeVideosButton21)])</onclick>
			<icon>$INFO[system.addonicon(Skin.String(HomeVideosButton21))]</icon>
			<thumb>-</thumb>
			<visible>!IsEmpty(Skin.String(HomeVideosButton21))</visible>
		</item>
		<item>
			<label>$INFO[system.addontitle(Skin.String(HomeVideosButton22))]</label>
			<onclick>RunAddon($INFO[Skin.String(HomeVideosButton22)])</onclick>
			<icon>$INFO[system.addonicon(Skin.String(HomeVideosButton22))]</icon>
			<thumb>-</thumb>
			<visible>!IsEmpty(Skin.String(HomeVideosButton22))</visible>
		</item>
		<item>
			<label>$INFO[system.addontitle(Skin.String(HomeVideosButton23))]</label>
			<onclick>RunAddon($INFO[Skin.String(HomeVideosButton23)])</onclick>
			<icon>$INFO[system.addonicon(Skin.String(HomeVideosButton23))]</icon>
			<thumb>-</thumb>
			<visible>!IsEmpty(Skin.String(HomeVideosButton23))</visible>
		</item>
		<item>
			<label>$INFO[system.addontitle(Skin.String(HomeVideosButton24))]</label>
			<onclick>RunAddon($INFO[Skin.String(HomeVideosButton24)])</onclick>
			<icon>$INFO[system.addonicon(Skin.String(HomeVideosButton24))]</icon>
			<thumb>-</thumb>
			<visible>!IsEmpty(Skin.String(HomeVideosButton24))</visible>
		</item>
		<item>
			<label>$INFO[system.addontitle(Skin.String(HomeVideosButton25))]</label>
			<onclick>RunAddon($INFO[Skin.String(HomeVideosButton25)])</onclick>
			<icon>$INFO[system.addonicon(Skin.String(HomeVideosButton25))]</icon>
			<thumb>-</thumb>
			<visible>!IsEmpty(Skin.String(HomeVideosButton25))</visible>
		</item>
	</include>	
	<include name="HomeAddonItemsMusic">
		<item>
			<label>$INFO[system.addontitle(Skin.String(HomeMusicButton1))]</label>
			<onclick>RunAddon($INFO[Skin.String(HomeMusicButton1)])</onclick>
			<icon>$INFO[system.addonicon(Skin.String(HomeMusicButton1))]</icon>
			<thumb>-</thumb>
			<visible>!IsEmpty(Skin.String(HomeMusicButton1))</visible>
		</item>
		<item>
			<label>$INFO[system.addontitle(Skin.String(HomeMusicButton2))]</label>
			<onclick>RunAddon($INFO[Skin.String(HomeMusicButton2)])</onclick>
			<icon>$INFO[system.addonicon(Skin.String(HomeMusicButton2))]</icon>
			<thumb>-</thumb>
			<visible>!IsEmpty(Skin.String(HomeMusicButton2))</visible>
		</item>
		<item>
			<label>$INFO[system.addontitle(Skin.String(HomeMusicButton3))]</label>
			<onclick>RunAddon($INFO[Skin.String(HomeMusicButton3)])</onclick>
			<icon>$INFO[system.addonicon(Skin.String(HomeMusicButton3))]</icon>
			<thumb>-</thumb>
			<visible>!IsEmpty(Skin.String(HomeMusicButton3))</visible>
		</item>
		<item>
			<label>$INFO[system.addontitle(Skin.String(HomeMusicButton4))]</label>
			<onclick>RunAddon($INFO[Skin.String(HomeMusicButton4)])</onclick>
			<icon>$INFO[system.addonicon(Skin.String(HomeMusicButton4))]</icon>
			<thumb>-</thumb>
			<visible>!IsEmpty(Skin.String(HomeMusicButton4))</visible>
		</item>
		<item>
			<label>$INFO[system.addontitle(Skin.String(HomeMusicButton5))]</label>
			<onclick>RunAddon($INFO[Skin.String(HomeMusicButton5)])</onclick>
			<icon>$INFO[system.addonicon(Skin.String(HomeMusicButton5))]</icon>
			<thumb>-</thumb>
			<visible>!IsEmpty(Skin.String(HomeMusicButton5))</visible>
		</item>
	</include>
	<include name="HomeAddonItemsPictures">
		<item>
			<label>$INFO[system.addontitle(Skin.String(HomePictureButton1))]</label>
			<onclick>RunAddon($INFO[Skin.String(HomePictureButton1)])</onclick>
			<icon>$INFO[system.addonicon(Skin.String(HomePictureButton1))]</icon>
			<thumb>-</thumb>
			<visible>!IsEmpty(Skin.String(HomePictureButton1))</visible>
		</item>
		<item>
			<label>$INFO[system.addontitle(Skin.String(HomePictureButton2))]</label>
			<onclick>RunAddon($INFO[Skin.String(HomePictureButton2)])</onclick>
			<icon>$INFO[system.addonicon(Skin.String(HomePictureButton2))]</icon>
			<thumb>-</thumb>
			<visible>!IsEmpty(Skin.String(HomePictureButton2))</visible>
		</item>
		<item>
			<label>$INFO[system.addontitle(Skin.String(HomePictureButton3))]</label>
			<onclick>RunAddon($INFO[Skin.String(HomePictureButton3)])</onclick>
			<icon>$INFO[system.addonicon(Skin.String(HomePictureButton3))]</icon>
			<thumb>-</thumb>
			<visible>!IsEmpty(Skin.String(HomePictureButton3))</visible>
		</item>
		<item>
			<label>$INFO[system.addontitle(Skin.String(HomePictureButton4))]</label>
			<onclick>RunAddon($INFO[Skin.String(HomePictureButton4)])</onclick>
			<icon>$INFO[system.addonicon(Skin.String(HomePictureButton4))]</icon>
			<thumb>-</thumb>
			<visible>!IsEmpty(Skin.String(HomePictureButton4))</visible>
		</item>
		<item>
			<label>$INFO[system.addontitle(Skin.String(HomePictureButton5))]</label>
			<onclick>RunAddon($INFO[Skin.String(HomePictureButton5)])</onclick>
			<icon>$INFO[system.addonicon(Skin.String(HomePictureButton5))]</icon>
			<thumb>-</thumb>
			<visible>!IsEmpty(Skin.String(HomePictureButton5))</visible>
		</item>
	</include>
	<include name="HomeAddonItemsFavourites">
		<item>
			<label>NL TV</label>
			<onclick>ActivateWindow(10025,&quot;plugin://plugin.video.cloudtv/?fanart=http%3a%2f%2fdutchsportstreams.com%2fcloudtv%2fimages%2fnlfanart.jpg&amp;mode=1&amp;name=%5bCOLOR%20white%5dNL%20TV%5b%2fCOLOR%5d&amp;url=http%3a%2f%2fdctv.comlu.com%2fxml%2fIndexNLTV.xml&quot;,return)</onclick>
			<icon>special://skin/backgrounds/nltv.png</icon>
			<thumb>-</thumb>
			<visible>!Skin.HasSetting(favourite5)</visible>
		</item>
		<item>
			<label>$INFO[Skin.String(CustomFavourite5.Label)]</label>
			<onclick>$INFO[Skin.String(CustomFavourite5.Path)]</onclick>
			<icon>$INFO[Skin.String(CustomFavourite1.icon)]</icon>
			<thumb>$INFO[Skin.String(Home_Custom_Back_Favourite5_Folder)]</thumb>
			<visible>Skin.HasSetting(favourite5)</visible>
		</item>	
		<item>
			<label>TV Internationaal</label>
			<onclick>ActivateWindow(10025,&quot;plugin://plugin.video.cloudtv/?fanart=http%3a%2f%2fdutchsportstreams.com%2fcloudtv%2fimages%2fflags.jpg&amp;mode=1&amp;name=%5bCOLOR%20white%5dTV%20Internationaal%5b%2fCOLOR%5d&amp;url=http%3a%2f%2fdctv.comlu.com%2fxml%2fIndexIntTV.xml&quot;,return)</onclick>
			<icon>special://skin/backgrounds/tvint.png</icon>
			<thumb>-</thumb>
			<visible>!Skin.HasSetting(favourite1)</visible>
		</item>
		<item>
			<label>$INFO[Skin.String(CustomFavourite1.Label)]</label>
			<onclick>$INFO[Skin.String(CustomFavourite1.Path)]</onclick>
			<icon>$INFO[Skin.String(CustomFavourite1.icon)]</icon>
			<thumb>$INFO[Skin.String(Home_Custom_Back_Favourite1_Folder)]</thumb>
			<visible>Skin.HasSetting(favourite1)</visible>
		</item>	
		<item>
			<label>NL YouTube Kanalen</label>
			<onclick>ActivateWindow(10025,&quot;plugin://plugin.video.cloudtv/?fanart=http%3a%2f%2fdutchsportstreams.com%2fcloudtv%2fimages%2fnlfanart.jpg&amp;mode=1&amp;name=%5bCOLOR%20white%5dNL%20YouTube%20Kanalen%5b%2fCOLOR%5d&amp;url=http%3a%2f%2fdctv.comlu.com%2fxml%2fIndexytube.xml&quot;,return)</onclick>
			<icon>special://skin/backgrounds/youtube.png</icon>
			<thumb>-</thumb>
			<visible>!Skin.HasSetting(favourite2)</visible>
		</item>
		<item>
			<label>$INFO[Skin.String(CustomFavourite2.Label)]</label>
			<onclick >$INFO[Skin.String(CustomFavourite.Path)]</onclick>
			<icon >$INFO[Skin.String(CustomFavourite2.icon)]</icon>
			<thumb >$INFO[Skin.String(Home_Custom_Back_Favourite2_Folder)]</thumb>
			<visible>Skin.HasSetting(favourite2)</visible>
		</item>
		<item>
			<label>Dutch Radio</label>
			<onclick>ActivateWindow(10025,&quot;plugin://plugin.video.cloudtv/?fanart=http%3a%2f%2fdutchsportstreams.com%2fcloudtv%2fimages%2fnlfanart.jpg&amp;mode=1&amp;name=%5bCOLOR%20white%5dDutch%20Radio%5b%2fCOLOR%5d&amp;url=http%3a%2f%2fdctv.comlu.com%2fxml%2fRadioIndex.xml&quot;,return)</onclick>
			<icon>special://skin/backgrounds/radio.png</icon>
			<thumb>-</thumb>
			<visible>!Skin.HasSetting(favourite3)</visible>
		</item>
		<item>
			<label>$INFO[Skin.String(CustomFavourite3.Label)]</label>
			<onclick>$INFO[Skin.String(CustomFavourite3.Path)]</onclick>
			<icon>$INFO[Skin.String(CustomFavourite3.icon)]</icon>
			<thumb>$INFO[Skin.String(Home_Custom_Back_Favourite3_Folder)]</thumb>
			<visible>Skin.HasSetting(favourite3)</visible>
		</item>
		<item>
			<label>SPORT TV</label>
			<onclick>ActivateWindow(10025,&quot;plugin://plugin.video.cloudtv/?fanart=http%3a%2f%2fdutchsportstreams.com%2fcloudtv%2fimages%2fsportfanart.jpg&amp;mode=1&amp;name=%5bCOLOR%20white%5dSPORT%20TV%5b%2fCOLOR%5d&amp;url=http%3a%2f%2fdctv.comlu.com%2fxml%2findexsport.xml&quot;,return)</onclick>
			<icon>special://skin/backgrounds/sporttv.png</icon>
			<thumb>-</thumb>
			<visible>!Skin.HasSetting(favourite4)</visible>
		</item>
		<item>
			<label>$INFO[Skin.String(CustomFavourite4.Label)]</label>
			<onclick>$INFO[Skin.String(CustomFavourite4.Path)]</onclick>
			<icon>$INFO[Skin.String(CustomFavourite4.icon)]</icon>
			<thumb>$INFO[Skin.String(Home_Custom_Back_Favourite4_Folder)]</thumb>
			<visible>Skin.HasSetting(favourite4)</visible>
		</item>
		<item>
			<label>Ace Streams</label>
			<onclick>ActivateWindow(10025,&quot;plugin://plugin.video.cloudtv/?fanart=http%3a%2f%2fdutchsportstreams.com%2fcloudtv%2fimages%2fnlfanart.jpg&amp;mode=1&amp;name=%5bCOLOR%20white%5dAce%20Streams%5b%2fCOLOR%5d&amp;url=http%3a%2f%2fdctv.comlu.com%2fxml%2fAceStreams.xml&quot;,return)</onclick>
			<icon>special://skin/backgrounds/ace.png</icon>
			<thumb>-</thumb>
			<visible>!Skin.HasSetting(favourite6)</visible>
		</item>
		<item>
			<label>$INFO[Skin.String(CustomFavourite6.Label)]</label>
			<onclick>$INFO[Skin.String(CustomFavourite6.Path)]</onclick>
			<icon>$INFO[Skin.String(CustomFavourite6.icon)]</icon>
			<thumb>$INFO[Skin.String(Home_Custom_Back_Favourite6_Folder)]</thumb>
			<visible>Skin.HasSetting(favourite6)</visible>
		</item>
		<item>
			<label>Music TV</label>
			<onclick>ActivateWindow(10025,&quot;plugin://plugin.video.cloudtv/?fanart=http%3a%2f%2fdutchsportstreams.com%2fcloudtv%2fimages%2fnlfanart.jpg&amp;mode=1&amp;name=%5bCOLOR%20white%5dMusic%20TV%5b%2fCOLOR%5d&amp;url=http%3a%2f%2fdctv.comlu.com%2fxml%2fmusicindex.xml&quot;,return)</onclick>
			<icon>special://skin/backgrounds/musictv.png</icon>
			<thumb>-</thumb>
			<visible>!Skin.HasSetting(favourite7)</visible>
		</item>
		<item>
			<label>$INFO[Skin.String(CustomFavourite7.Label)]</label>
			<onclick>$INFO[Skin.String(CustomFavourite7.Path)]</onclick>
			<icon>$INFO[Skin.String(CustomFavourite7.icon)]</icon>
			<thumb>$INFO[Skin.String(Home_Custom_Back_Favourite7_Folder)]</thumb>
			<visible>Skin.HasSetting(favourite7)</visible>
		</item>
		
	</include>
	<include name="HomeAddonItemsPrograms">
		<item>
			<label>$INFO[system.addontitle(Skin.String(HomeProgramButton1))]</label>
			<onclick>RunAddon($INFO[Skin.String(HomeProgramButton1)])</onclick>
			<icon>$INFO[system.addonicon(Skin.String(HomeProgramButton1))]</icon>
			<thumb>-</thumb>
			<visible>!IsEmpty(Skin.String(HomeProgramButton1))</visible>
		</item>
		<item>
			<label>$INFO[system.addontitle(Skin.String(HomeProgramButton2))]</label>
			<onclick>RunAddon($INFO[Skin.String(HomeProgramButton2)])</onclick>
			<icon>$INFO[system.addonicon(Skin.String(HomeProgramButton2))]</icon>
			<thumb>-</thumb>
			<visible>!IsEmpty(Skin.String(HomeProgramButton2))</visible>
		</item>
		<item>
			<label>$INFO[system.addontitle(Skin.String(HomeProgramButton3))]</label>
			<onclick>RunAddon($INFO[Skin.String(HomeProgramButton3)])</onclick>
			<icon>$INFO[system.addonicon(Skin.String(HomeProgramButton3))]</icon>
			<thumb>-</thumb>
			<visible>!IsEmpty(Skin.String(HomeProgramButton3))</visible>
		</item>
		<item>
			<label>$INFO[system.addontitle(Skin.String(HomeProgramButton4))]</label>
			<onclick>RunAddon($INFO[Skin.String(HomeProgramButton4)])</onclick>
			<icon>$INFO[system.addonicon(Skin.String(HomeProgramButton4))]</icon>
			<thumb>-</thumb>
			<visible>!IsEmpty(Skin.String(HomeProgramButton4))</visible>
		</item>
		<item>
			<label>$INFO[system.addontitle(Skin.String(HomeProgramButton5))]</label>
			<onclick>RunAddon($INFO[Skin.String(HomeProgramButton5)])</onclick>
			<icon>$INFO[system.addonicon(Skin.String(HomeProgramButton5))]</icon>
			<thumb>-</thumb>
			<visible>!IsEmpty(Skin.String(HomeProgramButton5))</visible>
		</item>
	</include>
</includes>
