<?xml version="1.0" encoding="UTF-8" standalone="yes"?>
<addon id="plugin.audio.swr3" name="SWR3 Elch Radio" version="1.1" provider-name="IPTVxtra Team">
  <requires>
    <import addon="xbmc.python" version="2.1.0"/>
  </requires>
  <extension point="xbmc.python.pluginsource" library="default.py">
        <provides>audio</provides>
  </extension>
  <extension point="xbmc.addon.metadata">
    <summary>IPTVxtra Team</summary>
    <description>Addon für SWR3 Radio von IPTVxtra.net
	
	
http://www.IPTVxtra.net</description>
	<website>http://www.iptvxtra.net</website>
    <platform>all</platform>
  </extension>
</addon>


