<?xml version="1.0" encoding="UTF-8"?>
<addon id="skin.phenomenal" name="Phenomenal" version="1.4.2" provider-name="tomer953">
	<requires>
		<import addon="xbmc.gui" version="5.9.0"/>
		<import addon="script.skin.helper.service" version="1.0.0"/>
		<import addon="script.skinshortcuts" version="0.6.6"/>
		<!-- <import addon="script.favourites" version="5.0.0"/>
		<import addon="script.artwork.downloader" version="12.0.20"/>
		<import addon="script.globalsearch" version="1.1.1"/>
		<import addon="service.library.data.provider" version="0.1.1"/> 
		<import addon="script.extendedinfo" version="3.0.0"/>
		-->
	</requires>
	<extension point="xbmc.gui.skin" defaultthemename="Textures.xbt" effectslowdown="1" debugging="false">
		<res width="1920" height="1080" aspect="16:9" default="true" folder="1080p"/>
	</extension>
	<extension point="xbmc.addon.metadata">
		<summary lang="en">Phenomenal - Perfection Made Simple</summary>
		<summary lang="he">פנומנל - פשוט להגיע לשלמות</summary>
		<description lang="en">Elegance, simplicity and professionalism are the skins guidelines. With Phenomenal you can enjoy all of kodi's newest and sophisticated features while still maintaining a clean and beautiful design</description>
		<description lang="he">Phenomenal - אלגנטיות, פשטות ומקצועיות הם הקווים המנחים של הסקין, עם פנומנל תוכלו להינות משלל האפשרויות המתקדמות שקודי מציעה תוך שמירה על סקין נקי ויפיפה</description>
		<platform>all</platform>
		<license>Creative Commons Attribution-ShareAlike 3.0 license</license>
		<forum>http://kodisrael.net</forum>
		<website>http://phenomenal-skin.com</website>
		<email></email>
		<source></source>
	</extension>
</addon>

