<window>
  <defaultcontrol always="true">10</defaultcontrol>
  <include>OpenClose</include>
  <controls>
    <control type="image">
      <posx>295</posx>
      <posy>240</posy>
      <width>1292</width>
      <height>450</height>
      <texture border="50">dialogs/SmartplaylistRule.png</texture>
    </control>
    <control type="group">
      <posx>310</posx>
      <posy>250</posy>
      <control type="label" description="Heading">
        <posx>0</posx>
        <posy>40</posy>
        <width>1010</width>
        <align>center</align>
        <textcolor>Orange</textcolor>
        <label>$ADDON[pvr.wmc 30120]</label>
      </control>
      <control type="label" description="program title" id="20">
        <posx>0</posx>
        <posy>90</posy>
        <width>1010</width>
        <align>center</align>
        <font>Details</font>
      </control>
      <control type="group" id="9001">
        <posy>90</posy>
        <control type="radiobutton" id="10" description="Episode rec">
          <posy>90</posy>
          <width>1010</width>
          <onright>9000</onright>
          <onup>15</onup>
          <ondown>11</ondown>
          <label>$ADDON[pvr.wmc 30121]</label>
        </control>
        <control type="radiobutton" id="11" description="Series rec">
          <posy>150</posy>
          <width>1010</width>
          <onright>9000</onright>
          <onup>10</onup>
          <ondown>12</ondown>
          <label>$ADDON[pvr.wmc 30122]</label>
        </control>
      </control>
      <control type="group" id="9000">
        <posx>1010</posx>
        <posy>0</posy>
        <control type="button" id="1" description="OK">
          <posy>180</posy>
          <width>231</width>
          <label>$LOCALIZE[186]</label>
          <onup>2</onup>
          <onleft>10</onleft>
          <ondown>2</ondown>
        </control>
        <control type="button" id="2" description="Cancel">
          <posy>240</posy>
          <width>231</width>
          <label>$LOCALIZE[222]</label>
          <onup>1</onup>
          <onleft>10</onleft>
          <ondown>1</ondown>
        </control>
      </control>
    </control>
  </controls>
</window>
