<window type="dialog">
  <defaultcontrol always="true">10</defaultcontrol>
  <include>OpenClose</include>
  <controls>
    <control type="group">
      <animation type="WindowOpen">
        <effect type="fade" start="0" end="100" time="240" />
        <effect type="zoom" tween="cubic" easing="out" start="30" end="100" center="960,660" time="240" />
      </animation>
      <animation type="WindowClose">
        <effect type="fade" start="100" end="0" time="140" />
        <effect type="zoom" tween="cubic" easing="in" start="100" end="30" center="960,660" time="140" />
      </animation>
      <posx>429</posx>
      <posy>500</posy>
      <control type="image" description="Dialog BG">
        <posx>0</posx>
        <posy>0</posy>
        <width>1062</width>
        <height>330</height>
        <texture border="45">dialogs/TinyDialog.png</texture>
      </control>
      <control type="label" id="1" description="Heading">
        <posx>51</posx>
        <posy>40</posy>
        <height>40</height>
        <width>960</width>
        <textcolor>Orange</textcolor>
        <align>center</align>
      </control>
      <control type="label" id="2" description="Line 1">
        <posx>51</posx>
        <posy>100</posy>
        <height>30</height>
        <width>960</width>
        <label>-</label>
        <font>SetContent</font>
        <align>center</align>
      </control>
      <control type="label" id="3" description="Line 2">
        <posx>51</posx>
        <posy>136</posy>
        <height>30</height>
        <width>960</width>
        <label>-</label>
        <font>SetContent</font>
        <align>center</align>
      </control>
      <control type="label" id="4" description="Line 3">
        <posx>51</posx>
        <posy>172</posy>
        <height>30</height>
        <width>960</width>
        <label>-</label>
        <font>SetContent</font>
        <align>center</align>
      </control>
      <control type="button" id="10" description="NO">
        <posx>221</posx>
        <posy>230</posy>
        <height>60</height>
        <width>300</width>
        <label>$LOCALIZE[106]</label>
        <align>center</align>
        <onright>11</onright>
        <pulseonselect>true</pulseonselect>
      </control>
      <control type="button" id="11" description="YES">
        <posx>541</posx>
        <posy>230</posy>
        <height>60</height>
        <width>300</width>
        <label>$LOCALIZE[107]</label>
        <align>center</align>
        <onleft>10</onleft>
        <pulseonselect>true</pulseonselect>
      </control>
    </control>
  </controls>
</window>