<window type="dialog">
  <coordinates>
    <system>1</system>
    <posx>0</posx>
    <posy>0</posy>
  </coordinates>
  <controls>
    <include>DimBG</include>
    <control type="progress" id="10" description="Progress bar">
        <posx>708</posx>
        <posy>550</posy>
        <width>150</width>
        <height>8</height>
        <texturebg>-</texturebg>
        <midtexture>-</midtexture>
        <righttexture>-</righttexture>
        <lefttexture>-</lefttexture>
      </control>
	  <control type="group" description="Content">
      <animation effect="slide" start="0,0" end="0,-124" time="200">WindowOpen</animation>
      <posy>604</posy>
      <control type="image" description="Background">
        <posx>708</posx>
        <posy>546</posy>
        <width>504</width>
        <height>54</height>
        <texture border="48,24,48,0">dialogs/BusyBG.png</texture>
      </control>
      <control type="label" id="1" description="Progress label">
        <visible>!IsEmpty(Control.Getlabel(10))</visible>
		<posx>708</posx>
        <posy>539</posy>
        <width>504</width>
        <height>70</height>
        <align>center</align>
        <textcolor>Orange</textcolor>
        <label>$LOCALIZE[31979]$INFO[Control.GetLabel(10), ,%]</label>
      </control>
	  <control type="label" description="Progress label">
        <visible>!Control.IsVisible(1)</visible>
		<posx>708</posx>
        <posy>539</posy>
        <width>504</width>
        <height>70</height>
        <align>center</align>
        <textcolor>Orange</textcolor>
        <label>$LOCALIZE[31979]</label>
      </control>
    </control>
  </controls>
</window>