<includes>
  <!--

	  CUSTOM WINDOWS LIST
		_1114 Quit * define Quit menu
		_1115 CustomMoviesHomeButton.xml * define movies entry point
		_1116 MenuCustomizer
		_1117 ShelfCustomizer
		_1118 Custom_FullscreenMusic * start fullscreen audio playback
		_1119 CustomAddons * browse addons united under the same roof
		_50 Custom_Debug dialog * my favourite one

   -->
  <include file="Includes_Variables.xml" />
  <include file="defaults.xml" />
  <include file="Includes_Plexbmc.xml" />
  <include file="Includes_Horizontal_Home.xml" />
  <include file="Includes_Vertical_Home.xml" />
  <include file="Includes_Shelf_Contents.xml" />
  <include file="View_50.xml" />
  <include file="View_51_Panel.xml" />
  <include file="View_52_BigList.xml" />
  <include file="View_53_Grid.xml" />
  <include file="View_54_LowList.xml" />
  <include file="View_55_BigPanel.xml" />
  <include file="View_56_BannerList.xml" />
  <include file="View_57_58_59_Showcase.xml" />
  <include file="View_PVR.xml" />
  <include name="VisibleFadeEffect">
    <animation effect="fade" time="200">Visible</animation>
    <animation effect="fade" time="200">Hidden</animation>
  </include>
  <include name="VisibleFadeEffectDelay">
    <animation effect="fade" time="300" delay="100">Visible</animation>
    <animation effect="fade" time="0">Hidden</animation>
  </include>
  <include name="VisibleFadeEffectDelayShelf">
    <animation effect="fade" time="100">Visible</animation>
    <animation effect="fade" time="50">Hidden</animation>
  </include>
  <include name="OSDFade">
    <animation effect="fade" start="0" end="100" time="100">WindowOpen</animation>
    <animation effect="fade" start="100" end="0" time="50">WindowClose</animation>
  </include>
  <include name="OpenClose">
    <animation effect="fade" time="250">WindowOpen</animation>
    <animation effect="fade" time="250">WindowClose</animation>
  </include>
  <include name="DialogOpenClose">
    <animation type="WindowOpen">
      <effect type="fade" start="0" end="100" time="240" />
      <effect type="zoom" tween="cubic" easing="out" start="30" end="100" center="960,540" time="240" />
    </animation>
    <animation type="WindowClose">
      <effect type="fade" start="100" end="0" time="140" />
      <effect type="zoom" tween="cubic" easing="in" start="100" end="30" center="960,540" time="140" />
    </animation>
  </include>
  <include name="WeatherAni0">
    <animation type="WindowOpen">
      <effect type="fade" start="80" end="100" time="200" />
    </animation>
    <animation type="WindowClose">
      <effect type="fade" start="100" end="0" time="100" />
    </animation>
  </include>
  <include name="WeatherAni1">
    <animation type="WindowOpen">
      <effect type="fade" start="80" end="100" time="200" delay="150" />
    </animation>
    <animation type="WindowClose">
      <effect type="fade" start="100" end="0" time="100" delay="150" />
    </animation>
  </include>
  <include name="WeatherAni2">
    <animation type="WindowOpen">
      <effect type="fade" start="80" end="100" time="200" delay="300" />
    </animation>
    <animation type="WindowClose">
      <effect type="fade" start="100" end="0" time="100" delay="300" />
    </animation>
  </include>
  <include name="WeatherAni3">
    <animation type="WindowOpen">
      <effect type="fade" start="80" end="100" time="200" delay="450" />
    </animation>
    <animation type="WindowClose">
      <effect type="fade" start="100" end="0" time="100" delay="450" />
    </animation>
  </include>
  <include name="Icon_Fade">
    <fadetime>200</fadetime>
    <animation effect="fade" time="200">Visible</animation>
    <animation effect="fade" time="100">Hidden</animation>
  </include>
  <include name="Shelf_Delay">
  <visible>System.IdleTime(1)</visible>
	  <animation effect="fade" start="0" end="100" time="200" delay="400" condition="System.IdleTime(1)">Conditional</animation>
	  <animation effect="fade" start="100" end="0" time="0" condition="!System.IdleTime(1)">Conditional</animation>
  </include>
  <include name="HiddenButton">
    <posx>-30</posx>
    <posy>-30</posy>
    <width>1</width>
    <height>1</height>
    <label>-</label>
    <texturenofocus>-</texturenofocus>
    <texturefocus>-</texturefocus>
  </include>
  <include name="DimBG">
    <control type="image">
      <posx>0</posx>
      <posy>0</posy>
      <width>1920</width>
      <height>1080</height>
      <texture>img/BlackDotT.png</texture>
    </control>
  </include>
  <include name="Dimensions_Fullscreen">
    <posx>0</posx>
    <posy>0</posy>
    <width>1920</width>
    <height>1080</height>
  </include>
  <include name="Panel_Size">
    <posx>36</posx>
    <posy>54</posy>
    <width>1849</width>
    <height>1010</height>
  </include>
  <include name="Time">
    <control type="group">
      <visible>![[Control.IsVisible(58) + Skin.HasSetting(Music_Info)] | [Control.IsVisible(57) + Skin.HasSetting(Episodes_Info)] | [Control.IsVisible(59) + Skin.HasSetting(Posters_Info)]]</visible>
      <control type="image">
        <visible>![Window.IsActive(home) | Window.IsActive(weather)]</visible>
        <include>VisibleFadeEffect</include>
        <posx>0</posx>
        <posy>-30</posy>
        <width>1920</width>
        <height>100</height>
        <texture flipy="true" border="0,0,0,30">OSD/OSDBackground.png</texture>
        <colordiffuse>FF9e9e9e</colordiffuse>
      </control>
      <control type="image">
        <visible>!Player.HasAudio + [Window.IsActive(home) | Window.IsActive(weather)]</visible>
        <include>VisibleFadeEffect</include>
        <posx>540r</posx>
        <posy>0</posy>
        <width>540</width>
        <height>90</height>
        <texture border="100,0,0,0" flipy="true">common/TimePanel.png</texture>
      </control>
      <control type="image">
        <visible>Player.HasAudio + [Window.IsActive(home) | Window.IsActive(weather)]</visible>
        <include>VisibleFadeEffect</include>
        <posx>-100</posx>
        <posy>0</posy>
        <width>2020</width>
        <height>90</height>
        <texture border="100,0,0,0" flipy="true">common/TimePanel.png</texture>
      </control>
      <control type="label">
        <visible>!Player.HasAudio | [Player.HasAudio + SubString(Window(videolibrary).Property(TvTunesIsAlive),True)]</visible>
        <include>VisibleFadeEffect</include>
        <posx>30</posx>
        <posy>0</posy>
        <width>1200</width>
        <height>35</height>
        <font>Details</font>
        <label>$VAR[GlobalHeadings]</label>
      </control>
      <control type="group">
        <visible>Player.HasAudio + !SubString(Window(videolibrary).Property(TvTunesIsAlive),True)</visible>
        <include>VisibleFadeEffect</include>
        <control type="image" description="Speaker">
          <visible>Player.HasAudio</visible>
          <posx>12</posx>
          <posy>6</posy>
          <width>30</width>
          <height>27</height>
          <aspectratio>keep</aspectratio>
          <texture>img/NowPlayingFO.png</texture>
          <colordiffuse>Orange</colordiffuse>
        </control>
        <control type="label">
          <visible>Player.HasAudio</visible>
          <include>VisibleFadeEffect</include>
          <posx>60</posx>
          <posy>0</posy>
          <width>1200</width>
          <height>35</height>
          <font>Details</font>
          <label>$INFO[MusicPlayer.Artist,,[COLOR=Orange]  •  [/COLOR]]$INFO[MusicPlayer.Title,,[COLOR=Orange]  •  [/COLOR]][COLOR=Grey3]$INFO[MusicPlayer.TimeSpeed]$INFO[MusicPlayer.Duration, - ][/COLOR]</label>
        </control>
      </control>
      <control type="label">
        <posx>30r</posx>
        <posy>0</posy>
        <width>500</width>
        <height>35</height>
        <align>right</align>
        <font>Details</font>
        <textcolor>White</textcolor>
        <shadowcolor>ShadowDark</shadowcolor>
        <label>$VAR[Time]</label>
      </control>
    </control>
  </include>
  <include name="SeekbarLabels">
    <posx>40</posx>
    <posy>0</posy>
    <height>40</height>
    <width>1840</width>
    <align>center</align>
    <font>ListDetails</font>
    <shadowcolor>Black</shadowcolor>
    <animation effect="fade" time="50">VisibleChange</animation>
  </include>
  <include name="OSDSeekbarLabels">
    <posx>440</posx>
    <posy>21</posy>
    <height>40</height>
    <width>600</width>
    <align>center</align>
    <font>ListDetails</font>
    <shadowcolor>Black</shadowcolor>
    <animation effect="fade" time="50">VisibleChange</animation>
  </include>
  <include name="MiniBackground">
    <control type="image" description="Default BG">
      <posx>0</posx>
      <posy>0</posy>
      <width>1920</width>
      <height>1080</height>
      <texture>img/BlackDot.png</texture>
    </control>
  </include>
  <include name="Stars">
    <visible>!IsEmpty(ListItem.StarRating)</visible>
    <height>24</height>
    <width>174</width>
    <aspectratio align="left">keep</aspectratio>
    <colordiffuse>Silver</colordiffuse>
    <texture>$INFO[ListItem.StarRating]</texture>
  </include>
  <include name="ListWatchedOverlay">
    <control type="image">
      <visible>!Container.Content(tvshows)</visible>
      <posx>52r</posx>
      <posy>0</posy>
      <width>30</width>
      <height>72</height>
      <texture>$VAR[Overlay]</texture>
      <aspectratio aligny="center">keep</aspectratio>
    </control>
    <control type="group">
      <visible>Container.content(tvshows) + IntegerGreaterThan(ListItem.Property(UnWatchedEpisodes),0)</visible>
      <control type="image" description="Label2 BG">
        <posx>84r</posx>
        <posy>15</posy>
        <width>60</width>
        <height>42</height>
        <texture border="3">img/WhiteRoundedT.png</texture>
      </control>
      <control type="label" description="l2">
        <posx>54r</posx>
        <height>72</height>
        <width>100</width>
        <font>ListDetails</font>
        <align>center</align>
        <textcolor>Orange</textcolor>
        <label>$INFO[ListItem.Property(UnWatchedEpisodes)]</label>
      </control>
    </control>
  </include>
  <include name="ThumbBorder">
    <bordertexture border="10">thumbs/Border.png</bordertexture>
    <bordersize>9</bordersize>
  </include>
  <include name="ThumbBorderInside">
    <texture border="10">thumbs/Border.png</texture>
    <bordersize>-9</bordersize>
  </include>
  <include name="EpisodeThumb">
    <texture background="true" diffuse="thumbs/EpisodeDiffuse.png">$VAR[Thumbs]</texture>
    <aspectratio scalediffuse="false">scale</aspectratio>
  </include>
  <include name="EpisodeThumbBG">
    <bordersize>-17</bordersize>
    <texture>thumbs/EpisodeBG_NF.png</texture>
  </include>
  <include name="EpisodeThumbFO">
    <bordersize>-17</bordersize>
    <texture>thumbs/EpisodeBG_FO.png</texture>
  </include>
  <include name="SquareThumb">
    <texture background="true" diffuse="thumbs/SquareDiffuse.png">$VAR[Thumbs]</texture>
    <aspectratio aligny="top" scalediffuse="false">scale</aspectratio>
  </include>
  <include name="SquareThumbBG">
    <bordersize>-16</bordersize>
    <texture>thumbs/SquareBG_NF.png</texture>
  </include>
  <include name="SquareThumbFO">
    <bordersize>-16</bordersize>
    <texture>thumbs/SquareBG_FO.png</texture>
  </include>
  <include name="PosterThumb">
    <texture background="true" diffuse="thumbs/PosterDiffuse.png">$VAR[Thumbs]</texture>
    <aspectratio aligny="top" scalediffuse="false">scale</aspectratio>
  </include>
  <include name="PosterThumbBG">
    <bordersize>-14</bordersize>
    <texture>thumbs/PosterBG_NF.png</texture>
  </include>
  <include name="PosterThumbFO">
    <bordersize>-14</bordersize>
    <texture>thumbs/PosterBG_FO.png</texture>
  </include>
  <include name="FullscreenInfoLabelMain">
    <posx>300</posx>
    <posy>0</posy>
    <width>1200</width>
    <scroll>false</scroll>
    <align>left</align>
    <font>size24B</font>
    <textcolor>White2</textcolor>
    <animation effect="fade" time="200">VisibleChange</animation>
  </include>
  <include name="9000ViewButtons">
    <height>54</height>
    <width>500</width>
    <font>ViewMenu</font>
    <textoffsetx>30</textoffsetx>
    <disabledcolor>Grey</disabledcolor>
    <textureradiofocus>img/ArrowRightFO.png</textureradiofocus>
    <textureradionofocus>-</textureradionofocus>
    <radiowidth>15</radiowidth>
    <radioheight>60</radioheight>
    <radioposx>5</radioposx>
  </include>
  <include name="9000SysButtons">
    <height>54</height>
    <width>500</width>
    <font>ViewMenu</font>
    <radioposx>390</radioposx>
    <textoffsetx>30</textoffsetx>
    <disabledcolor>Grey</disabledcolor>
  </include>
  <include name="9000Commons" description="Regular BG">
    <visible allowhiddenfocus="true">ControlGroup(9000).HasFocus()</visible>
    <animation type="Visible">
      <effect type="fade" start="0" end="100" time="250" />
      <effect type="slide" tween="circle" easing="out" start="0,0" end="500,0" time="350" />
    </animation>
    <animation type="Hidden">
      <effect type="fade" start="100" end="0" time="250" delay="0" />
      <effect type="slide" start="500,0" end="0,0" time="250" />
    </animation>
    <control type="image">
      <posx>-500</posx>
      <posy>0</posy>
      <width>510</width>
      <height>1080</height>
      <texture border="0,0,30,0">common/ViewMenu.png</texture>
    </control>
  </include>
  <include name="9000GrouplistParameters">
    <posx>-499</posx>
    <posy>60</posy>
    <width>500</width>
    <height>1120</height>
    <itemgap>0</itemgap>
    <onleft>9001</onleft>
    <onright>50</onright>
    <onup>9000</onup>
    <ondown>9000</ondown>
    <onback>50</onback>
    <scrolltime>200</scrolltime>
    <orientation>vertical</orientation>
    <control type="label" id="9140">
      <textcolor>Orange</textcolor>
      <textoffsetx>10</textoffsetx>
      <align>left</align>
      <include>9000ViewButtons</include>
      <label>$LOCALIZE[582]</label>
    </control>
    <control type="radiobutton" id="9145" description="View 50">
      <include>9000ViewButtons</include>
      <onclick>Container.SetViewMode(50)</onclick>
      <selected>Control.IsVisible(50)</selected>
      <label>$LOCALIZE[535]</label>
    </control>
    <control type="radiobutton" id="9146" description="View 56">
      <visible>Container.Content(TVShows)</visible>
      <include>9000ViewButtons</include>
      <onclick>Container.SetViewMode(56)</onclick>
      <selected>Control.IsVisible(56)</selected>
      <label>$LOCALIZE[31965]</label>
    </control>
    <control type="radiobutton" id="9147" description="View 52">
      <visible>Container.Content(Movies) | Container.Content(TVShows) | Container.Content(episodes) | Container.Content(albums) | Container.Content(artists) | Window.IsActive(MyPics.xml)</visible>
      <include>9000ViewButtons</include>
      <onclick>Container.SetViewMode(52)</onclick>
      <selected>Control.IsVisible(52)</selected>
      <label>$LOCALIZE[537]</label>
    </control>
    <control type="radiobutton" id="9148" description="View 52 Movies">
      <visible>Control.IsVisible(52) + Container.Content(Movies)</visible>
      <font>ListDetails</font>
      <include>9000SysButtons</include>
      <onclick>Skin.ToggleSetting(52_Movies_UseFanart)</onclick>
      <selected>Skin.HasSetting(52_Movies_UseFanart)</selected>
      <label>- $LOCALIZE[20445]</label>
    </control>
    <control type="radiobutton" id="9149" description="View 52 TV">
      <visible>Control.IsVisible(52) + Container.Content(TVShows)</visible>
      <font>ListDetails</font>
      <include>9000SysButtons</include>
      <onclick>Skin.ToggleSetting(52_TV_UseFanart)</onclick>
      <selected>Skin.HasSetting(52_TV_UseFanart)</selected>
      <label>- $LOCALIZE[20445]</label>
    </control>
    <control type="radiobutton" id="9150" description="View 52 Episodes">
      <visible>Control.IsVisible(52) + Container.Content(Episodes)</visible>
      <font>ListDetails</font>
      <include>9000SysButtons</include>
      <onclick>Skin.ToggleSetting(52_Episodes_UseFanart)</onclick>
      <selected>Skin.HasSetting(52_Episodes_UseFanart)</selected>
      <label>- $LOCALIZE[20445]</label>
    </control>
    <control type="radiobutton" id="9151" description="View 52 Episodes">
      <visible>Control.IsVisible(52) + Container.Content(Albums)</visible>
      <font>ListDetails</font>
      <include>9000SysButtons</include>
      <onclick>Skin.ToggleSetting(52_Albums_UseFanart)</onclick>
      <selected>Skin.HasSetting(52_Albums_UseFanart)</selected>
      <label>- $LOCALIZE[20445]</label>
    </control>
    <control type="radiobutton" id="9152" description="View 52 Episodes">
      <visible>Control.IsVisible(52) + Container.Content(artists)</visible>
      <font>ListDetails</font>
      <include>9000SysButtons</include>
      <onclick>Skin.ToggleSetting(52_Artists_UseFanart)</onclick>
      <selected>Skin.HasSetting(52_Artists_UseFanart)</selected>
      <label>- $LOCALIZE[20445]</label>
    </control>
    <control type="radiobutton" id="9153" description="View 51">
      <include>9000ViewButtons</include>
      <onclick>Container.SetViewMode(51)</onclick>
      <selected>Control.IsVisible(51)</selected>
      <label>$LOCALIZE[31963]</label>
    </control>
    <control type="radiobutton" id="9154" description="View 54">
      <include>9000ViewButtons</include>
      <onclick>Container.SetViewMode(54)</onclick>
      <selected>Control.IsVisible(54)</selected>
      <label>$LOCALIZE[31962]</label>
    </control>
    <control type="radiobutton" id="9155" description="View 53">
      <include>9000ViewButtons</include>
      <onclick>Container.SetViewMode(53)</onclick>
      <selected>Control.IsVisible(53)</selected>
      <label>$LOCALIZE[536]</label>
    </control>
    <control type="radiobutton" id="9156" description="View 53 Banners">
      <visible>Control.IsVisible(53) + Container.Content(TVShows)</visible>
      <font>ListDetails</font>
      <include>9000SysButtons</include>
      <onclick>Skin.ToggleSetting(53_UseBanners)</onclick>
      <selected>Skin.HasSetting(53_UseBanners)</selected>
      <label>- $LOCALIZE[31992]</label>
    </control>
    <control type="radiobutton" id="9157" description="View 53 Bigger">
      <visible>Control.IsVisible(53) + [[Container.Content(TvShows) + !Skin.HasSetting(53_UseBanners)] | container.content(musicvideos) | container.content(movies) | container.content(seasons)]</visible>
      <font>ListDetails</font>
      <include>9000SysButtons</include>
      <onclick>Skin.ToggleSetting(53_BigGrid)</onclick>
      <selected>Skin.HasSetting(53_BigGrid)</selected>
      <label>$LOCALIZE[491]</label>
    </control>
    <control type="radiobutton" id="9158" description="View 55 BigPanel">
      <visible>Skin.HasSetting(plexbmc) | !Window.IsActive(MyMusicSongs.xml)</visible>
      <include>9000ViewButtons</include>
      <onclick>Container.SetViewMode(55)</onclick>
      <selected>Control.IsVisible(55)</selected>
      <label>$LOCALIZE[31958]</label>
    </control>
    <control type="radiobutton" id="9159" description="View 55 with fanart">
      <visible>Control.IsVisible(55) + [Window.IsActive(MyVideoNav.xml) | Window.IsActive(MyMusicNav.xml)]</visible>
      <font>ListDetails</font>
      <include>9000SysButtons</include>
      <onclick>Skin.ToggleSetting(55_SmallFanart)</onclick>
      <selected>Skin.HasSetting(55_SmallFanart)</selected>
      <label>- $LOCALIZE[20445]</label>
    </control>
    <control type="radiobutton" id="9160" description="View 53 Banners">
      <visible>Control.IsVisible(55) + Container.Content(TVShows)</visible>
      <font>ListDetails</font>
      <include>9000SysButtons</include>
      <onclick>Skin.ToggleSetting(55_UseBanners)</onclick>
      <selected>Skin.HasSetting(55_UseBanners)</selected>
      <label>- $LOCALIZE[31992]</label>
    </control>
    <control type="radiobutton" id="9161" description="View 57 EPISODES">
      <visible>container.content(episodes)</visible>
      <include>9000ViewButtons</include>
      <onclick>Container.SetViewMode(57)</onclick>
      <selected>Control.IsVisible(57)</selected>
      <label>$LOCALIZE[20445]</label>
    </control>
    <control type="radiobutton" id="9162" description="View 57 Enable gallery for EPISODES">
      <visible>Control.IsVisible(57) + container.content(episodes)</visible>
      <font>ListDetails</font>
      <include>9000SysButtons</include>
      <onclick>Skin.Reset(Episodes_Info)</onclick>
      <onclick>Skin.ToggleSetting(Episodes_Gallery)</onclick>
      <selected>Skin.HasSetting(Episodes_Gallery)</selected>
      <label>- $LOCALIZE[31970]</label>
    </control>
    <control type="radiobutton" id="9163" description="View 57 Enable info for EPISODES">
      <visible>Control.IsVisible(57) + container.content(episodes)</visible>
      <font>ListDetails</font>
      <include>9000SysButtons</include>
      <onclick>Skin.Reset(Episodes_Gallery)</onclick>
      <onclick>Skin.ToggleSetting(Episodes_Info)</onclick>
      <selected>Skin.HasSetting(Episodes_Info)</selected>
      <label>- $LOCALIZE[31968]</label>
    </control>
    <control type="radiobutton" id="9164" description="View 58 SQUARES">
      <visible>![[container.content(MusicVideos) + Window.IsActive(myvideonav.xml)] | container.content(movies) | container.content(tvshows) | container.content(seasons) | container.content(episodes)]</visible>
      <include>9000ViewButtons</include>
      <onclick>Container.SetViewMode(58)</onclick>
      <selected>Control.IsVisible(58)</selected>
      <label>$LOCALIZE[20445]</label>
    </control>
    <control type="radiobutton" id="9165" description="View 58 Enable gallery for MUSIC">
      <visible>Control.IsVisible(58) + [container.content(albums) | container.content(artists)]</visible>
      <font>ListDetails</font>
      <include>9000SysButtons</include>
      <onclick>Skin.Reset(Music_Info)</onclick>
      <onclick>Skin.ToggleSetting(Music_Gallery)</onclick>
      <selected>Skin.HasSetting(Music_Gallery)</selected>
      <label>- $LOCALIZE[31970]</label>
    </control>
    <control type="radiobutton" id="9166" description="View 58 Enable Info for MUSIC">
      <visible>Control.IsVisible(58) + [container.content(albums) | container.content(artists)]</visible>
      <font>ListDetails</font>
      <include>9000SysButtons</include>
      <onclick>Skin.Reset(Music_Gallery)</onclick>
      <onclick>Skin.ToggleSetting(Music_Info)</onclick>
      <selected>Skin.HasSetting(Music_Info)</selected>
      <label>- $LOCALIZE[31968]</label>
    </control>
    <control type="radiobutton" id="9167" description="View 59 POSTERS">
      <visible>[[container.content(MusicVideos) + Window.IsActive(myvideonav.xml)] | container.content(movies) | container.content(tvshows) | container.content(seasons)]</visible>
      <include>9000ViewButtons</include>
      <onclick>Container.SetViewMode(59)</onclick>
      <selected>Control.IsVisible(59)</selected>
      <label>$LOCALIZE[20445]</label>
    </control>
    <control type="radiobutton" id="9168" description="View 59 Enable gallery for POSTERS">
      <visible>Control.IsVisible(59) + [[container.content(MusicVideos) + Window.IsActive(myvideonav.xml)] | container.content(movies) | container.content(tvshows) | container.content(seasons)]</visible>
      <font>ListDetails</font>
      <include>9000SysButtons</include>
      <onclick>Skin.Reset(Posters_Info)</onclick>
      <onclick>Skin.ToggleSetting(Posters_Gallery)</onclick>
      <selected>Skin.HasSetting(Posters_Gallery)</selected>
      <label>- $LOCALIZE[31970]</label>
    </control>
    <control type="radiobutton" id="9169" description="View 59 Enable Info for POSTERS">
      <visible>Control.IsVisible(59) + [[container.content(MusicVideos) + Window.IsActive(myvideonav.xml)] | container.content(movies) | container.content(tvshows) | container.content(seasons)]</visible>
      <font>ListDetails</font>
      <include>9000SysButtons</include>
      <onclick>Skin.Reset(Posters_Gallery)</onclick>
      <onclick>Skin.ToggleSetting(Posters_Info)</onclick>
      <selected>Skin.HasSetting(Posters_Info)</selected>
      <label>- $LOCALIZE[31968]</label>
    </control>
    <control type="label" id="9180" description="Spacer">
      <height>36</height>
      <textcolor>Orange</textcolor>
      <align>left</align>
      <textoffsetx>10</textoffsetx>
      <include>9000ViewButtons</include>
      <label></label>
    </control>
    <control type="label" id="9181">
      <textcolor>Orange</textcolor>
      <align>left</align>
      <textoffsetx>10</textoffsetx>
      <include>9000ViewButtons</include>
      <label>$LOCALIZE[581]</label>
    </control>
  </include>
  <include name="KeyboardButtons">
    <align>center</align>
    <aligny>center</aligny>
    <textoffsetx>0</textoffsetx>
    <width>87</width>
    <height>87</height>
    <font>Keyboard</font>
    <focusedcolor>Orange</focusedcolor>
    <textoffsety>-3</textoffsety>
    <texturefocus border="16,0,16,0">common/KeyButtonFO.png</texturefocus>
    <texturenofocus border="16,0,16,0">common/KeyButtonNF.png</texturenofocus>
    <alttexturefocus border="16,0,16,0">common/KeyButtonFO.png</alttexturefocus>
    <alttexturenofocus border="16,0,16,0">common/KeyButtonNF.png</alttexturenofocus>
  </include>
  <include name="List_9009_Commons" description="Video Info metadata container">
    <posx>0</posx>
    <posy>0</posy>
    <width>999</width>
    <height>504</height>
    <onleft>noop</onleft>
    <onright>noop</onright>
    <onup>9000</onup>
    <ondown>9000</ondown>
    <pagecontrol>-</pagecontrol>
    <itemlayout height="42" width="999">
      <control type="label">
        <posx>200</posx>
        <posy>0</posy>
        <width>200</width>
        <height>45</height>
        <font>Details</font>
        <align>right</align>
        <aligny>center</aligny>
        <textcolor>Grey2</textcolor>
        <selectedcolor>selected</selectedcolor>
        <info>ListItem.Label</info>
        <scroll>false</scroll>
      </control>
      <control type="label">
        <posx>220</posx>
        <posy>0</posy>
        <width>779</width>
        <height>45</height>
        <font>Details</font>
        <align>left</align>
        <aligny>center</aligny>
        <textcolor>Silver</textcolor>
        <selectedcolor>White2</selectedcolor>
        <info>ListItem.Label2</info>
        <scroll>false</scroll>
      </control>
    </itemlayout>
    <focusedlayout height="42" width="999">
      <control type="label">
        <posx>200</posx>
        <posy>0</posy>
        <width>200</width>
        <height>45</height>
        <font>Details</font>
        <align>right</align>
        <aligny>center</aligny>
        <textcolor>Grey2</textcolor>
        <selectedcolor>selected</selectedcolor>
        <info>ListItem.Label</info>
      </control>
      <control type="label">
        <posx>220</posx>
        <posy>0</posy>
        <width>779</width>
        <height>45</height>
        <font>Details</font>
        <align>left</align>
        <aligny>center</aligny>
        <textcolor>Silver</textcolor>
        <selectedcolor>White2</selectedcolor>
        <info>ListItem.Label2</info>
      </control>
    </focusedlayout>
  </include>
  <include name="BG.Defaults">
    <posx>0</posx>
    <posy>0</posy>
    <width>1920</width>
    <height>1080</height>
    <timeperimage>9000</timeperimage>
    <randomize>true</randomize>
    <fadetime>400</fadetime>
    <aspectratio>scale</aspectratio>
  </include>
  <include name="Default_Art">
    <control type="multiimage">
      <include>BG.Defaults</include>
      <imagepath background="true">$VAR[Default.Art]</imagepath>
    </control>
  </include>
  <include name="Settings_Art">
    <control type="multiimage">
      <include>BG.Defaults</include>
      <imagepath background="true">$VAR[Settings.Art]</imagepath>
    </control>
  </include>
  <include name="Pvr_Art">
    <control type="multiimage">
      <include>BG.Defaults</include>
      <imagepath background="true">$VAR[Pvr.Art]</imagepath>
    </control>
  </include>
  <include name="Weather_Art">
    <control type="multiimage">
      <include>BG.Defaults</include>
      <imagepath background="true">$VAR[Weather.Art]</imagepath>
    </control>
  </include>
  <include name="Fanart_Art">
    <control type="image" description="FA">
      <visible>Control.IsVisible(52) | Control.IsVisible(53) | Control.IsVisible(55) | Control.IsVisible(55) | [Control.IsVisible(58) + Skin.HasSetting(Music_Info)] | [Control.IsVisible(57) + Skin.HasSetting(Episodes_Info)] | [Control.IsVisible(59) + Skin.HasSetting(Posters_Info)]</visible>
      <include>BG.Defaults</include>
      <texture>img/FS_BG.png</texture>
    </control>
    <control type="multiimage">
      <visible>Window.IsActive(MyPics.xml) + ![Control.IsVisible(52) | Control.IsVisible(53) | Control.IsVisible(55)]</visible>
      <include>BG.Defaults</include>
      <imagepath background="true">$VAR[Pictures.Art]</imagepath>
    </control>
    <control type="multiimage" description="FA fullscreen">
      <visible>!Window.IsActive(MyPics.xml)</visible>
      <visible>![Control.IsVisible(52) | Control.IsVisible(55) | Control.IsVisible(53) | [Control.IsVisible(58) + Skin.HasSetting(Music_Info)] | [Control.IsVisible(57) + Skin.HasSetting(Episodes_Info)] | [Control.IsVisible(59) + Skin.HasSetting(Posters_Info)]]</visible>
      <include>BG.Defaults</include>
      <imagepath background="true">$VAR[Fanart.Art]</imagepath>
    </control>
    <control type="group" description="FA slideshow INFO">
      <visible>!Window.IsActive(MyPics.xml)</visible>
      <visible>[Control.IsVisible(58) + Skin.HasSetting(Music_Info)] | [Control.IsVisible(57) + Skin.HasSetting(Episodes_Info)] | [Control.IsVisible(59) + Skin.HasSetting(Posters_Info)]</visible>
      <control type="multiimage" description="FA slideshow INFO">
        <include>VisibleFadeEffect</include>
        <width>1280</width>
        <height>720</height>
        <include>BG.Defaults</include>
        <imagepath background="true">$VAR[Fanart.Art]</imagepath>
      </control>
      <control type="image" description="Info panel BG">
        <include>VisibleFadeEffect</include>
        <posx>1280</posx>
        <posy>0</posy>
        <width>640</width>
        <height>720</height>
        <texture border="150,0,0,0">info/InfoRightPanelTop2.png</texture>
      </control>
    </control>
    <control type="group" description="Control 55 nad 52 - control 53 viz 53_XML">
      <visible>Control.IsVisible(52) | Control.IsVisible(55)</visible>
      <control type="image" description="Footer Dim BG">
        <posx>0</posx>
        <posy>1017</posy>
        <width>1920</width>
        <height>54</height>
        <texture>img/BlackDotST2.png</texture>
      </control>
      <control type="image" description="Footer">
        <posx>0</posx>
        <posy>993</posy>
        <width>1920</width>
        <height>87</height>
        <texture border="0,30,0,0">OSD/OSDBackground.png</texture>
      </control>
    </control>
    <control type="image" description="fa overlay">
      <visible>Control.IsVisible(50) | Control.IsVisible(51) | Control.IsVisible(56)</visible>
      <posx>0</posx>
      <posy>315</posy>
      <width>1920</width>
      <height>765</height>
      <texture border="0,30,0,0">OSD/OSDBackground.png</texture>
      <colordiffuse>FF9e9e9e</colordiffuse>
    </control>
    <control type="image" description="fa overlay">
      <visible>Control.IsVisible(54)</visible>
      <posx>0</posx>
      <posy>633</posy>
      <width>1920</width>
      <height>447</height>
      <aspectratio>stretch</aspectratio>
      <texture border="0,30,0,0">OSD/OSDBackground.png</texture>
      <colordiffuse>FF9e9e9e</colordiffuse>
    </control>
    <control type="group">
      <visible>Control.IsVisible(57) | Control.IsVisible(58) | Control.IsVisible(59)</visible>
      <control type="image">
        <animation effect="slide" easing="out" start="0,0" end="0,62" time="350" delay="0" center="120,350" reversible="true" condition="[Control.IsVisible(58) + Skin.HasSetting(Music_Info)] | [Control.IsVisible(57) + Skin.HasSetting(Episodes_Info)] | [Control.IsVisible(59) + Skin.HasSetting(Posters_Info)]">Conditional</animation>
        <animation effect="slide" easing="out" start="0,0" end="0,52" time="200" delay="0" center="120,350" reversible="true" condition="Control.HasFocus(7000)">Conditional</animation>
        <posx>0</posx>
        <posy>636</posy>
        <width>1920</width>
        <height>444</height>
        <aspectratio>stretch</aspectratio>
        <texture border="0,30,0,30">OSD/OSDBackground.png</texture>
        <colordiffuse>FF9e9e9e</colordiffuse>
      </control>
      <control type="image">
        <visible>![Control.HasFocus(7000)]</visible>
        <animation effect="fade" start="100" end="0" time="250" delay="80" condition="[Control.IsVisible(58) + Skin.HasSetting(Music_Info)] | [Control.IsVisible(57) + Skin.HasSetting(Episodes_Info)] | [Control.IsVisible(59) + Skin.HasSetting(Posters_Info)]">Conditional</animation>
        <animation effect="slide" start="0,0" end="0,80" time="250" delay="80" condition="[Control.IsVisible(58) + Skin.HasSetting(Music_Info)] | [Control.IsVisible(57) + Skin.HasSetting(Episodes_Info)] | [Control.IsVisible(59) + Skin.HasSetting(Posters_Info)]">Conditional</animation>
        <animation effect="fade" start="100" end="0" time="100" delay="0">Hidden</animation>
        <animation effect="fade" start="0" end="100" time="0" delay="0">Visible</animation>
        <posx>0</posx>
        <posy>990</posy>
        <width>1920</width>
        <height>120</height>
        <texture border="0,30,0,30">OSD/OSDBackground.png</texture>
        <colordiffuse>FF9e9e9e</colordiffuse>
      </control>
    </control>
  </include>
  <include name="Home.Main.Menu.Items">
    <include condition="Skin.HasSetting(plexbmc)">Plexbmc.Items</include>
    <item id="21" description="Custom1">
      <visible>!IsEmpty(Skin.String(CustomHome.1.Path))</visible>
      <label>$INFO[Skin.String(CustomHome.1.Label)]</label>
      <thumb fallback="special://skin/backgrounds/default/default.jpg">$INFO[Skin.String(CustomHome.1.Background)]</thumb>
      <onclick>$INFO[Skin.String(CustomHome.1.Path)]</onclick>
    </item>
    <item id="1" description="Pictures">
      <visible>!Skin.HasSetting(plexbmc)</visible>
      <visible>!Skin.HasSetting(Pictures.Hide)</visible>
      <label>$LOCALIZE[1]</label>
      <thumb fallback="special://skin/backgrounds/Pictures.jpg">$INFO[Skin.String(Pictures.Background)]</thumb>
      <onclick>ActivateWindow(Pictures,root)</onclick>
    </item>
	<item id="30" description="iStream">
      <visible>!Skin.HasSetting(plexbmc)</visible>
      <visible>!Skin.HasSetting(xunity.hide)</visible>
      <label>[B][COLOR blue]i[/COLOR][/B]Stream</label>
      <thumb fallback="special://skin/backgrounds/xunity.jpg">$INFO[Skin.String(Pictures.Background)]</thumb>
      <onclick>ActivateWindow(videofiles,plugin://script.icechannel,return)</onclick>
    </item>
	<item id="31" description="karaoke">
      <visible>!Skin.HasSetting(plexbmc)</visible>
      <visible>!Skin.HasSetting(karaoke.hide)</visible>
      <label>Karaoke</label>
      <thumb fallback="special://skin/backgrounds/karaoke.jpg">$INFO[Skin.String(Pictures.Background)]</thumb>
      <onclick>ActivateWindow(videofiles,plugin://plugin.video.MikeysKaraoke/?url=None&mode=None,return)</onclick>
    </item>
    <item id="22" description="Custom2">
      <visible>!IsEmpty(Skin.String(CustomHome.2.Path))</visible>
      <label>$INFO[Skin.String(CustomHome.2.Label)]</label>
      <thumb fallback="special://skin/backgrounds/default/default.jpg">$INFO[Skin.String(CustomHome.2.Background)]</thumb>
      <onclick>$INFO[Skin.String(CustomHome.2.Path)]</onclick>
    </item>
    <item id="2" description="Addons">
      <visible>!Skin.HasSetting(Addons.Hide)</visible>
      <label>$LOCALIZE[24001]</label>
      <thumb fallback="special://skin/backgrounds/Addons.jpg">$INFO[Skin.String(Addons.Background)]</thumb>
      <onclick>ActivateWindow(1119)</onclick>
    </item>
    <item id="23" description="Custom3">
      <visible>!IsEmpty(Skin.String(CustomHome.3.Path))</visible>
      <label>$INFO[Skin.String(CustomHome.3.Label)]</label>
      <thumb fallback="special://skin/backgrounds/default/default.jpg">$INFO[Skin.String(CustomHome.3.Background)]</thumb>
      <onclick>$INFO[Skin.String(CustomHome.3.Path)]</onclick>
    </item>
    <item id="3" description="Videos">
      <visible>!Skin.HasSetting(plexbmc)</visible>
      <visible>!Skin.HasSetting(Videos.Hide)</visible>
      <label>$LOCALIZE[3]</label>
      <thumb fallback="special://skin/backgrounds/Videos.jpg">$INFO[Skin.String(Videos.Background)]</thumb>
      <onclick>ActivateWindow(Videos,root)</onclick>
    </item>
    <item id="24" description="Custom.4">
      <visible>!IsEmpty(Skin.String(CustomHome.4.Path))</visible>
      <label>$INFO[Skin.String(CustomHome.4.Label)]</label>
      <thumb fallback="special://skin/backgrounds/default/default.jpg">$INFO[Skin.String(CustomHome.4.Background)]</thumb>
      <onclick>$INFO[Skin.String(CustomHome.4.Path)]</onclick>
    </item>
    <item id="4" description="MyMovies">
      <visible>!Skin.HasSetting(plexbmc)</visible>
      <visible>!Skin.HasSetting(Movies.Hide) + Library.HasContent(Movies)</visible>
      <label>$LOCALIZE[20342]</label>
      <thumb fallback="special://skin/backgrounds/Movies.jpg">$INFO[Skin.String(Movies.Background)]</thumb>
      <onclick>$VAR[MovieEntryPoint]</onclick>
    </item>
    <item id="25" description="Custom.5">
      <visible>!IsEmpty(Skin.String(CustomHome.5.Path))</visible>
      <label>$INFO[Skin.String(CustomHome.5.Label)]</label>
      <thumb fallback="special://skin/backgrounds/default/default.jpg">$INFO[Skin.String(CustomHome.5.Background)]</thumb>
      <onclick>$INFO[Skin.String(CustomHome.5.Path)]</onclick>
    </item>
    <item id="5" description="MyTV">
      <visible>!Skin.HasSetting(plexbmc)</visible>
      <visible>!Skin.HasSetting(TVShows.Hide) + Library.HasContent(TVShows)</visible>
      <label>$LOCALIZE[20343]</label>
      <thumb fallback="special://skin/backgrounds/TVShows.jpg">$INFO[Skin.String(TVShows.Background)]</thumb>
      <onclick>ActivateWindow(VideoLibrary,TVShowTitles,return)</onclick>
    </item>
    <item id="26" description="Custom.6">
      <visible>!IsEmpty(Skin.String(CustomHome.6.Path))</visible>
      <label>$INFO[Skin.String(CustomHome.6.Label)]</label>
      <thumb fallback="special://skin/backgrounds/default/default.jpg">$INFO[Skin.String(CustomHome.6.Background)]</thumb>
      <onclick>$INFO[Skin.String(CustomHome.6.Path)]</onclick>
    </item>
    <item id="6" description="Music">
      <visible>!Skin.HasSetting(plexbmc)</visible>
      <visible>!Skin.HasSetting(Music.Hide)</visible>
      <label>$LOCALIZE[2]</label>
      <thumb fallback="special://skin/backgrounds/Music.jpg">$INFO[Skin.String(Music.Background)]</thumb>
      <onclick condition="Library.HasContent(Music) + !Skin.HasSetting(ArtistView)">ActivateWindow(MusicLibrary,root)</onclick>
      <onclick condition="!Library.HasContent(Music)">ActivateWindow(MusicFiles,root)</onclick>
      <onclick condition="Library.HasContent(Music) + Skin.HasSetting(ArtistView)">ActivateWindow(MusicLibrary,Artists)</onclick>
    </item>
    <item id="27" description="Custom.7">
      <visible>!IsEmpty(Skin.String(CustomHome.7.Path))</visible>
      <label>$INFO[Skin.String(CustomHome.7.Label)]</label>
      <thumb fallback="special://skin/backgrounds/default/default.jpg">$INFO[Skin.String(CustomHome.7.Background)]</thumb>
      <onclick>$INFO[Skin.String(CustomHome.7.Path)]</onclick>
    </item>
    <item id="13" description="Clips">
      <visible>!Skin.HasSetting(plexbmc)</visible>
      <visible>Skin.HasSetting(Clips.Show) + Library.HasContent(MusicVideos)</visible>
      <label>$LOCALIZE[31972]</label>
      <thumb fallback="special://skin/backgrounds/Clips.jpg">$INFO[Skin.String(Clips.Background)]</thumb>
      <onclick condition="Library.HasContent(music)">ActivateWindow(10501,"videodb://3/")</onclick>
      <onclick condition="!Library.HasContent(music)">ActivateWindow(10502,"videodb://3/")</onclick>
    </item>
    <item id="14" description="Concerts">
      <visible>!Skin.HasSetting(plexbmc)</visible>
      <visible>Skin.HasSetting(Concerts.Show) + Library.HasContent(MusicVideos)</visible>
      <label>$LOCALIZE[31971]</label>
      <thumb fallback="special://skin/backgrounds/Concerts.jpg">$INFO[Skin.String(Concerts.Background)]</thumb>
      <onclick>ActivateWindow(VideoLibrary,MusicVideoTitles,return)</onclick>
    </item>
    <item id="28" description="Custom.8">
      <visible>!IsEmpty(Skin.String(CustomHome.8.Path))</visible>
      <label>$INFO[Skin.String(CustomHome.8.Label)]</label>
      <thumb fallback="special://skin/backgrounds/default/default.jpg">$INFO[Skin.String(CustomHome.8.Background)]</thumb>
      <onclick>$INFO[Skin.String(CustomHome.8.Path)]</onclick>
    </item>
    <item id="300" description="PVR">
      <visible>System.GetBool(pvrmanager.enabled)</visible>
      <label>$LOCALIZE[31500]</label>
      <thumb fallback="special://skin/backgrounds/Pvr.jpg">$INFO[Skin.String(Pvr.Background)]</thumb>
      <onclick>ActivateWindowAndFocus(PVR)</onclick>
    </item>
    <item id="7" description="Favorites">
      <visible>!Skin.HasSetting(Favourites.Hide)</visible>
      <label>$LOCALIZE[1036]</label>
      <thumb fallback="special://skin/backgrounds/Favourites.jpg">$INFO[Skin.String(Favourites.Background)]</thumb>
      <onclick>ActivateWindow(Favourites)</onclick>
    </item>
    <item id="29" description="Custom.9">
      <visible>!IsEmpty(Skin.String(CustomHome.9.Path))</visible>
      <label>$INFO[Skin.String(CustomHome.9.Label)]</label>
      <thumb fallback="special://skin/backgrounds/default/default.jpg">$INFO[Skin.String(CustomHome.9.Background)]</thumb>
      <onclick>$INFO[Skin.String(CustomHome.9.Path)]</onclick>
    </item>
    <item id="8" description="DVD">
      <visible>System.HasMediaDVD + !Skin.HasSetting(DVD.Hide)</visible>
      <label>$LOCALIZE[427]</label>
      <thumb fallback="special://skin/backgrounds/default/default.jpg">$INFO[Skin.String(DVD.Background)]</thumb>
      <onclick condition="System.HasMediaDvd">PlayDVD()</onclick>
      <onclick condition="!System.HasMediaDvd">Notification($LOCALIZE[164],$LOCALIZE[219],5,DefaultIconWarning.png)</onclick>
    </item>
    <item id="15" description="Weather">
      <visible>!Skin.HasSetting(Weather.Hide)</visible>
      <label>$LOCALIZE[8]</label>
      <thumb fallback="special://skin/backgrounds/Weather.jpg">$INFO[Skin.String(Weather.Background)]</thumb>
      <onclick>ActivateWindow(Weather)</onclick>
    </item>
    <item id="10" description="Settings">
      <visible>!Skin.HasSetting(QuitMenu_Show_Settings)</visible>
	  <label>$LOCALIZE[5]</label>
      <thumb fallback="special://skin/backgrounds/Settings.jpg">$INFO[Skin.String(Settings.Background)]</thumb>
      <onclick>ActivateWindow(Settings)</onclick>
    </item>
    <item id="11" description="Quit">
      <visible>!Skin.HasSetting(Quit.Hide)</visible>
      <label fallback="13009">$VAR[QuitLabel2]</label>
      <thumb fallback="special://skin/backgrounds/Quit.jpg">$INFO[Skin.String(Quit.Background)]</thumb>
      <onclick>$VAR[QuitAction]</onclick>
    </item>
  </include>
  <include name="Home.Submenu.Items">
    <item id="0" description="Update Library">
      <visible>!Skin.HasSetting(Hide.LibraryUpdate.Button)</visible>
      <visible>Container(300).HasFocus(3) | Container(300).HasFocus(4) | Container(300).HasFocus(5) | Container(300).HasFocus(13) | Container(300).HasFocus(14)</visible>
      <label>$LOCALIZE[653]</label>
      <onclick>UpdateLibrary(video)</onclick>
    </item>
    <item id="0" description="Update Library">
      <visible>!Skin.HasSetting(Hide.LibraryUpdate.Button)</visible>
      <visible>Container(300).HasFocus(6)</visible>
      <label>$LOCALIZE[653]</label>
      <onclick>UpdateLibrary(music)</onclick>
    </item>
    <item id="1" description="DVD eject">
      <visible>Container(300).HasFocus(8)</visible>
      <label>$LOCALIZE[13391]</label>
      <onclick>EjectTray()</onclick>
    </item>
    <item id="2" description="Program apps">
      <visible>Container(300).HasFocus(2) + !Skin.HasSetting(Addons2)</visible>
      <label>$LOCALIZE[0]</label>
      <onclick>XBMC.ActivateWindow(Programs,Addons,return)</onclick>
    </item>
    <item id="3" description="Video apps">
      <visible>Container(300).HasFocus(2) + !Skin.HasSetting(Addons4)</visible>
      <label>$LOCALIZE[157]</label>
      <onclick>ActivateWindow(VideoLibrary,Addons,return)</onclick>
    </item>
    <item id="4" description="Music apps">
      <visible>Container(300).HasFocus(2) + !Skin.HasSetting(Addons5)</visible>
      <label>$LOCALIZE[2]</label>
      <onclick condition="Library.HasContent(Music)">ActivateWindow(MusicLibrary,Addons,return)</onclick>
      <onclick condition="!Library.HasContent(Music)">ActivateWindow(MusicFiles,Addons,return)</onclick>
    </item>
    <item id="5" description="Picture apps">
      <visible>Container(300).HasFocus(2) + !Skin.HasSetting(Addons3)</visible>
      <label>$LOCALIZE[1]</label>
      <onclick>XBMC.ActivateWindow(Pictures,Addons,return)</onclick>
    </item>
    <item id="6" description="MyTV">
      <visible>Container(300).HasFocus(5)</visible>
      <label>$LOCALIZE[136]</label>
      <onclick>ActivateWindow(Videos,playlists,return)</onclick>
    </item>
    <item id="7" description="RA TV">
      <visible>Container(300).HasFocus(5)</visible>
      <label>$LOCALIZE[575]</label>
      <onclick>ActivateWindow(Videos,"library://video/inprogressshows.xml/",return)</onclick>
    </item>
    <item id="8" description="RA TV">
      <visible>Container(300).HasFocus(5)</visible>
      <label>$LOCALIZE[31020]</label>
      <onclick>ActivateWindow(VideoLibrary,RecentlyAddedEpisodes,return)</onclick>
    </item>
    <item id="9" description="Library">
      <visible>Container(300).HasFocus(5)</visible>
      <label>$LOCALIZE[1024]</label>
      <onclick>ActivateWindow(Videolibrary,root)</onclick>
    </item>
    <item id="10" description="Search">
      <visible>Container(300).HasFocus(5)</visible>
      <label>$LOCALIZE[137]</label>
      <onclick>ActivateWindow(VideoLibrary)</onclick>
      <onclick>SendClick(8)</onclick>
    </item>
    <item id="11" description="MyMovies">
      <visible>Container(300).HasFocus(4) + !Skin.HasSetting(Movies1)</visible>
      <label>$LOCALIZE[136]</label>
      <onclick>ActivateWindow(Videos,playlists,return)</onclick>
    </item>
    <item id="11" description="MyMovies">
      <visible>Container(300).HasFocus(4) + !Skin.HasSetting(Movies1)</visible>
      <label>$LOCALIZE[135]</label>
      <onclick>ActivateWindow(Videos,Moviegenres,return)</onclick>
    </item>
    <item id="12" description="RA Movies">
      <visible>Container(300).HasFocus(4) + !Skin.HasSetting(Movies2)</visible>
      <label>$LOCALIZE[20434]</label>
      <onclick>ActivateWindow(Videos,Moviesets,return)</onclick>
    </item>
    <item id="13" description="RA Movies">
      <visible>Container(300).HasFocus(4) + !Skin.HasSetting(Movies2)</visible>
      <label>$LOCALIZE[31020]</label>
      <onclick>ActivateWindow(Videos,RecentlyAddedMovies,return)</onclick>
    </item>
    <item id="14" description="RA Movies">
      <visible>Container(300).HasFocus(4) + !Skin.HasSetting(Movies2)</visible>
      <label>$LOCALIZE[20459]</label>
      <onclick>ActivateWindow(Videos,MovieTags,return)</onclick>
    </item>
    <item id="15" description="Library">
      <visible>Container(300).HasFocus(4) + !Skin.HasSetting(Movies4)</visible>
      <label>$LOCALIZE[14022]</label>
      <onclick>ActivateWindow(Videolibrary,root)</onclick>
    </item>
    <item id="16" description="Search">
      <visible>Container(300).HasFocus(4) + !Skin.HasSetting(Movies5)</visible>
      <label>$LOCALIZE[137]</label>
      <onclick>ActivateWindow(VideoLibrary)</onclick>
      <onclick>SendClick(8)</onclick>
    </item>
    <item id="17" description="Videos">
      <visible>Container(300).HasFocus(3)</visible>
      <label>$LOCALIZE[136]</label>
      <onclick>ActivateWindow(Videos,playlists,return)</onclick>
    </item>
    <item id="18" description="Music Videos">
      <visible>Container(300).HasFocus(3) + Library.HasContent(MusicVideos)</visible>
      <label>$LOCALIZE[31971]</label>
      <onclick>ActivateWindow(Videos,MusicVideoTitles,return)</onclick>
    </item>
    <item id="19" description="Files Videos">
      <visible>Container(300).HasFocus(3) + !Skin.HasSetting(Movies4)</visible>
      <label>$LOCALIZE[744]</label>
      <onclick>ActivateWindow(Videos,files,return)</onclick>
    </item>
    <item id="20" description="Search">
      <visible>Container(300).HasFocus(3) + !Skin.HasSetting(Movies5)</visible>
      <label>$LOCALIZE[137]</label>
      <onclick>ActivateWindow(VideoLibrary)</onclick>
      <onclick>SendClick(8)</onclick>
    </item>
    <item id="21" description="Music Videos">
      <visible>Container(300).HasFocus(6) + !Skin.HasSetting(Music2) + Library.HasContent(Music)</visible>
      <label>$LOCALIZE[132]</label>
      <onclick>ActivateWindow(MusicLibrary,Albums)</onclick>
    </item>
    <item id="22" description="Artists">
      <visible>Container(300).HasFocus(6) + !Skin.HasSetting(Music1) + Library.HasContent(Music)</visible>
      <label>$LOCALIZE[133]</label>
      <onclick>ActivateWindow(MusicLibrary,Artists)</onclick>
    </item>
    <item id="23" description="Top 100">
      <visible>Container(300).HasFocus(6) + !Skin.HasSetting(Music1) + Library.HasContent(Music)</visible>
      <label>$LOCALIZE[271]</label>
      <onclick>ActivateWindow(MusicLibrary,top100,return)</onclick>
    </item>
    <item id="23" description="Music Videos">
      <visible>Container(300).HasFocus(6) + Library.HasContent(MusicVideos)</visible>
      <label>$LOCALIZE[31972]</label>
      <onclick condition="Library.HasContent(music)">ActivateWindow(10501,"videodb://3/")</onclick>
      <onclick condition="!Library.HasContent(music)">ActivateWindow(10502,"videodb://3/")</onclick>
    </item>
    <item id="24" description="Recently added">
      <visible>Container(300).HasFocus(6) + !Skin.HasSetting(Music1) + Library.HasContent(Music)</visible>
      <label>$LOCALIZE[31020]</label>
      <onclick>ActivateWindow(MusicLibrary,recentlyaddedalbums,return)</onclick>
    </item>
    <item id="25" description="Files">
      <visible>Container(300).HasFocus(6) + !Skin.HasSetting(Music4)</visible>
      <label>$LOCALIZE[744]</label>
      <onclick>ActivateWindow(MusicFiles,root)</onclick>
    </item>
    <item id="26" description="Search">
      <visible>Container(300).HasFocus(6) + !Skin.HasSetting(Music5) + Library.HasContent(Music)</visible>
      <label>$LOCALIZE[137]</label>
      <onclick>ActivateWindow(MusicLibrary,root)</onclick>
      <onclick>SendClick(8)</onclick>
    </item>
    <item id="27" description="Master mode button">
      <visible>Container(300).HasFocus(8)</visible>
      <visible>System.HasLocks + System.IsMaster</visible>
      <label>$LOCALIZE[12332]</label>
      <onclick>xbmc.mastermode</onclick>
    </item>
    <item id="28" description="Master mode button">
      <visible>Container(300).HasFocus(8)</visible>
      <visible>System.HasLocks + !System.IsMaster</visible>
      <label>$LOCALIZE[12333]</label>
      <onclick>xbmc.mastermode</onclick>
    </item>
    <item id="29" description="Concerts artists">
      <visible>Container(300).HasFocus(14)</visible>
      <label>$LOCALIZE[133]</label>
      <onclick>ActivateWindow(Videos,MusicVideoArtists,return)</onclick>
    </item>
    <item id="29" description="Recent concerts">
      <visible>Container(300).HasFocus(14)</visible>
      <label>$LOCALIZE[31020]</label>
      <onclick>ActivateWindow(Videos,RecentlyAddedMusicVideos,return)</onclick>
    </item>
    <item id="29" description="Concerts genres">
      <visible>Container(300).HasFocus(14)</visible>
      <label>$LOCALIZE[135]</label>
      <onclick>ActivateWindow(Videos,MusicVideoGenres,return)</onclick>
    </item>
    <item id="30" description="Clips albums">
      <visible>Container(300).HasFocus(13)</visible>
      <label>$LOCALIZE[132]</label>
      <onclick condition="Library.HasContent(music)">ActivateWindow(10501,"videodb://3/5")</onclick>
      <onclick condition="!Library.HasContent(music)">ActivateWindow(10502,"videodb://3/5")</onclick>
    </item>
    <item id="30" description="Clips artists">
      <visible>Container(300).HasFocus(13)</visible>
      <label>$LOCALIZE[133]</label>
      <onclick condition="Library.HasContent(music)">ActivateWindow(10501,"videodb://3/4")</onclick>
      <onclick condition="!Library.HasContent(music)">ActivateWindow(10502,"videodb://3/4")</onclick>
    </item>
    <item id="30" description="Clips genres">
      <visible>Container(300).HasFocus(13)</visible>
      <label>$LOCALIZE[135]</label>
      <onclick condition="Library.HasContent(music)">ActivateWindow(10501,"videodb://3/1")</onclick>
      <onclick condition="!Library.HasContent(music)">ActivateWindow(10502,"videodb://3/1")</onclick>
    </item>
    <item id="50" description="Reload skin">
      <visible>Container(300).HasFocus(10)</visible>
      <label>$LOCALIZE[20183]</label>
      <onclick>XBMC.ReloadSkin()</onclick>
    </item>
	<item id="51" description="xunity_tv">
      <visible>Container(300).HasFocus(30) + !Skin.HasSetting(xunity.tv)</visible>
      <label>Tv Shows</label>
      <onclick>ActivateWindow(videofiles,plugin://script.icechannel/?indexer=tv_shows&section=main&title=TV%20Shows&mode=indexer,return)</onclick>
    </item>
	<item id="52" description="xunity_tv_search">
      <visible>Container(300).HasFocus(30) + !Skin.HasSetting(xunity.tvsearch)</visible>
      <label>Tv Search</label>
	  <onclick>ActivateWindow(videofiles,plugin://script.icechannel/?indexer=tv_shows&mode=search,return)</onclick>
	  <onclick condition="!Skin.HasSetting(xunity_tv_search)">Container.Update(plugin://script.icechannel/?indexer=tv_shows&mode=search,replace)</onclick>
	  <onclick>Skin.ToggleSetting(xunity_tv_search)</onclick>
    </item>
	<item id="53" description="xunity_movie">
      <visible>Container(300).HasFocus(30) + !Skin.HasSetting(xunity.movies)</visible>
      <label>Movies</label>
      <onclick>ActivateWindow(videofiles,plugin://script.icechannel/?indexer=movies&section=main&title=Movies&mode=indexer,return)</onclick>
	  <onclick>Container.Update(plugin://script.icechannel/?indexer=movies&mode=indexer&section=main&title=Movies)</onclick>
    </item>
	<item id="54" description="xunity_movie_search">
      <visible>Container(300).HasFocus(30) + !Skin.HasSetting(xunity.moviesearch)</visible>
      <label>Movie Search</label>
      <onclick>ActivateWindow(videofiles,plugin://script.icechannel/?indexer=movies&mode=search,return)</onclick>
	  <onclick condition="!Skin.HasSetting(xunity_movie_search)">Container.Update(plugin://script.icechannel/?indexer=movies&mode=search,replace)</onclick>
	  <onclick>Skin.ToggleSetting(xunity_movie_search)</onclick>
    </item>
	<item id="55" description="Lists & Favs">
      <visible>Container(300).HasFocus(30) + !Skin.HasSetting(xunity.favs)</visible>
      <label>iWatch</label>
      <onclick>ActivateWindow(videofiles,plugin://script.icechannel?section=main&mode=indexer&indexer=lists&title=iWatch,return)</onclick>
    </item>
	<item id="56" description="Bookmarks">
      <visible>Container(300).HasFocus(30) + !Skin.HasSetting(xunity.book)</visible>
      <label>Bookmarks</label>
      <onclick>ActivateWindow(videofiles,plugin://script.icechannel?indexer_id=Bookmarks&section=main&mode=section&indexer=lists&title=Bookmarks,return)</onclick>
    </item>
	<item id="57" description="Settings">
      <visible>Container(300).HasFocus(30) + !Skin.HasSetting(xunity.settings)</visible>
      <label>Settings</label>
      <onclick>ActivateWindow(videofiles,plugin://script.icechannel/?mode=settings,return)</onclick>
    </item>
	<item id="58" description="Youtube Search">
      <visible>Container(300).HasFocus(31) + !Skin.HasSetting(karaoke.youtube)</visible>
      <label>Youtube Search</label>
      <onclick>ActivateWindow(videofiles,plugin://plugin.video.MikeysKaraoke/?url=url&mode=3,return)</onclick>
	  <onclick condition="!Skin.HasSetting(youtube_search)">Container.Update(plugin://plugin.video.MikeysKaraoke/?url=url&mode=3,replace)</onclick>
	  <onclick>Skin.ToggleSetting(youtube_search)</onclick>
    </item>
	<item id="59" description="Sunfly Search">
      <visible>Container(300).HasFocus(31) + !Skin.HasSetting(karaoke.sunfly)</visible>
      <label>Sunfly Search</label>
      <onclick>ActivateWindow(videofiles,plugin://plugin.video.MikeysKaraoke/?url=url&mode=16,return)</onclick>
	  <onclick condition="!Skin.HasSetting(sunfly_search)">Container.Update(plugin://plugin.video.MikeysKaraoke/?url=url&mode=16,replace)</onclick>
	  <onclick>Skin.ToggleSetting(sunfly_search)</onclick>
    </item>
	<item id="60" description="Sf number search">
      <visible>Container(300).HasFocus(31) + !Skin.HasSetting(karaoke.number)</visible>
      <label>SF number Search</label>
      <onclick>ActivateWindow(videofiles,plugin://plugin.video.MikeysKaraoke/?url=url&mode=25,return)</onclick>
	  <onclick condition="!Skin.HasSetting(sfnumber_search)">Container.Update(plugin://plugin.video.MikeysKaraoke/?url=url&mode=25,replace)</onclick>
	  <onclick>Skin.ToggleSetting(sfnumber_search)</onclick>
    </item>
	<item id="61" description="Browse by Artist">
      <visible>Container(300).HasFocus(31) + !Skin.HasSetting(karaoke.artist)</visible>
      <label>Browse by Artist</label>
      <onclick>ActivateWindow(videofiles,plugin://plugin.video.MikeysKaraoke/?url=http://www.sunflykaraoke.com&mode=1&fanart=None&number=23,return)</onclick>
    </item>
	<item id="62" description="Browse by Track">
      <visible>Container(300).HasFocus(31) + !Skin.HasSetting(karaoke.track)</visible>
      <label>Browse by Track</label>
      <onclick>ActivateWindow(videofiles,plugin://plugin.video.MikeysKaraoke/?url=http://www.sunflykaraoke.com&mode=1&fanart=None&number=24,return)</onclick>
    </item>
	<item id="63" description="Browse by Genre">
      <visible>Container(300).HasFocus(31) + !Skin.HasSetting(karaoke.genre)</visible>
      <label>Browse by Genre</label>
      <onclick>ActivateWindow(videofiles,plugin://plugin.video.MikeysKaraoke/?url=http://www.sunflykaraoke.com&mode=32,return)</onclick>
    </item>
	<item id="64" description="Current Playlist">
      <visible>Container(300).HasFocus(31) + !Skin.HasSetting(karaoke.playlist)</visible>
      <label>Current Playlist</label>
      <onclick>ReplaceWindow(10028)</onclick>
    </item>
	<item id="65" description="My Saved Playlist">
      <visible>Container(300).HasFocus(31) + !Skin.HasSetting(karaoke.saved.playlist)</visible>
      <label>My Saved Playlist</label>
      <onclick>ActivateWindow(videofiles,plugin://plugin.video.MikeysKaraoke/?url=http://www.sunflykaraoke.com&mode=32,return)</onclick>
    </item>
    <include condition="System.HasAddon(plugin.video.plexbmc)">Plexbmc.Submenu.Items</include>
  </include>
  <include name="Library_Count">
    <control type="group" description="Library stats">
      <animation effect="slide" tween="cubic" easing="inout" start="0,0" end="0,120" time="240" condition="![[[Container(300).HasFocus(13) | Container(300).HasFocus(14)] + Library.HasContent(MusicVideos)] | Container(300).HasFocus(4) | Container(300).HasFocus(5) | [Container(300).HasFocus(6) + Library.HasContent(music)]]">Conditional</animation>
      <control type="image">
        <posx>540r</posx>
        <posy>990</posy>
        <width>570</width>
        <height>90</height>
        <texture border="100,0,0,0">common/TimePanel.png</texture>
      </control>
      <control type="label">
        <posx>40r</posx>
        <posy>1033</posy>
        <height>50</height>
        <width>500</width>
        <font>ListDetails</font>
        <align>right</align>
        <label>$VAR[LibraryStats]</label>
        <shadowcolor>ShadowDark</shadowcolor>
      </control>
    </control>
  </include>
</includes>
