<window>
  <onload condition="Skin.HasSetting(Use_Artist_Slideshow) + system.hasaddon(script.artistslideshow)">RunScript(script.artistslideshow)</onload>
  <controls>
    <control type="group">
      <control type="visualisation" id="2" description="Visualisation">
        <posx>0</posx>
        <posy>0</posy>
        <width>1920</width>
        <height>1080</height>
      </control>
      <control type="progress" id="23" description="Progress Bar">
        <visible>true</visible>
        <posx>-2000</posx>
        <posy>-1500</posy>
        <width>747</width>
        <info>Player.Progress</info>
        <visible>true</visible>
      </control>
      <control type="multiimage" description="Slideshow">
        <visible>Skin.HasSetting(MusicPlayingFanart) + !IsEmpty(Window(Visualisation).Property(ArtistSlideshow))</visible>
        <include>Dimensions_Fullscreen</include>
        <imagepath background="true">$INFO[Window(Visualisation).Property(ArtistSlideshow)]</imagepath>
        <aspectratio aligny="top">scale</aspectratio>
        <timeperimage>14000</timeperimage>
        <fadetime>10000</fadetime>
        <randomize>true</randomize>
        <animation effect="fade" start="0" end="70" time="300">Visible</animation>
        <animation effect="fade" start="70" end="0" time="200">Hidden</animation>
        <animation type="Conditional" condition="true">
          <effect type="fade" start="0" end="70" time="0" />
        </animation>
      </control>
      <control type="image" description="Fanart only">
        <visible>Skin.HasSetting(MusicPlayingFanart) + IsEmpty(Window(Visualisation).Property(ArtistSlideshow))</visible>
        <include>Dimensions_Fullscreen</include>
        <fadetime>400</fadetime>
        <aspectratio>scale</aspectratio>
        <texture background="true">$INFO[MusicPlayer.Property(Fanart_Image)]</texture>
        <animation effect="fade" start="0" end="80" time="300">Visible</animation>
        <animation effect="fade" start="80" end="0" time="200">Hidden</animation>
        <animation type="Conditional" condition="true">
          <effect type="fade" start="0" end="80" time="0" />
        </animation>
      </control>
      <control type="image" description="Info BG">
        <visible>Skin.HasSetting(MusicPlayingFanart)</visible>
		<posx>0</posx>
        <posy>270</posy>
        <width>1920</width>
        <height>810</height>
        <fadetime>400</fadetime>
        <aspectratio>stretch</aspectratio>
        <texture>img/DefaultGradient.png</texture>
        <animation effect="fade" time="300">Visible</animation>
        <animation effect="fade" time="200">Hidden</animation>
      </control>
      <control type="group" description="INFO grouped for visibility sake">
        <visible>[Player.ShowInfo | Window.IsActive(MusicOSD) | !Visualisation.Enabled] + ![Window.IsVisible(AddonSettings) | Window.IsVisible(SelectDialog) | Window.IsVisible(VisualisationPresetList)]</visible>
        <animation effect="fade" time="500">Visible</animation>
        <animation effect="fade" time="200">Hidden</animation>
        <control type="group" description="Info panel LEFT">
          <animation condition="Window.IsActive(MusicOSD.xml)" effect="slide" start="0,0" end="0,-105" time="400">Conditional</animation>
          <posy>165</posy>
          <animation type="Conditional" condition="!IntegerGreaterThan(Control.GetLabel(23),0)" reversible="false">
            <effect type="zoom" tween="quadratic" start="0" end="100" time="800" center="640,360" />
            <effect type="fade" start="0" end="100" time="800" center="640,360" />
          </animation>
          <animation type="Conditional" condition="StringCompare(Control.GetLabel(23),100)" reversible="false">
            <effect type="zoom" tween="quadratic" easing="in" start="100" end="260" time="300" center="640,360" />
            <effect type="fade" start="100" end="0" easing="out" time="300" />
          </animation>
          <animation type="Conditional" condition="IntegerGreaterThan(Control.GetLabel(23),30) + !IntegerGreaterThan(Control.GetLabel(23),60)" reversible="false">
            <effect type="rotatey" tween="quadratic" start="0" end="180" time="1000" center="960,540" />
            <effect type="fade" start="100" end="0" time="400" center="640,360" />
          </animation>
          <animation type="Conditional" condition="![IntegerGreaterThan(Control.GetLabel(23),30) + !IntegerGreaterThan(Control.GetLabel(23),60)]" reversible="false">
            <effect type="rotatey" tween="quadratic" start="180" end="0" time="1000" center="960,540" />
            <effect type="fade" start="0" end="100" delay="300" time="700" center="640,360" />
          </animation>
          <control type="group" description="Music Cover group">
            <posy>375</posy>
            <posx>150</posx>
            <control type="image" description="MusicAlbum">
              <posx>0</posx>
              <posy>0</posy>
              <height>450</height>
              <width>450</width>
              <fadetime>300</fadetime>
              <bordersize>-24</bordersize>
              <texture>thumbs/SquareBG_NF.png</texture>
            </control>
            <control type="image" description="MusicAlbum">
              <posx>0</posx>
              <posy>0</posy>
              <height>450</height>
              <width>450</width>
              <fadetime>300</fadetime>
              <aspectratio scalediffuse="true" aligny="bottom">scale</aspectratio>
              <texture diffuse="thumbs/SquareDiffuse.png" fallback="DefaultMusic.png">$INFO[MusicPlayer.Cover]</texture>
            </control>
            <control type="image" description="MusicAlbum">
              <posx>452</posx>
              <posy>-9</posy>
              <height>300</height>
              <width>40</width>
              <texture>img/NowPlayingArrow.png</texture>
            </control>
          </control>
          <control type="group" description="Left Labels">
            <posx>654</posx>
            <control type="label" description="Title label">
              <posx>0</posx>
              <posy>495</posy>
              <width>900</width>
              <scroll>true</scroll>
              <align>left</align>
              <font>MainLabelBigTitle</font>
              <textcolor>White2</textcolor>
              <shadowcolor>ShadowDark</shadowcolor>
              <animation effect="fade" time="200">VisibleChange</animation>
              <label>$INFO[MusicPlayer.Title]</label>
            </control>
            <control type="label" description="Artist">
              <posx>0</posx>
              <posy>585</posy>
              <width>900</width>
              <label>$INFO[MusicPlayer.Artist]</label>
              <scroll>true</scroll>
              <align>left</align>
              <font>MainLabelBig</font>
              <textcolor>White</textcolor>
              <shadowcolor>ShadowDark</shadowcolor>
            </control>
            <control type="label" description="Album">
              <posy>636</posy>
              <width>900</width>
              <label>$INFO[MusicPlayer.Album]</label>
              <align>left</align>
              <font>MainLabelBig</font>
              <textcolor>White</textcolor>
              <shadowcolor>ShadowDark</shadowcolor>
            </control>
            <control type="label" description="Track position">
              <posx>0</posx>
              <posy>702</posy>
              <width>900</width>
              <align>left</align>
              <textcolor>Grey</textcolor>
              <shadowcolor>Shadow</shadowcolor>
              <animation effect="fade" time="200">VisibleChange</animation>
              <label>$INFO[MusicPlayer.PlaylistPosition] / $INFO[MusicPlayer.PlaylistLength]</label>
              <font>Year</font>
            </control>
            <control type="label">
              <posx>0</posx>
              <posy>780</posy>
              <height>30</height>
              <width>500</width>
              <align>left</align>
              <font>Volume</font>
              <label>$INFO[MusicPlayer.TimeSpeed] . $INFO[MusicPlayer.Duration]</label>
              <textcolor>Grey2</textcolor>
            </control>
            <control type="group">
              <posy>756</posy>
              <control type="label">
                <posx>777</posx>
                <posy>45</posy>
                <height>30</height>
                <width>135</width>
                <align>left</align>
                <label>$INFO[Control.GetLabel(23)]</label>
                <font>Details</font>
                <textcolor>Red</textcolor>
                <visible>Skin.HasSetting(DebugInfo)</visible>
              </control>
            </control>
          </control>
        </control>
        <control type="group" description="Info panel RIGHT">
          <animation condition="Window.IsActive(MusicOSD.xml)" effect="slide" start="0,0" end="0,-105" time="400">Conditional</animation>
          <posy>165</posy>
          <visible>IntegerGreaterThan(Control.GetLabel(23),30) + !IntegerGreaterThan(Control.GetLabel(23),60)</visible>
          <animation type="Visible">
            <effect type="rotatey" tween="quadratic" start="-180" end="0" time="1000" center="960," />
            <effect type="fade" start="0" end="100" delay="300" time="700" center="640,360" />
          </animation>
          <animation type="Hidden">
            <effect type="rotatey" tween="quadratic" start="0" end="-180" time="1000" center="960," />
            <effect type="fade" start="100" end="0" time="400" center="640,360" />
          </animation>
          <control type="group" description="Music Cover group">
            <posy>375</posy>
            <posx>1320</posx>
            <control type="image" description="MusicAlbum">
              <posx>0</posx>
              <posy>0</posy>
              <height>450</height>
              <width>450</width>
              <fadetime>300</fadetime>
              <bordersize>-24</bordersize>
              <texture>thumbs/SquareBG_NF.png</texture>
            </control>
            <control type="image" description="MusicAlbum">
              <posx>0</posx>
              <posy>0</posy>
              <height>450</height>
              <width>450</width>
              <fadetime>300</fadetime>
              <aspectratio scalediffuse="true" aligny="bottom">scale</aspectratio>
              <texture diffuse="thumbs/SquareDiffuse.png" fallback="DefaultMusic.png">$INFO[MusicPlayer.Cover]</texture>
            </control>
            <control type="image" description="MusicAlbum">
              <posx>-42</posx>
              <posy>-9</posy>
              <height>300</height>
              <width>40</width>
              <texture flipx="true">img/NowPlayingArrow.png</texture>
            </control>
          </control>
          <control type="group" description="Right Labels">
            <posx>1251</posx>
            <control type="label" description="Title label">
              <posx>0</posx>
              <posy>495</posy>
              <width>900</width>
              <scroll>true</scroll>
              <align>right</align>
              <font>MainLabelBigTitle</font>
              <textcolor>White2</textcolor>
              <shadowcolor>ShadowDark</shadowcolor>
              <animation effect="fade" time="200">VisibleChange</animation>
              <label>$INFO[MusicPlayer.Title]</label>
            </control>
            <control type="label" description="Artist">
              <posx>0</posx>
              <posy>585</posy>
              <width>900</width>
              <label>$INFO[MusicPlayer.Artist]</label>
              <scroll>true</scroll>
              <align>right</align>
              <font>MainLabelBig</font>
              <textcolor>White</textcolor>
              <shadowcolor>ShadowDark</shadowcolor>
            </control>
            <control type="label" description="Album">
              <posy>636</posy>
              <width>900</width>
              <label>$INFO[MusicPlayer.Album]</label>
              <align>right</align>
              <font>MainLabelBig</font>
              <textcolor>White2</textcolor>
              <shadowcolor>ShadowDark</shadowcolor>
            </control>
            <control type="label" description="Track position">
              <posx>0</posx>
              <posy>702</posy>
              <width>900</width>
              <align>right</align>
              <textcolor>Grey</textcolor>
              <shadowcolor>Shadow</shadowcolor>
              <animation effect="fade" time="200">VisibleChange</animation>
              <label>$INFO[MusicPlayer.PlaylistPosition] / $INFO[MusicPlayer.PlaylistLength]</label>
              <font>Year</font>
            </control>
            <control type="label">
              <posx>0</posx>
              <posy>780</posy>
              <height>30</height>
              <width>500</width>
              <align>right</align>
              <font>Volume</font>
              <label>$INFO[MusicPlayer.TimeSpeed] . $INFO[MusicPlayer.Duration]</label>
              <textcolor>Grey2</textcolor>
            </control>
          </control>
          <control type="group">
            <posy>756</posy>
            <control type="label">
              <posx>777</posx>
              <posy>45</posy>
              <height>30</height>
              <width>135</width>
              <align>left</align>
              <label>$INFO[Control.GetLabel(23)]</label>
              <font>Details</font>
              <textcolor>Red</textcolor>
              <visible>Skin.HasSetting(DebugInfo)</visible>
            </control>
          </control>
        </control>
      </control>
    </control>
    <control type="group" id="0">
      <posx>0</posx>
      <posy>0</posy>
      <visible>Player.ShowCodec</visible>
      <animation effect="fade" time="200">VisibleChange</animation>
      <control type="image" description="Info Background">
        <posx>0</posx>
        <posy>0</posy>
        <width>1920</width>
        <height>60</height>
        <texture>img/BlackDotST2.png</texture>
      </control>
      <control type="label" description="row 1 sys label">
        <posx>45</posx>
        <posy>0</posy>
        <width>1770</width>
        <height>60</height>
        <align>left</align>
        <aligny>center</aligny>
        <font>Details</font>
        <label>[UPPERCASE]$INFO[musicplayer.Codec][/UPPERCASE] $INFO[musicplayer.Bitrate, @ ,kbps]$INFO[musicplayer.bitspersample, · ,bit]$INFO[musicplayer.Samplerate, · ,kHz]$INFO[musicplayer.Channels, · , $LOCALIZE[21444]]</label>
      </control>
      <control type="label" description="row 2 sys label">
        <posx>1875</posx>
        <posy>0</posy>
        <width>1770</width>
        <height>60</height>
        <align>right</align>
        <aligny>center</aligny>
        <font>Details</font>
        <label>$INFO[Visualisation.Preset,, @ ]$INFO[Visualisation.Name]</label>
      </control>
    </control>
    <control type="group">
      <posy>1020</posy>
      <visible>IntegerGreaterThan(Control.GetLabel(23),95) | !IntegerGreaterThan(Control.GetLabel(23),5)</visible>
      <animation effect="fade" time="800">VisibleChange</animation>
      <animation condition="Window.IsActive(MusicOSD.xml)" effect="slide" start="0,0" end="0,-105" time="400">Conditional</animation>
      <control type="label" description="Previous">
        <posx>30</posx>
        <height>36</height>
        <width>750</width>
        <align>left</align>
        <scroll>false</scroll>
        <scrollout>false</scrollout>
        <scrollspeed>200</scrollspeed>
        <pauseatend>5000</pauseatend>
        <label>$INFO[MusicPlayer.offset(-1).Title,[COLOR=Grey]$LOCALIZE[210]: [/COLOR]]</label>
        <font>Details</font>
        <textoffsetx>20</textoffsetx>
        <textcolor>Grey3</textcolor>
        <shadowcolor>Black</shadowcolor>
      </control>
      <control type="label" description="Next">
        <posx>1890</posx>
        <height>36</height>
        <width>750</width>
        <align>right</align>
        <scroll>false</scroll>
        <scrollout>false</scrollout>
        <scrollspeed>200</scrollspeed>
        <pauseatend>5000</pauseatend>
        <label>$INFO[MusicPlayer.offset(1).Title,[COLOR=Grey]$LOCALIZE[209]: [/COLOR]]</label>
        <font>Details</font>
        <textoffsetx>20</textoffsetx>
        <textcolor>Grey3</textcolor>
        <shadowcolor>Black</shadowcolor>
      </control>
    </control>
  </controls>
</window>