<window>
  <defaultcontrol always="true">9002</defaultcontrol>
  <include>OpenClose</include>
  <controls>
    <control type="group">
      <include>MiniBackground</include>
      <control type="image">
        <posx>36</posx>
        <posy>35</posy>
        <width>1849</width>
        <height>1010</height>
        <texture flipx="true">dialogs/SettingsBG.png</texture>
      </control>
      <control type="label" id="2" description="Header label">
        <posx>65</posx>
        <posy>90</posy>
        <width>1402</width>
        <label>$LOCALIZE[21432]</label>
        <align>center</align>
        <aligny>center</aligny>
        <textcolor>Orange</textcolor>
        <visible>!Container(9000).Hasfocus(5)</visible>
      </control>
      <control type="grouplist" id="9001" description="Add remove edit">
        <posx>1533</posx>
        <posy>400</posy>
        <width>324</width>
        <height>240</height>
        <onleft>9000</onleft>
        <onright>60</onright>
        <onup>noop</onup>
        <ondown>9002</ondown>
        <itemgap>0</itemgap>
        <scrolltime>200</scrolltime>
        <control type="button" id="13">
          <posx>0</posx>
          <posy>0</posy>
          <width>330</width>
          <height>60</height>
          <label>$LOCALIZE[15019]</label>
        </control>
        <control type="button" id="14">
          <posx>0</posx>
          <posy>0</posy>
          <width>330</width>
          <height>60</height>
          <label>$LOCALIZE[1210]</label>
        </control>
        <control type="button" id="15">
          <posx>0</posx>
          <posy>0</posy>
          <width>330</width>
          <height>60</height>
          <label>$LOCALIZE[21435]</label>
        </control>
      </control>
      <control type="grouplist" id="9002" description="Ok cancel">
        <posx>1533</posx>
        <posy>840</posy>
        <width>324</width>
        <height>240</height>
        <onleft>9000</onleft>
        <onright>60</onright>
        <onup>9001</onup>
        <ondown>noop</ondown>
        <itemgap>0</itemgap>
        <scrolltime>200</scrolltime>
        <control type="button" id="20">
          <posx>0</posx>
          <posy>0</posy>
          <width>330</width>
          <height>60</height>
          <label>$LOCALIZE[186]</label>
        </control>
        <control type="button" id="21">
          <posx>0</posx>
          <posy>0</posy>
          <width>330</width>
          <height>60</height>
          <label>$LOCALIZE[222]</label>
        </control>
      </control>
      <control type="group" id="9000">
        <posx>65</posx>
        <control type="spincontrolex" id="22" description="Set Playlist type">
          <posy>180</posy>
          <width>1467</width>
          <label>$LOCALIZE[467]</label>
          <textoffsetx>30</textoffsetx>
          <reverse>yes</reverse>
          <onright>9002</onright>
          <onup>19</onup>
          <ondown>12</ondown>
        </control>
        <control type="edit" id="12" description="Name Button">
          <posy>240</posy>
          <width>1467</width>
          <hinttext>21433</hinttext>
          <textoffsetx>30</textoffsetx>
          <onleft>9002</onleft>
          <onright>9002</onright>
          <onup>22</onup>
          <ondown>10</ondown>
        </control>
        <control type="label">
          <posy>306</posy>
          <width>1467</width>
          <label>$LOCALIZE[21434]</label>
          <textoffsetx>30</textoffsetx>
          <align>center</align>
        </control>
        <control type="image">
          <posx>19</posx>
          <posy>380</posy>
          <width>1422</width>
          <height>320</height>
          <texture border="15">dialogs/AddSourceTopFrame.png</texture>
        </control>
        <control type="panel" id="10" description="Rules List">
          <posx>30</posx>
          <posy>390</posy>
          <width>1400</width>
          <height>300</height>
          <onup>12</onup>
          <onleft>noop</onleft>
          <onright>9001</onright>
          <ondown>16</ondown>
          <itemlayout width="1400" height="60">
            <control type="image">
              <posx>0</posx>
              <posy>0</posy>
              <width>1400</width>
              <height>60</height>
              <texture border="3">list/ListNF.png</texture>
            </control>
            <control type="label">
              <posx>30</posx>
              <posy>0</posy>
              <width>1400</width>
              <height>60</height>
              <textoffsetx>30</textoffsetx>
              <info>ListItem.Label</info>
            </control>
          </itemlayout>
          <focusedlayout width="1400" height="60">
            <control type="image">
              <posx>0</posx>
              <posy>0</posy>
              <width>1400</width>
              <height>60</height>
              <texture border="3">list/ListNF.png</texture>
            </control>
            <control type="image">
              <posx>0</posx>
              <posy>0</posy>
              <width>1400</width>
              <height>60</height>
              <texture border="2">buttons/ButtonFO.png</texture>
            </control>
            <control type="label">
              <posx>30</posx>
              <posy>0</posy>
              <width>1400</width>
              <height>60</height>
              <textoffsetx>30</textoffsetx>
              <aligny>center</aligny>
              <info>ListItem.Label</info>
            </control>
          </focusedlayout>
        </control>
        <control type="spincontrolex" id="16" description="Items must match">
          <posy>720</posy>
          <width>1467</width>
          <label>$LOCALIZE[21424]</label>
          <textoffsetx>30</textoffsetx>
          <reverse>yes</reverse>
          <onleft>9002</onleft>
          <onright>9002</onright>
          <onup>10</onup>
          <ondown>17</ondown>
        </control>
        <control type="spincontrolex" id="17" description="Limit to">
          <posy>780</posy>
          <width>1467</width>
          <label>$LOCALIZE[21427]</label>
          <textoffsetx>30</textoffsetx>
          <reverse>yes</reverse>
          <onleft>9002</onleft>
          <onright>9002</onright>
          <onup>16</onup>
          <ondown>18</ondown>
        </control>
        <control type="spincontrolex" id="18" description="Order by">
          <posy>840</posy>
          <width>1467</width>
          <label>$LOCALIZE[21429]</label>
          <textoffsetx>30</textoffsetx>
          <reverse>yes</reverse>
          <onleft>9002</onleft>
          <onright>19</onright>
          <onup>17</onup>
          <ondown>19</ondown>
        </control>
        <control type="togglebutton" id="19" description="Ascending descending">
          <posy>900</posy>
          <width>1467</width>
          <height>60</height>
          <label>$LOCALIZE[21429]:  $LOCALIZE[21431]</label>
          <altlabel>$LOCALIZE[21429]:  $LOCALIZE[21430]</altlabel>
          <textoffsetx>30</textoffsetx>
          <onleft>18</onleft>
          <onright>9002</onright>
          <onup>18</onup>
          <ondown>22</ondown>
        </control>
      </control>
    </control>
  </controls>
</window>