<window>
  <defaultcontrol always="true">10</defaultcontrol>
  <allowoverlay>no</allowoverlay>
  <animation effect="fade" time="800">WindowOpen</animation>
  <animation effect="fade" time="200">WindowClose</animation>
  <controls>
    <control type="button" id="10">
      <include>HiddenButton</include>
      <onfocus>SetFocus(11)</onfocus>
    </control>
    <!-- Show home if skin widgets loading is finished -->
    <control type="button" id="11">
      <include>HiddenButton</include>
	  <onfocus condition="!System.HasAddon(service.skin.widgets) | Skin.HasSetting(Hide.RecentlyAdded) | Skin.HasSetting(plexbmc) | Skin.HasSetting(Use.FastStart)">SetFocus(12)</onfocus>
      <onfocus condition="![!System.HasAddon(service.skin.widgets) | Skin.HasSetting(Hide.RecentlyAdded) | Skin.HasSetting(plexbmc) | Skin.HasSetting(Use.FastStart)]">SetFocus(11)</onfocus>
      <visible>IsEmpty(Window(Home).Property(SkinWidgets_Running))</visible>
    </control>
    <control type="button" id="11">
      <include>HiddenButton</include>
      <onfocus>ReplaceWindow(Home)</onfocus>
      <visible>!IsEmpty(Window(Home).Property(SkinWidgets_Running))</visible>
    </control>
    <control type="button" id="12">
      <include>HiddenButton</include>
      <onfocus>ReplaceWindow(Home)</onfocus>
    </control>
	<include>Default_Art</include>
  </controls>
  <onload>Skin.SetString(sunfly_search,True)</onload>
  <onload>Skin.SetBool(sunfly_search,True)</onload>
  <onload>Skin.SetString(youtube_search,True)</onload>
  <onload>Skin.SetBool(youtube_search,True)</onload>
  <onload>Skin.SetString(xunity_tv_search,True)</onload>
  <onload>Skin.SetBool(xunity_tv_search,True)</onload>
  <onload>Skin.SetString(xunity_movie_search,True)</onload>
  <onload>Skin.SetBool(xunity_movie_search,True)</onload>
  <onload>Skin.SetString(sfnumber_search,True)</onload>
  <onload>Skin.SetBool(sfnumber_search,True)</onload>
</window>
