<includes>
  <include name="List52Label">
    <posx>15</posx>
    <posy>0</posy>
    <height>72</height>
    <width>820</width>
    <scroll>false</scroll>
    <font>Details</font>
    <aligny>center</aligny>
  </include>
  <include name="List52Label2">
    <posx>15</posx>
    <posy>42</posy>
    <height>72</height>
    <width>620</width>
    <font>52Label2</font>
    <aligny>center</aligny>
    <textcolor>Grey</textcolor>
  </include>
  <include name="List52_NF">
    <control type="image">
      <posx>0</posx>
      <posy>0</posy>
      <height>109</height>
      <width>930</width>
      <texture flipy="true" border="3">list/ListNF.png</texture>
    </control>
  </include>
  <include name="List52_FO">
    <control type="image">
      <posx>0</posx>
      <posy>1</posy>
      <width>930</width>
      <height>105</height>
      <texture>list/ListFO.png</texture>
    </control>
  </include>
  <include name="View_52_BigList">
    <control type="group" description="Large Infolist2">
      <visible>Control.IsVisible(52)</visible>
      <control type="list" id="52">
        <visible>Container.Content(Movies) | Container.Content(TVShows) | Container.Content(episodes) | Container.Content(albums) | Container.Content(artists) | Window.IsActive(MyPics.xml)</visible>
        <viewtype label="Large List">Large List</viewtype>
        <posx>999</posx>
        <posy>120</posy>
        <width>930</width>
        <height>864</height>
        <pagecontrol>60</pagecontrol>
        <onleft>9000</onleft>
        <onright>60</onright>
        <onup>52</onup>
        <ondown>52</ondown>
        <preloaditems>4</preloaditems>
        <itemlayout condition="container.content(Movies) | container.content(TVShows) | Container.Content(Seasons) | [container.content(episodes) + !Skin.HasSetting(52_Episodes_UseFanart)]" height="108" width="930">
          <include>List52_NF</include>
          <control type="label">
            <include>List52Label</include>
            <label>$INFO[ListItem.Label]</label>
          </control>
          <control type="label">
            <include>List52Label2</include>
            <label>$VAR[Details]</label>
          </control>
          <control type="group">
            <visible>![Container.Content(TVShows) | Container.Content(Seasons)]</visible>
            <control type="image">
              <posx>54r</posx>
              <posy>0</posy>
              <width>30</width>
              <height>108</height>
              <texture>$VAR[Overlay]</texture>
              <aspectratio aligny="center">keep</aspectratio>
            </control>
          </control>
        </itemlayout>
        <focusedlayout condition="container.content(Movies) | container.content(TVShows) | Container.Content(Seasons) | [container.content(episodes) + !Skin.HasSetting(52_Episodes_UseFanart)]" height="108" width="930">
          <include>List52_NF</include>
          <include>List52_FO</include>
          <control type="label">
            <textcolor>White2</textcolor>
            <include>List52Label</include>
            <label>$INFO[ListItem.Label]</label>
          </control>
          <control type="label">
            <textcolor>Grey3</textcolor>
            <include>List52Label2</include>
            <label>$VAR[Details]</label>
          </control>
          <control type="group">
            <visible>![Container.Content(TVShows) | Container.Content(Seasons)]</visible>
            <control type="image">
              <posx>54r</posx>
              <posy>0</posy>
              <width>30</width>
              <height>108</height>
              <texture>$VAR[Overlay]</texture>
              <aspectratio aligny="center">keep</aspectratio>
            </control>
          </control>
        </focusedlayout>
        <itemlayout condition="container.content(episodes) + Skin.HasSetting(52_Episodes_UseFanart)" height="108" width="930">
          <include>List52_NF</include>
          <control type="image">
            <posx>9</posx>
            <posy>15</posy>
            <height>78</height>
            <width>134</width>
            <bordersize>-7</bordersize>
            <include>EpisodeThumbBG</include>
          </control>
          <control type="image">
            <posx>9</posx>
            <posy>15</posy>
            <height>78</height>
            <width>134</width>
            <include>EpisodeThumb</include>
          </control>
          <control type="image">
            <posx>159</posx>
            <posy>0</posy>
            <height>108</height>
            <width>21</width>
            <aspectratio>keep</aspectratio>
            <texture>$VAR[Overlay]</texture>
          </control>
          <control type="label">
            <posx>189</posx>
            <width>700</width>
            <include>List52Label</include>
            <label>$INFO[ListItem.Label]</label>
          </control>
          <control type="label">
            <posx>189</posx>
            <width>700</width>
            <include>List52Label2</include>
            <label>$VAR[Details]</label>
          </control>
        </itemlayout>
        <focusedlayout condition="container.content(episodes) + Skin.HasSetting(52_Episodes_UseFanart)" height="108" width="930">
          <include>List52_NF</include>
          <include>List52_FO</include>
          <control type="image">
            <posx>9</posx>
            <posy>15</posy>
            <height>78</height>
            <width>134</width>
            <bordersize>-7</bordersize>
            <include>EpisodeThumbBG</include>
          </control>
          <control type="image">
            <posx>9</posx>
            <posy>15</posy>
            <height>78</height>
            <width>134</width>
            <include>EpisodeThumb</include>
          </control>
          <control type="image">
            <posx>159</posx>
            <posy>0</posy>
            <height>108</height>
            <width>21</width>
            <aspectratio>keep</aspectratio>
            <texture>$VAR[Overlay]</texture>
          </control>
          <control type="label">
            <posx>189</posx>
            <width>700</width>
            <textcolor>White2</textcolor>
            <include>List52Label</include>
            <label>$INFO[ListItem.Label]</label>
          </control>
          <control type="label">
            <posx>189</posx>
            <width>700</width>
            <textcolor>Grey3</textcolor>
            <include>List52Label2</include>
            <label>$VAR[Details]</label>
          </control>
        </focusedlayout>
        <itemlayout condition="container.content(artists) | container.content(albums) | Window.IsActive(MyPics.xml)" height="108" width="930">
          <include>List52_NF</include>
          <control type="image">
            <posx>9</posx>
            <posy>12</posy>
            <height>84</height>
            <width>84</width>
            <bordersize>-6</bordersize>
            <include>SquareThumbBG</include>
          </control>
          <control type="image">
            <posx>9</posx>
            <posy>12</posy>
            <height>84</height>
            <width>84</width>
            <texture background="true">$VAR[Thumbs]</texture>
            <aspectratio aligny="top">scale</aspectratio>
          </control>
          <control type="label">
            <posx>120</posx>
            <width>700</width>
            <textcolor>White2</textcolor>
            <scroll>false</scroll>
            <include>List52Label</include>
            <label>$INFO[ListItem.Label]</label>
          </control>
          <control type="label">
            <posx>120</posx>
            <width>700</width>
            <scroll>false</scroll>
            <textcolor>Grey3</textcolor>
            <include>List52Label2</include>
            <label>$VAR[Details]</label>
          </control>
        </itemlayout>
        <focusedlayout condition="container.content(artists) | container.content(albums) | Window.IsActive(MyPics.xml)" height="108" width="930">
          <include>List52_NF</include>
          <include>List52_FO</include>
          <control type="image">
            <posx>9</posx>
            <posy>12</posy>
            <height>84</height>
            <width>84</width>
            <bordersize>-6</bordersize>
            <include>SquareThumbBG</include>
          </control>
          <control type="image">
            <posx>9</posx>
            <posy>12</posy>
            <height>84</height>
            <width>84</width>
            <texture background="true">$VAR[Thumbs]</texture>
            <aspectratio aligny="top">scale</aspectratio>
          </control>
          <control type="label">
            <posx>120</posx>
            <width>700</width>
            <textcolor>White2</textcolor>
            <include>List52Label</include>
            <label>$INFO[ListItem.Label]</label>
          </control>
          <control type="label">
            <posx>120</posx>
            <width>700</width>
            <textcolor>Grey3</textcolor>
            <include>List52Label2</include>
            <label>$VAR[Details]</label>
          </control>
        </focusedlayout>
        <itemlayout condition="![container.content(Movies) | container.content(TVShows) | container.content(episodes) | container.content(albums) | container.content(artists) | Window.IsActive(MyPics.xml)]" height="72" width="930">
          <control type="image">
            <posx>0</posx>
            <posy>0</posy>
            <height>72</height>
            <width>870</width>
            <texture flipy="true" border="3">list/ListNF.png</texture>
          </control>
          <control type="label">
            <include>List52Label</include>
            <label>$INFO[ListItem.Label]</label>
          </control>
          <control type="label">
            <include>List52Label2</include>
            <label>$INFO[ListItem.Label2]</label>
          </control>
        </itemlayout>
        <focusedlayout condition="![container.content(Movies) | container.content(TVShows) | container.content(episodes) | container.content(albums) | container.content(artists) | Window.IsActive(MyPics.xml)]" height="72" width="930">
          <control type="image">
            <posx>0</posx>
            <posy>0</posy>
            <height>72</height>
            <width>870</width>
            <texture flipy="true" border="3">list/ListNF.png</texture>
          </control>
          <control type="image">
            <posx>0</posx>
            <posy>1</posy>
            <width>870</width>
            <height>69</height>
            <texture>list/ListFO.png</texture>
          </control>
          <control type="label">
            <include>List52Label</include>
            <label>$INFO[ListItem.Label]</label>
          </control>
          <control type="label">
            <include>List52Label2</include>
            <label>$INFO[ListItem.Label2]</label>
          </control>
        </focusedlayout>
      </control>
      <control type="scrollbar" id="60">
        <animation effect="slide" start="0,0" end="-8,0" time="150">Focus</animation>
        <animation effect="slide" start="-8,0" end="0,0" time="300">UnFocus</animation>
        <posx>21r</posx>
        <posy>99</posy>
        <width>36</width>
        <height>900</height>
        <texturesliderbackground>-</texturesliderbackground>
        <texturesliderbar>-</texturesliderbar>
        <texturesliderbarfocus>-</texturesliderbarfocus>
        <textureslidernib border="18">OSD/ScrollbarNibNF.png</textureslidernib>
        <textureslidernibfocus border="18">OSD/ScrollbarNibFO.png</textureslidernibfocus>
        <showonepage>false</showonepage>
        <orientation>vertical</orientation>
        <onleft>52</onleft>
        <onright>noop</onright>
      </control>
    </control>
  </include>
</includes>