<?xml version="1.0" encoding="UTF-8" standalone="yes"?>
<addon id="plugin.video.greenhouseseeds"
	name="Green House Seeds"
	version="1.0.8"
	provider-name="tvaddons.ag">
  <requires>
    <import addon="xbmc.python" version="2.1.0"/>
    <import addon="script.module.addon.common" version="2.0.0"/>
    <import addon="plugin.video.youtube" version="5.0.0"/>
  </requires>
  <extension point="xbmc.python.pluginsource" library="default.py">
    <provides>video</provides>
  </extension>
  <extension point="xbmc.addon.metadata">
    <summary lang="en">Green House Seeds</summary>
    <description lang="en">Check out how we grow the best cannabis / marijuana plants in the world. Take a look behind the scenes of the legendary Green House Coffeeshops and Seed Company, a real Amsterdam legend.
</description>
    <platform>all</platform>
    <forum>http://forums.tvaddons.ag/forums/113-TVADDONS-AG-ADDON-REPOSITORY</forum>
    <website>http://www.tvaddons.ag/</website>
  </extension>
</addon>
