<?xml version="1.0" encoding="UTF-8" standalone="yes"?>
<addon id="plugin.audio.krautrock" name="Krautrock Radio" version="1.2" provider-name="IPTVxtra Team">
  <requires>
    <import addon="xbmc.python" version="2.1.0"/>
  </requires>
  <extension point="xbmc.python.pluginsource" library="default.py">
        <provides>audio</provides>
  </extension>
  <extension point="xbmc.addon.metadata">
    <summary>IPTVxtra Team</summary>
    <description>Addon für Radio Krautrock von IPTVxtra.net
	
im INet - http://www.krautrock-world.com
Musikrichtung: Psychedelic und Progressive Rock
	
	
	http://www.IPTVxtra.net</description>
	<website>http://www.iptvxtra.net</website>
    <platform>all</platform>
  </extension>
</addon>


