<?xml version="1.0" encoding="UTF-8" standalone="yes"?>
<addon id="plugin.video.tvonline" name="Tv Online" version="1.0.8" provider-name=".[COLOR blue]X[/COLOR]unity[COLOR blue]T[/COLOR]alk">
  <requires>
    <import addon="xbmc.python" version="2.1.0"/>
    <import addon="script.module.t0mm0.common" version="0.0.1"/>
  </requires>
  <extension point="xbmc.python.pluginsource" library="default.py">
        <provides>video</provides>
  </extension>
  <extension point="xbmc.addon.metadata">
    <summary lang="en">Tv Online</summary>
    <description lang="en">Tv Online</description>
    <platform>all</platform>
  </extension>
</addon>