<?xml version="1.0" encoding="UTF-8" standalone="yes"?>
<addon id="service.subtitles.bsplayer" name="BSPlayer" version="0.2.1" provider-name="realgam3">
  <requires>
    <import addon="xbmc.python" version="2.1.0"/>
  </requires>
  <extension point="xbmc.subtitle.module" library="service.py"/>
  <extension point="xbmc.addon.metadata">
    <summary lang="en">Kodi / XBMC BSPlayer Subtitles allows for downloading subtitles from the bsplayer subtitles community.</summary>
    <description lang="en">Search and download various subtitles from the bsplayer subtitles community.</description>
    <source>https://github.com/realgam3/service.subtitles.bsplayer</source>
    <email>realgam3@gmail.com</email>
    <license>GNU GENERAL PUBLIC LICENSE. Version 2, June 1991</license>
  </extension>
</addon>
