<?xml version='1.0' encoding='UTF-8' standalone='yes'?>
<addon id='torrenter.searcher.MegaTorrent' version='1.0.2' name='Torrenter Searcher: MegaTorrent (Slow)' provider-name='bisnn, DiMartino'>
  <requires>
    <import addon='xbmc.python' version='2.19.0'/>
  </requires>
  <extension point="xbmc.python.script" library="__init__.py">
    <provides>executable</provides>
  </extension>
      <extension point="xbmc.addon.metadata">
        <platform>all</platform>
        <summary lang='en'>Torrenter v2 Searcher module for Megatorrent.biz (french).
        </summary>
        <description lang='en'>Torrenter v2 Searcher module for Megatorrent.biz (french).
        </description>
        <disclaimer lang='en'>GNU GPLv3 http://www.gnu.org/licenses/</disclaimer>
        <summary lang='ru'>Серчер трекерa Megatorrent.biz (французский) для плагина Torrenter v2.
        </summary>
        <description lang='ru'>Серчер трекера Megatorrent.biz (французский) для плагина Torrenter v2.
        </description>
        <disclaimer lang='ru'>GNU GPLv3 http://www.gnu.org/licenses/</disclaimer>
    </extension>
  <extension point='xbmc.python.module'/>
</addon>
