<?xml version="1.0" encoding="UTF-8" standalone="yes"?>
<addon id="plugin.video.pulsar" name="Pulsar" version="0.6.2" provider-name="coderz">
    <requires>
        <import addon="xbmc.python" version="2.1.0"/>
    </requires>
    <extension point="xbmc.python.pluginsource" library="navigation.py">
        <provides>video</provides>
    </extension>
    <extension point="xbmc.service" library="service.py" start="startup"/>
    <extension point="xbmc.python.module" library="resources/site-packages" />
    <extension point="xbmc.subtitle.module" library="navigation.py" />
    <extension point="xbmc.addon.metadata">
        <platform>all</platform>
        <language>en</language>
        <website><![CDATA[https://github.com/dmartinpro/plugin.video.pulsar]]></website>
        <forum><![CDATA[http://forum.xbmc.org/showthread.php?tid=200957]]></forum>
        <source><![CDATA[https://github.com/dmartinpro/plugin.video.pulsar]]></source>
        <language>en</language>
        <license><![CDATA[Non commercial. See https://github.com/dmartinpro/plugin.video.pulsar/blob/master/LICENSE]]></license>
        <summary><![CDATA[Pulsar: Universal streaming]]></summary>
        <description><![CDATA[Follow @pulsarhq on Twitter]]></description>
    </extension>
</addon>
