<?xml version="1.0" encoding="UTF-8" standalone="yes"?>
<addon id="plugin.video.alltv" name="ALLTV.ch" version="0.0.1" provider-name="Mikey1234">
  <requires>
    <import addon="xbmc.python" version="2.1.0"/>
  </requires>
  <extension point="xbmc.python.pluginsource" library="default.py">
        <provides>video</provides>
  </extension>
  <extension point="xbmc.addon.metadata">
    <summary lang="en">Vdubt25</summary>
    <description lang="en">Watch All Your Favourite Streams From ALLTV.ch</description>
    <platform>all</platform>
  </extension>
</addon>
