<?xml version="1.0" encoding="UTF-8"?>
<window>
	<!-- addonbrowser -->

	<defaultcontrol always="true">50</defaultcontrol>
	<backgroundcolor>ffdadad7</backgroundcolor>
	<views>50,500</views>

	<controls>
		<control type="group">

			<animation effect="fade" start="0" end="100" time="0">Visible</animation>
			<control type="image">
				<posx>0</posx>
				<posy>945</posy>
				<width>1630</width>
				<height>135</height>
				<texture background="true">main/widget_title.png</texture>
			</control>
			<control type="textbox">
				<posx>100</posx>
				<top>956</top>
				<width>1500</width>
				<height>118</height>
				<align>right</align>
				<textcolor>white</textcolor>
				<shadowcolor>TextColor4</shadowcolor>
				<autoscroll time="2000" delay="8000" repeat="5000">True</autoscroll>
				<label>$INFO[ListItem.Property(Addon.Description)]</label>
			</control>
			<!-- Image -->
			<control type="image">
				<animation effect="slide" end="270" tween="linear" easing="out" time="400" condition="ControlGroup(9100).HasFocus">Conditional</animation>
				<posx>150</posx>
				<top>280</top>
				<width>480</width>
				<height>480</height>
				<texture>$INFO[ListItem.Icon]</texture>
				<aspectratio aligny="center">keep</aspectratio>
				<visible>!stringcompare(ListItem.Label,..)</visible>
			</control>
			<control type="image">
				<animation effect="slide" end="270" tween="linear" easing="out" time="400" condition="ControlGroup(9100).HasFocus">Conditional</animation>
				<posx>150</posx>
				<top>280</top>
				<width>480</width>
				<height>480</height>
				<texture colordiffuse="$VAR[main_color]" background="true">DefaultFolderBack2.png</texture>
				<visible>stringcompare(ListItem.Label,..)</visible>
			</control>
			<!-- List -->
			<control type="list" id="500">
				<animation effect="slide" end="270" tween="linear" easing="out" time="400" condition="ControlGroup(9100).HasFocus">Conditional</animation>
				<posx>750</posx>
				<posy>177</posy>
				<width>800</width>
				<height>766</height>
				<onup>500</onup>
				<ondown>500</ondown>
				<onright>60</onright>
				<onleft condition="!Skin.HasSetting(KioskMode)">9100</onleft>
				<pagecontrol>60</pagecontrol>
				<orientation>vertical</orientation>
				<viewtype label="535">list</viewtype>
				<scrolltime tween="sine" easing="out">240</scrolltime>
				<visible>!IsEmpty(Container.FolderPath)</visible>

				<itemlayout height="85" width="800">
					<control type="image">
						<posx>0</posx>
						<posy>0</posy>
						<width>800</width>
						<height>1</height>
						<texture colordiffuse="darkgrey">white.png</texture>
					</control>
					<control type="image">
						<posx>0</posx>
						<posy>85</posy>
						<width>800</width>
						<height>1</height>
						<texture colordiffuse="darkgrey">white.png</texture>
					</control>
					<control type="image">
						<posx>0</posx>
						<posy>0</posy>
						<width>2</width>
						<height>85</height>
						<texture colordiffuse="darkgrey">white.png</texture>
					</control>
					<control type="image">
						<posx>798</posx>
						<posy>0</posy>
						<width>2</width>
						<height>85</height>
						<texture colordiffuse="darkgrey">white.png</texture>
					</control>
					<control type="image">
						<posx>710</posx>
						<top>2</top>
						<width>80</width>
						<height>80</height>
						<texture>$INFO[ListItem.Icon]</texture>
						<aspectratio aligny="center">keep</aspectratio>
						<visible>!stringcompare(ListItem.Label,..)</visible>
					</control>
					<control type="image">
						<posx>710</posx>
						<top>2</top>
						<width>80</width>
						<height>80</height>
						<texture colordiffuse="$VAR[main_color]">DefaultFolderBack2.png</texture>
						<aspectratio aligny="center">keep</aspectratio>
						<visible>stringcompare(ListItem.Label,..)</visible>
					</control>
					<include>addon_status</include>
					<control type="label">
						<posx>0</posx>
						<top>0</top>
						<width>640</width>
						<height>30</height>
						<font>font-22</font>
						<align>right</align>
						<label>$INFO[ListItem.Label]</label>
						<textcolor>darkgrey</textcolor>	
					</control>
					<control type="label">
						<posx>430</posx>
						<top>46</top>
						<width>250</width>
						<height>30</height>
						<font>font-20</font>
						<align>right</align>
						<label>$INFO[ListItem.Label2]</label>
						<textcolor>grey</textcolor>
						<animation effect="fade" start="100" end="50" time="200" tween="cubic" easing="out" reversible="true" condition="!Control.HasFocus(500)">Conditional</animation>
						<visible>!IsEmpty(ListItem.Label2)</visible>
					</control>
					<control type="label">
						<posx>10</posx>
						<top>46</top>
						<width>740</width>
						<height>30</height>
						<font>font-20</font>
						<align>left</align>
						<label>$INFO[ListItem.Property(Addon.Version)] $INFO[ListItem.Property(Addon.Creator)]</label>
						<textcolor>grey</textcolor>
						<animation effect="fade" start="100" end="50" time="200" tween="cubic" easing="out" reversible="true" condition="!Control.HasFocus(500)">Conditional</animation>
						<visible>!IsEmpty(ListItem.Property(Addon.Version))</visible>
					</control>
				</itemlayout>

				<focusedlayout height="85" width="800">
					<control type="image">
						<posx>0</posx>
						<posy>0</posy>
						<width>800</width>
						<height>85</height>
						<texture>main/main_focus.png</texture>
					</control>
					<control type="image">
						<posx>710</posx>
						<top>2</top>
						<width>80</width>
						<height>80</height>
						<texture>$INFO[ListItem.Icon]</texture>
						<aspectratio aligny="center">keep</aspectratio>
						<visible>!stringcompare(ListItem.Label,..)</visible>
					</control>
					<control type="image">
						<posx>710</posx>
						<top>2</top>
						<width>80</width>
						<height>80</height>
						<texture colordiffuse="$VAR[main_color]">DefaultFolderBack2.png</texture>
						<aspectratio aligny="center">keep</aspectratio>
						<visible>stringcompare(ListItem.Label,..)</visible>
					</control>
					<include>addon_status</include>
					<control type="label">
						<posx>0</posx>
						<top>0</top>
						<width>640</width>
						<height>30</height>
						<font>font-22</font>
						<align>right</align>
						<label>$INFO[ListItem.Label]</label>
						<textcolor>$VAR[main_color]</textcolor>
						<animation effect="fade" start="100" end="50" time="200" tween="cubic" easing="out" reversible="true" condition="!Control.HasFocus(500)">Conditional</animation>
					</control>
					<control type="label">
						<posx>430</posx>
						<top>46</top>
						<width>250</width>
						<height>30</height>
						<font>font-20</font>
						<align>right</align>
						<label>$INFO[ListItem.Label2]</label>
						<textcolor>grey_b</textcolor>
						<animation effect="fade" start="100" end="50" time="200" tween="cubic" easing="out" reversible="true" condition="!Control.HasFocus(500)">Conditional</animation>
						<visible>!IsEmpty(ListItem.Label2)</visible>
					</control>
					<control type="label">
						<posx>10</posx>
						<top>46</top>
						<width>640</width>
						<height>30</height>
						<font>font-20</font>
						<align>left</align>
						<label>$INFO[ListItem.Property(Addon.Version)] $INFO[ListItem.Property(Addon.Creator)]</label>
						<textcolor>grey_b</textcolor>
						<animation effect="fade" start="100" end="50" time="200" tween="cubic" easing="out" reversible="true" condition="!Control.HasFocus(500)">Conditional</animation>
						<visible>!IsEmpty(ListItem.Property(Addon.Version))</visible>
					</control>
				</focusedlayout>

			</control>

			<!-- Scrollbar (list) -->
			<control type="scrollbar" id="60">
				<animation effect="slide" end="270" tween="linear" easing="out" time="400" condition="ControlGroup(9100).HasFocus">Conditional</animation>
				<posx>1560</posx>
				<centertop>50%</centertop>
				<width>15</width>
				<height>720</height>
				<onleft>500</onleft>
				<onright>ReplaceWindow(settings)</onright>
				<showonepage>false</showonepage>
				<orientation>vertical</orientation>
				<include>scroll_bar</include>
				<visible>Control.IsVisible(500)</visible>
			</control>
			<control type="group">
				<posy>80</posy>
				<control type="group">
					<animation effect="slide" end="270" tween="linear" easing="out" time="400" condition="ControlGroup(9100).HasFocus">Conditional</animation>
					<control type="image">
						<posx>-270</posx>
						<posy>0</posy>
						<width>270</width>
						<height>865</height>
						<texture>main/main_focus.png</texture>
					</control>
					<control type="label">
						<posx>-270</posx>
						<posy>0</posy>
						<height>40</height>
						<width>270</width>
						<textcolor>grey_b</textcolor>
						<align>center</align>
						<label>5</label>
						<font>font-28</font>
					</control>
					<control type="image">
						<posx>-270</posx>
						<posy>54</posy>
						<width>270</width>
						<height>2</height>
						<texture colordiffuse="grey_b">white.png</texture>
					</control>

					<control type="grouplist" id="9100">
						<posx>-270</posx>
						<posy>60</posy>
						<align>left</align>
						<width>270</width>
						<height>700</height>
						<onleft>50</onleft>
						<onright>50</onright>
						<onup>9100</onup>
						<ondown>9100</ondown>
						<onback>50</onback>
						<itemgap>2</itemgap>
						<usecontrolcoords>true</usecontrolcoords>
						<orientation>vertical</orientation>
						<visible>!Skin.HasSetting(KioskMode)</visible>
						<usecontrolcoords>true</usecontrolcoords>
						<control type="button" id="3">
							<description>Sort by button</description>
							<posx>40</posx>
							<width>230</width>
							<label>103</label>
						</control>
						<control type="togglebutton" id="4">
							<description>Sort asc</description>
							<posx>0</posx>
							<posy>-45</posy>
							<width>45</width>
							<align>left</align>
							<label>-</label>
							<altlabel>-</altlabel>
						</control>
						<!-- Filter -->
						<control type="edit" id="19">
							<posx>0</posx>
							<posy>0</posy>
							<width>270</width>
							<height>45</height>
							<label>587</label>
							<textcolor>grey_b</textcolor>
							<focusedcolor>darkgrey</focusedcolor>
							<visible>Container.CanFilter + !Container.CanFilterAdvanced</visible>
						</control>
						<control type="button" id="5">
							<description>Enable auto-updates</description>
							<width>270</width>
							<label>24063</label>
						</control>
						<control type="radiobutton" id="6">
							<description>No notifications</description>
							<posx>0</posx>
							<posy>0</posy>
							<width>270</width>
							<height>45</height>
							<align>center</align>
							<textcolor>grey_b</textcolor>
							<focusedcolor>darkgrey</focusedcolor>
							<label>25000</label>

						</control>
						<control type="radiobutton" id="7">
							<description>Hide foreign</description>
							<posx>0</posx>
							<posy>0</posy>
							<width>270</width>
							<height>45</height>
							<align>center</align>
							<textcolor>grey_b</textcolor>
							<focusedcolor>darkgrey</focusedcolor>
							<label>25001</label>

						</control>
						<control type="radiobutton" id="8">
							<description>Hide broken</description>
							<posx>0</posx>
							<posy>0</posy>
							<width>270</width>
							<height>45</height>
							<align>left</align>
							<textcolor>grey_b</textcolor>
							<focusedcolor>darkgrey</focusedcolor>
							<label>24999</label>

						</control>
						<control type="button" id="9">
							<description>Check for updates</description>
							<posx>0</posx>
							<posy>0</posy>
							<width>270</width>
							<height>45</height>
							<align>center</align>
							<textcolor>grey_b</textcolor>
							<focusedcolor>darkgrey</focusedcolor>
							<label>24034</label>
						</control>

						<control type="label" id="10">
							<description>Check for updates</description>
							<posx>0</posx>
							<posy>0</posy>
							<width>270</width>
							<height>45</height>
							<font>font-16</font>
							<align>center</align>
							<textcolor>grey_b</textcolor>
							<focusedcolor>darkgrey</focusedcolor>
							<label>$INFO[Window(AddonBrowser).Property(Updated)]</label>
						</control>

					</control>
				</control>

			</control>
		</control>

		<control type="image">
			<posx>1630</posx>
			<posy>80</posy>
			<width>290</width>
			<height>1000</height>
			<texture background="true">main/main_menu.png</texture>
			<animation effect="fade" end="100" time="0" condition="true">Conditional</animation>
		</control>
		<control type="group">
			<!-- Dummy list -->
			<control type="grouplist" id="9000">

				<posx>1631</posx>
				<posy>118</posy>
				<width>290</width>
				<height>880</height>
				<itemgap>0</itemgap>
				<orientation>vertical</orientation>

				<!-- Appearance -->
				<control type="button">
					<width>300</width>
					<height>57</height>
					<label>480</label>
					<font>menu</font>
					<textcolor>$VAR[main_color]</textcolor>
					<texturenofocus>main/main_focus.png</texturenofocus>
					<include>button_settings</include>
					<visible>Window.IsActive(appearancesettings) + IsEmpty(Window(settings).Property(ChangeSettingsLevel))</visible>
				</control>
				<control type="button">
					<width>300</width>
					<height>57</height>
					<label>480</label>
					<font>menu</font>
					<include>button_settings</include>
					<onclick>ActivateWindow(appearancesettings)</onclick>
					<visible>!Window.IsActive(appearancesettings) | !IsEmpty(Window(settings).Property(ChangeSettingsLevel))</visible>
				</control>
				<!-- Videos -->
				<control type="button">
					<width>300</width>
					<height>57</height>
					<label>3</label>
					<font>menu</font>
					<textcolor>$VAR[main_color]</textcolor>
					<texturenofocus>main/main_focus.png</texturenofocus>
					<include>button_settings</include>
					<visible>Window.IsActive(videossettings)</visible>
				</control>
				<control type="button">
					<width>300</width>
					<height>57</height>
					<label>3</label>
					<font>menu</font>
					<include>button_settings</include>
					<onclick>ActivateWindow(videossettings)</onclick>
					<visible>!Window.IsActive(videossettings)</visible>
				</control>
				<!-- Music -->
				<control type="button">
					<width>300</width>
					<height>57</height>
					<label>2</label>
					<font>menu</font>
					<textcolor>$VAR[main_color]</textcolor>
					<texturenofocus>main/main_focus.png</texturenofocus>
					<include>button_settings</include>
					<visible>Window.IsActive(musicsettings)</visible>
				</control>
				<control type="button">
					<width>300</width>
					<height>57</height>
					<label>2</label>
					<font>menu</font>
					<include>button_settings</include>
					<onclick>ActivateWindow(musicsettings)</onclick>
					<visible>!Window.IsActive(musicsettings)</visible>
				</control>
				<!-- Pictures -->
				<control type="button">
					<width>300</width>
					<height>57</height>
					<label>1</label>
					<font>menu</font>
					<textcolor>$VAR[main_color]</textcolor>
					<texturenofocus>main/main_focus.png</texturenofocus>
					<include>button_settings</include>
					<visible>Window.IsActive(picturessettings)</visible>
				</control>
				<control type="button">
					<width>300</width>
					<height>57</height>
					<label>1</label>
					<font>menu</font>
					<include>button_settings</include>
					<onclick>ActivateWindow(picturessettings)</onclick>
					<visible>!Window.IsActive(picturessettings)</visible>
				</control>
				<!-- Weather -->
				<control type="button">
					<width>300</width>
					<height>57</height>
					<label>8</label>
					<font>menu</font>
					<textcolor>$VAR[main_color]</textcolor>
					<texturenofocus>main/main_focus.png</texturenofocus>
					<include>button_settings</include>
					<visible>Window.IsActive(weathersettings)</visible>
				</control>
				<control type="button">
					<width>300</width>
					<height>57</height>
					<label>8</label>
					<font>menu</font>
					<include>button_settings</include>
					<onclick>ActivateWindow(weathersettings)</onclick>
					<visible>!Window.IsActive(weathersettings)</visible>
				</control>
				<!-- System -->
				<control type="button">
					<width>300</width>
					<height>57</height>
					<label>13000</label>
					<font>menu</font>
					<textcolor>$VAR[main_color]</textcolor>
					<texturenofocus>main/main_focus.png</texturenofocus>
					<include>button_settings</include>
					<visible>Window.IsActive(systemsettings)</visible>
				</control>
				<control type="button">
					<width>300</width>
					<height>57</height>
					<label>13000</label>
					<font>menu</font>
					<include>button_settings</include>
					<onclick>ActivateWindow(systemsettings)</onclick>
					<visible>!Window.IsActive(systemsettings)</visible>
				</control>
				<!-- Service -->
				<control type="button">
					<width>300</width>
					<height>57</height>
					<label>14036</label>
					<font>menu</font>
					<textcolor>$VAR[main_color]</textcolor>
					<texturenofocus>main/main_focus.png</texturenofocus>
					<include>button_settings</include>
					<visible>Window.IsActive(servicesettings)</visible>
				</control>
				<control type="button">
					<width>300</width>
					<height>57</height>
					<label>14036</label>
					<font>menu</font>
					<include>button_settings</include>
					<onclick>ActivateWindow(servicesettings)</onclick>
					<visible>!Window.IsActive(servicesettings)</visible>
				</control>
				<!-- PVR -->
				<control type="button">
					<width>300</width>
					<height>57</height>
					<label>19191</label>
					<font>menu</font>
					<textcolor>$VAR[main_color]</textcolor>
					<texturenofocus>main/main_focus.png</texturenofocus>
					<include>button_settings</include>
					<visible>Window.IsActive(pvrsettings)</visible>
				</control>
				<control type="button">
					<width>300</width>
					<height>57</height>
					<label>19191</label>
					<font>menu</font>
					<include>button_settings</include>
					<onclick>ActivateWindow(pvrsettings)</onclick>
					<visible>!Window.IsActive(pvrsettings)</visible>
				</control>
				<!-- Seperator -->
				<control type="image">
					<width>290</width>
					<height>2</height>
					<texture background="true">white.png</texture>
					<animation effect="fade" end="95" time="0" condition="true">Conditional</animation>
				</control>
				<!-- System info -->
				<control type="button">
					<width>300</width>
					<height>57</height>
					<label>130</label>
					<font>menu</font>
					<textcolor>$VAR[main_color]</textcolor>
					<texturenofocus>main/main_focus.png</texturenofocus>
					<include>button_settings</include>
					<visible>Window.IsActive(systeminfo)</visible>
				</control>
				<!-- System Info -->
				<control type="button">
					<width>300</width>
					<height>57</height>
					<label>130</label>
					<font>menu</font>
					<include>button_settings</include>
					<onclick>ActivateWindow(systeminfo)</onclick>
					<visible>!Window.IsActive(systeminfo)</visible>
				</control>

				<!-- Addons -->
				<control type="button">
					<width>300</width>
					<height>57</height>
					<label>24001</label>
					<font>menu</font>
					<textcolor>$VAR[main_color]</textcolor>
					<texturenofocus>main/main_focus.png</texturenofocus>
					<include>button_settings</include>
					<onclick>ActivateWindow(addonbrowser)</onclick>
				</control>
				<!-- Profiles -->
				<control type="button">
					<width>300</width>
					<height>57</height>
					<label>13200</label>
					<font>menu</font>
					<include>button_settings</include>
					<onclick>ActivateWindow(profiles)</onclick>
				</control>
				<!-- File Manager -->
				<control type="button">
					<width>300</width>
					<height>57</height>
					<label>7</label>
					<font>menu</font>
					<include>button_settings</include>
					<onclick>ActivateWindow(filemanager)</onclick>
				</control>
				<!-- Level of settings -->
				<control type="button">
					<width>300</width>
					<height>57</height>
					<label>$LOCALIZE[31001]</label>
					<font>menu</font>
					<include>button_settings</include>
					<onclick>SetProperty(ChangeSettingsLevel,true)</onclick>
					<onclick>ActivateWindow(appearancesettings)</onclick>

				</control>
				<!-- Seperator -->
				<control type="image">
					<width>290</width>
					<height>2</height>
					<texture background="true">white.png</texture>
					<animation effect="fade" end="95" time="0" condition="true">Conditional</animation>
				</control>
				<!-- Phenomenal Skin -->
				<control type="button">
					<width>300</width>
					<height>57</height>
					<label>Phenomenal</label>
					<font>menu</font>
					<textcolor>white</textcolor>
					<include>button_settings</include>
					<onclick>ActivateWindow(skinsettings)</onclick>
					<animation effect="fade" start="100" end="70" time="0" condition="!ControlGroup(9000).HasFocus">Conditional</animation>
				</control>
			</control>


			<!-- default list -->
			<control type="list" id="50">
				<posx>735</posx>
				<posy>277</posy>
				<width>800</width>
				<height>726</height>
				<onleft>9100</onleft>
				<onright>ReplaceWindow(settings)</onright>
				<onup>50</onup>
				<ondown>50</ondown>
				<orientation>vertical</orientation>
				<viewtype label="535">list</viewtype>
				<animation effect="fade" start="100" end="0" time="200" condition="!Control.IsVisible(50)">Conditional</animation>
				<visible>IsEmpty(Container.FolderPath)</visible>

				<itemlayout height="70" width="900">
					<control type="image">
						<posx>760</posx>
						<posy>10</posy>
						<height>34</height>
						<width>34</width>
						<texture background="true">main/sub_nf.png</texture>
					</control>
					<control type="label">
						<posx>0</posx>
						<posy>0</posy>
						<width>740</width>
						<height>50</height>
						<font>font-22</font>
						<align>right</align>
						<label>$INFO[ListItem.Label]</label>
						<textcolor>darkgrey</textcolor>
					</control>
				</itemlayout>

				<focusedlayout height="70" width="900">
					<control type="image">
						<posx>760</posx>
						<posy>10</posy>
						<height>34</height>
						<width>34</width>
						<texture background="true">main/sub_f.png</texture>
					</control>
					<control type="label">
						<posx>0</posx>
						<posy>0</posy>
						<width>740</width>
						<height>50</height>
						<font>font-22</font>
						<align>right</align>
						<label>$INFO[ListItem.Label]</label>
						<textcolor>$VAR[main_color]</textcolor>
					</control>
				</focusedlayout>
			</control>
		</control>

		<include>top_bar_solid</include>
	</controls>

</window>