<?xml version="1.0" encoding="UTF-8"?>
<window>
	<defaultcontrol>450</defaultcontrol>
	<coordinates>
		<posx>472</posx>
		<posy>370</posy>
	</coordinates>
	<controls>
		<control type="image">
			<description>background image</description>
			<posx>0</posx>
			<posy>0</posy>
			<width>900</width>
			<height>340</height>
			<texture background="true" colordiffuse="grey_50">white.png</texture>
			<bordertexture colordiffuse="grey">white.png</bordertexture>	
			<bordersize>2</bordersize>
		</control>
		<control type="label">
			<description>heading label</description>
			<posx>0</posx>
			<posy>10</posy>
			<width>900</width>
			<height>45</height>
			<align>center</align>
			<aligny>center</aligny>
			<textcolor>white</textcolor>
			<font>font-32</font>
			<label>$INFO[ListItem.Label]</label>
		</control>
		<control type="image">
			<posx>2</posx>
			<posy>65</posy>
			<width>896</width>
			<height>3</height>
			<texture>white.png</texture>
		</control>
		<control type="label">
			<posx>10</posx>
			<posy>90</posy>
			<width>880</width>
			<height>45</height>
			<align>center</align>
			<aligny>center</aligny>
			<font>font-19</font>
			<label>31060</label>
			<textcolor>grey_b</textcolor>
		</control>
		<control type="list" id="450">
			<posx>10</posx>
			<posy>145</posy>
			<width>880</width>
			<height>160</height>
			<onleft>450</onleft>
			<onright>450</onright>
			<onup>450</onup>
			<ondown>450</ondown>
			<orientation>vertical</orientation>
			<viewtype label="535">list</viewtype>
			<scrolltime>200</scrolltime>
			<itemlayout width="880" height="45">
				<control type="label">
					<posx>0</posx>
					<posy>0</posy>
					<width>880</width>
					<height>45</height>
					<font>font-22</font>
					<align>center</align>
					<textcolor>grey</textcolor>
					<label>$INFO[ListItem.Label]</label>	
				</control>
			</itemlayout>
			<focusedlayout width="880" height="45">
				<control type="label">
					<posx>0</posx>
					<posy>0</posy>
					<width>880</width>
					<height>45</height>
					<font>font-22</font>
					<align>center</align>
					<textcolor>$VAR[main_color]</textcolor>
					<label>$INFO[ListItem.Label]</label>
				</control>
			</focusedlayout>
		</control>
	</controls>
</window>
