<?xml version="1.0" encoding="UTF-8"?>
<window>
	<coordinates>
		<posx>360</posx>
		<posy>0</posy>
	</coordinates>
	<animation effect="zoom" start="0" end="100" center="1550,798" time="400">WindowOpen</animation>
	<animation effect="zoom" start="100" end="0" center="1550,798" time="400">WindowClose</animation>
	<animation effect="fade" end="96" time="0" condition="true">Conditional</animation>
	<controls>
		<control type="group" id="250">
			<control type="group">
				<posx>0</posx>
				<posy>100</posy>
				<control type="image">
					<description>left area</description>
					<posx>0</posx>
					<posy>0</posy>
					<width>1200</width>
					<height>702</height>
					<texture colordiffuse="grey_50">white.png</texture>
				</control>
				<control type="image">
					<description>right area</description>
					<posx>1200</posx>
					<posy>0</posy>
					<width>300</width>
					<height>702</height>
					<texture colordiffuse="grey">white.png</texture>
				</control>
				<control type="image">
					<description>right area</description>
					<posx>0</posx>
					<posy>700</posy>
					<width>1500</width>
					<height>3</height>
					<texture colordiffuse="$VAR[main_color]">white.png</texture>
				</control>
				<control type="image">
					<description>Seperator</description>
					<posx>0</posx>
					<posy>70</posy>
					<width>1500</width>
					<height>3</height>
					<texture>white.png</texture>
				</control>

				<!-- Logo of Service -->
				<control type="image" id="110">
					<description>logo icon</description>
					<posx>1205</posx>
					<posy>3</posy>
					<width>290</width>
					<height>60</height>
					<aspectratio align="right">keep</aspectratio>
				</control>

				<!-- File Title -->
				<control type="label">
					<description>textarea</description>
					<posx>80</posx>
					<posy>0</posy>
					<width>800</width>
					<height>40</height>
					<label>$INFO[Player.Title]</label>
					<font>font-20</font>
					<textcolor>grey</textcolor>
					<align>left</align>
					<wrapmultiline>false</wrapmultiline>
				</control>

				<!-- FileName Title -->
				<control type="label">
					<description>textarea</description>
					<posx>80</posx>
					<posy>32</posy>
					<width>800</width>
					<height>40</height>
					<label>$INFO[Player.Filename]</label>
					<font>font-20</font>
					<textcolor>lightgrey</textcolor>
					<align>left</align>
					<wrapmultiline>false</wrapmultiline>
				</control>
				<control type="label" id="140">
					<posx>1120</posx>
					<posy>0</posy>
					<width>400</width>
					<height>45</height>
					<align>right</align>
					<font>font-18</font>
					<textcolor>white</textcolor>
				</control>
			</control>
			<!-- Local Subtitle Enabled -->
			<control type="group" id="130">
				<control type="grouplist">
					<posx>472</posx>
					<posy>120</posy>
					<width>668</width>
					<height>45</height>
					<align>right</align>
					<orientation>horizontal</orientation>
					<usecontrolcoords>true</usecontrolcoords>
					<itemgap>8</itemgap>
					<control type="label">
						<posy>0</posy>
						<posx>0</posx>
						<description>notification</description>
						<width min="15" max="600">auto</width>
						<height>60</height>
						<font>font-18</font>
						<textcolor>white</textcolor>
						<label>$LOCALIZE[31000]</label>
						<aligny>center</aligny>
					</control>
					<control type="image">
						<posy>25</posy>
						<posx>0</posx>
						<width>15</width>
						<height>15</height>
						<texture colordiffuse="$VAR[main_color]">white.png</texture>
					</control>
				</control>
			</control>



			<control type="list" id="120">
				<posx>40</posx>
				<posy>195</posy>
				<width>1145</width>
				<height>580</height>
				<onleft>121</onleft>
				<onright>150</onright>
				<onup>120</onup>
				<ondown>120</ondown>
				<viewtype label="535">list</viewtype>
				<pagecontrol>121</pagecontrol>
				<scrolltime>200</scrolltime>
				<itemlayout width="1065" height="44">
					<control type="image">
						<posx>0</posx>
						<posy>10</posy>
						<width>30</width>
						<height>30</height>
						<texture>flags/subs/check.png</texture>
						<visible>ListItem.Property(sync)</visible>
					</control>
					<control type="image">
						<posx>30</posx>
						<posy>9</posy>
						<width>40</width>
						<height>27</height>
						<texture>flags/subs/$INFO[ListItem.Thumb,,.png]</texture>
						<aspectratio>keep</aspectratio>
					</control>
					<control type="label">
						<posx>70</posx>
						<posy>0</posy>
						<width>150</width>
						<height>45</height>
						<font>font-18</font>
						<aligny>center</aligny>
						<textcolor>white</textcolor>
						<selectedcolor>blue</selectedcolor>
						<align>left</align>
						<label>$INFO[ListItem.Label]</label>
					</control>

					<control type="label">
						<posx>235</posx>
						<posy>0</posy>
						<width>748</width>
						<height>45</height>
						<font>font-18</font>
						<aligny>center</aligny>
						<textcolor>white</textcolor>
						<selectedcolor>blue</selectedcolor>
						<align>left</align>
						<label>$INFO[ListItem.Label2]</label>
					</control>
					<control type="image">
						<posx>1000</posx>
						<posy>8</posy>
						<width>30</width>
						<height>30</height>
						<texture>flags/subs/icon_hearing-impaired.png</texture>
						<visible>ListItem.Property(hearing_imp)</visible>
					</control>
					<control type="image">
						<posx>1040</posx>
						<posy>16</posy>
						<width>92</width>
						<height>14</height>
						<texture>flags/subs/icon_rating_$INFO[ListItem.ActualIcon].png</texture>
						<aspectratio>keep</aspectratio>
					</control>
				</itemlayout>
				<focusedlayout width="1065" height="44">
					<control type="image">
						<posx>0</posx>
						<posy>10</posy>
						<width>30</width>
						<height>30</height>
						<texture colordiffuse="$VAR[main_color]">flags/subs/check.png</texture>
						<visible>ListItem.Property(sync)</visible>
					</control>
					<control type="image">
						<posx>30</posx>
						<posy>9</posy>
						<width>40</width>
						<height>27</height>
						<texture>flags/subs/$INFO[ListItem.Thumb,,.png]</texture>
						<aspectratio>keep</aspectratio>
					</control>
					<control type="label">
						<posx>70</posx>
						<posy>0</posy>
						<width>150</width>
						<height>45</height>
						<font>font-18</font>
						<aligny>center</aligny>
						<textcolor>$VAR[main_color]</textcolor>
						<selectedcolor>blue</selectedcolor>
						<align>left</align>
						<label>$INFO[ListItem.Label]</label>
					</control>

					<control type="label">
						<posx>235</posx>
						<posy>0</posy>
						<width>748</width>
						<height>45</height>
						<font>font-18</font>
						<aligny>center</aligny>
						<textcolor>$VAR[main_color]</textcolor>
						<selectedcolor>blue</selectedcolor>
						<align>left</align>
						<label>$INFO[ListItem.Label2]</label>
					</control>
					<control type="image">
						<posx>1000</posx>
						<posy>8</posy>
						<width>30</width>
						<height>30</height>
						<texture colordiffuse="$VAR[main_color]">flags/subs/icon_hearing-impaired.png</texture>
						<visible>ListItem.Property(hearing_imp)</visible>
					</control>
					<control type="image">
						<posx>1040</posx>
						<posy>16</posy>
						<width>92</width>
						<height>14</height>
						<texture>flags/subs/icon_rating_$INFO[ListItem.ActualIcon].png</texture>
						<aspectratio>keep</aspectratio>
					</control>
				</focusedlayout>
			</control>
		</control>
		<control type="group" id="250">
			<posx>0</posx>
			<posy>100</posy>

			<control type="button" id="160">
				<posx>1200</posx>
				<posy>80</posy>
				<width>300</width>
				<height>52</height>
				<label>$LOCALIZE[24120]</label>
				<font>font-18</font>
				<aligny>center</aligny>
				<textcolor>white</textcolor>
				<focusedcolor>white</focusedcolor>
				<selectedcolor>$VAR[main_color]</selectedcolor>
				<align>center</align>
				<texturefocus colordiffuse="grey_50">white.png</texturefocus>
				<texturenofocus colordiffuse="grey_50">-</texturenofocus>
				<onleft>120</onleft>
				<onright>120</onright>
				<onup>150</onup>
				<ondown>150</ondown>
			</control>
			<control type="list" id="150">
				<posx>1200</posx>
				<posy>188</posy>
				<width>488</width>
				<height>472</height>
				<onleft>122</onleft>
				<onright>120</onright>
				<onup>160</onup>
				<ondown>150</ondown>
				<viewtype label="535">list</viewtype>
				<pagecontrol>122</pagecontrol>
				<scrolltime>200</scrolltime>
				<itemlayout width="398" height="51">
					<control type="label">
						<posx>18</posx>
						<posy>0</posy>
						<width>280</width>
						<height>52</height>
						<font>font-18</font>
						<aligny>center</aligny>
						<textcolor>white</textcolor>
						<selectedcolor>$VAR[main_color]</selectedcolor>
						<align>left</align>
						<label>$INFO[ListItem.Label]</label>
					</control>
				</itemlayout>
				<focusedlayout width="398" height="51">
					<control type="image">
						<posx>0</posx>
						<posy>0</posy>
						<width>300</width>
						<height>52</height>
						<texture colordiffuse="grey_50">white.png</texture>
					</control>
					<control type="image">
						<posx>0</posx>
						<posy>0</posy>
						<width>300</width>
						<height>52</height>
						<texture colordiffuse="grey_50">white.png</texture>
						<visible>Control.HasFocus(150)</visible>
					</control>
					<control type="label">
						<posx>18</posx>
						<posy>0</posy>
						<width>280</width>
						<height>52</height>
						<font>font-18</font>
						<aligny>center</aligny>
						<textcolor>white</textcolor>
						<selectedcolor>$VAR[main_color]</selectedcolor>
						<align>left</align>
						<label>$INFO[ListItem.Label]</label>
					</control>
				</focusedlayout>
			</control>
		</control>
		<control type="scrollbar" id="121">
			<posx>10</posx>
			<posy>205</posy>
			<width>10</width>
			<height>565</height>
			<texturesliderbackground colordiffuse="grey_b">white.png</texturesliderbackground>
			<texturesliderbar colordiffuse="grey_a">white.png</texturesliderbar>
			<texturesliderbarfocus colordiffuse="$VAR[main_color]">white.png</texturesliderbarfocus>
			<textureslidernib colordiffuse="grey_a">white.png</textureslidernib>
			<textureslidernibfocus colordiffuse="white">white.png</textureslidernibfocus>
			<orientation>vertical</orientation>
			<showonepage>false</showonepage>
			<onleft>120</onleft>
			<onright>120</onright>
			<visible>Control.IsVisible(120)</visible>
		</control>

		<control type="button" id="8999">
			<description>Fake button for mouse control</description>
			<posx>0</posx>
			<posy>0</posy>
			<width>1</width>
			<height>1</height>
			<label>-</label>
			<font>-</font>
			<texturenofocus>-</texturenofocus>
			<texturefocus>-</texturefocus>
			<visible>true</visible>
		</control>
	</controls>
</window>
