<?xml version="1.0" encoding="UTF-8"?>
<window>
	<defaultcontrol always="true">10</defaultcontrol>
	<coordinates>
		<posx>0</posx>
		<posy>0</posy>
	</coordinates>
	<controls>
		<control type="image">
			<posx>0</posx>
			<posy>0</posy>
			<width>1920</width>
			<height>1080</height>
			<texture>black.png</texture>
			<animation effect="fade" start="0" end="70" time="300">WindowOpen</animation>
			<animation effect="fade" start="70" end="0" time="300">WindowClose</animation>
			<visible>!Window.IsVisible(ContentSettings) + !Window.IsVisible(AddonInformation)</visible>
		</control>
		<control type="group">
			<posx>310</posx>
			<posy>100</posy>
			<animation effect="zoom" start="0" end="100" center="900,480" time="400" delay="300">WindowOpen</animation>
			<animation effect="zoom" start="100" end="0" center="900,480" time="400">WindowClose</animation>
			<control type="image">
				<description>background image</description>
				<posx>0</posx>
				<posy>0</posy>
				<width>1300</width>
				<height>660</height>
				<texture background="true" colordiffuse="grey_50">white.png</texture>
				<bordertexture colordiffuse="grey_a">white.png</bordertexture>	
				<bordersize>2</bordersize>
			</control>
			<control type="image">
				<description>background image</description>
				<posx>2</posx>
				<posy>70</posy>
				<width>1000</width>
				<height>535</height>
				<texture background="true">dialogs/grey1.png</texture>

			</control>
			<control type="label" id="20">
				<description>Item Title value</description>
				<posx>50</posx>
				<posy>10</posy>
				<width>1200</width>
				<height>45</height>
				<align>center</align>
				<aligny>center</aligny>
				<textcolor>white</textcolor>
				<label>-</label>
				<font>font-32</font>
			</control>
			<control type="image">
				<posx>0</posx>
				<posy>70</posy>
				<width>1300</width>
				<height>2</height>
				<texture colordiffuse="grey_a">white.png</texture>
			</control>
			<control type="grouplist" id="2">
				<description>control settings area</description>
				<posx>10</posx>
				<posy>100</posy>
				<width>960</width>
				<height>500</height>
				<itemgap>-2</itemgap>
				<onup>10</onup>
				<ondown>10</ondown>
				<onleft>9001</onleft>
				<onright>9</onright>
			</control>
			<control type="grouplist" id="9">
				<description>control section area</description>
				<posx>1000</posx>
				<posy>103</posy>
				<width>300</width>
				<height>505</height>
				<itemgap>-2</itemgap>
				
				<onup>9</onup>
				<ondown>9</ondown>
				<onleft>2</onleft>
				<onright>2</onright>
			</control>

			<control type="button" id="3">
				<description>default Settings Button</description>
				<font>font-22</font>
				<align>left</align>
				<textwidth>900</textwidth>
				<textoffsetx>30</textoffsetx>
				<textcolor>darkgrey</textcolor>
				<focusedcolor>grey_b</focusedcolor>
				<texturefocus>dialogs/grey2.png</texturefocus>
				<texturenofocus>dialogs/grey1.png</texturenofocus>
				<invalidcolor>grey_a</invalidcolor>
				<disabledcolor>grey_a</disabledcolor>
			</control>
			<control type="button" id="13">
				<description>default Section Button</description>
				<width>300</width>
				<align>center</align>
				
				<texturenofocus>-</texturenofocus>
			</control>
			<control type="radiobutton" id="4">
				<description>default RadioButton</description>
				<height>45</height>
				<font>font-22</font>

				<radioposy>3</radioposy>
				<textoffsetx>75</textoffsetx>
				<align>right</align>
				<textwidth>900</textwidth>
				<textcolor>darkgrey</textcolor>
				<focusedcolor>grey_b</focusedcolor>
				<disabledcolor>grey_a</disabledcolor>
				<texturefocus>dialogs/grey2.png</texturefocus>
				<texturenofocus>dialogs/grey1.png</texturenofocus>
			</control>
			<control type="spincontrolex" id="5">
				<description>default spincontrolex</description>
				<height>45</height>
				<font>font-22</font>
				<textoffsetx>30</textoffsetx>
				<textwidth>900</textwidth>
				<textcolor>darkgrey</textcolor>
				<focusedcolor>grey_b</focusedcolor>
				<texturefocus>dialogs/grey2.png</texturefocus>
				<texturenofocus>dialogs/grey1.png</texturenofocus>
				<disabledcolor>grey_a</disabledcolor>
				<reverse>yes</reverse>
			</control>
			<control type="image" id="6">
				<description>default Seperator</description>
				<height>2</height>
				<texture colordiffuse="grey">white.png</texture>
			</control>
			<control type="label" id="7">
				<description>separator label</description>
				<label />
				<height>48</height>
				<font>font-20</font>
				<align>center</align>
				<aligny>bottom</aligny>
				<textcolor>$VAR[main_color]</textcolor>
			</control>
			<control type="sliderex" id="8">
				<description>default Slider</description>
				<height>45</height>
				<font>font-20</font>
				<textcolor>darkgrey</textcolor>
				<focusedcolor>$VAR[main_color]</focusedcolor>
				<disabledcolor>grey_a</disabledcolor>
			</control>

			<control type="grouplist" id="9001">		
				<posx>2</posx>
				<posy>605</posy>
				<align>left</align>
				<width>700</width>
				<height>65</height>
				<itemgap>10</itemgap>
				<orientation>horizontal</orientation>
				<onup>2</onup>
				<ondown>2</ondown>
				<onright>9</onright>
				<control type="button" id="10">
					<description>OK Button</description>
					<width>213</width>
					<label>186</label>
				</control>
				<control type="button" id="11">
					<description>Cancel Button</description>
					<width>213</width>
					<label>222</label>
				</control>
				<control type="button" id="12">
					<description>defaults Button</description>
					<width>213</width>
					<label>409</label>		
				</control>
			</control>
		</control>
	</controls>
</window>
