<?xml version="1.0" encoding="UTF-8"?>
<window>
	<defaultcontrol always="true">7</defaultcontrol>
	<controls>
		<control type="image">
			<posx>0</posx>
			<posy>0</posy>
			<width>1920</width>
			<height>1080</height>
			<texture>black.png</texture>
			<animation effect="fade" start="0" end="70" time="300">WindowOpen</animation>
			<animation effect="fade" start="70" end="0" time="300" delay="400">WindowClose</animation>
		</control>
		<control type="group">
			<posx>310</posx>
			<posy>100</posy>
			<animation effect="zoom" start="0" end="100" center="900,480" time="400" delay="300">WindowOpen</animation>
			<animation effect="zoom" start="100" end="0" center="900,480" time="400">WindowClose</animation>
			<control type="image">
				<description>background image</description>
				<posx>0</posx>
				<posy>0</posy>
				<width>1300</width>
				<height>660</height>
				<texture background="true" colordiffuse="grey_50">white.png</texture>
				<bordertexture colordiffuse="grey">white.png</bordertexture>	
				<bordersize>2</bordersize>
			</control>

			<control type="image">
				<posx>1060</posx>
				<posy>85</posy>
				<width>200</width>
				<height>200</height>
				<aspectratio scalediffuse="false">scale</aspectratio>
				<texture background="true">$INFO[Listitem.Icon]</texture>
				<bordertexture colordiffuse="grey_b">white.png</bordertexture>
				<bordersize>2</bordersize>
				<fadetime>IconCrossfadeTime</fadetime>
				<visible>!stringcompare(ListItem.Label,..)</visible>
			</control>

			<control type="group">
				<control type="label">
					<description>Item Title value</description>
					<posx>50</posx>
					<posy>10</posy>
					<width>1200</width>
					<height>45</height>
					<align>center</align>
					<aligny>center</aligny>
					<textcolor>white</textcolor>
					<label>$INFO[Listitem.Label]</label>
					<font>font-32</font>
				</control>
				<control type="image">
					<posx>40</posx>
					<posy>70</posy>
					<width>1220</width>
					<height>2</height>
					<texture>white.png</texture>
				</control>
				<control type="image">
					<posx>40</posx>
					<posy>324</posy>
					<width>1220</width>
					<height>2</height>
					<texture colordiffuse="grey">white.png</texture>
				</control>
				<control type="grouplist" id="9000">		
					<posx>1045</posx>
					<posy>340</posy>
					<align>left</align>
					<width>213</width>
					<height>320</height>
					<itemgap>10</itemgap>
					<orientation>vertical</orientation>
					<onup>9000</onup>
					<ondown>9000</ondown>
					<onleft>61</onleft>
					<onright>61</onright>
					<control type="button" id="7">
						<description>OK</description>
						<width>213</width>
						<height>35</height>
						<label>186</label>
					</control>
					<control type="button" id="6">
						<description>Record</description>
						<width>213</width>
						<height>35</height>
						<label>-</label>
					</control>
					<control type="button" id="5">
						<description>Switch button</description>
						<width>213</width>
						<height>35</height>
						<label>19165</label>
					</control>
				</control>
				
				<control type="grouplist" id="49">
					<posx>5</posx>
					<posy>70</posy>
					<usecontrolcoords>true</usecontrolcoords>
					<width>960</width>
					<height>300</height>
					<itemgap>27</itemgap>
					<orientation>vertical</orientation>
					<control type="group">
						<visible>!IsEmpty(ListItem.Title)</visible>	
						<control type="label">
							<posx>960</posx>
							<posy>0</posy>
							<height>40</height>
							<width>120</width>
							<textcolor>grey_b</textcolor>
							<align>right</align>
							<label>$LOCALIZE[556]:</label>
							<font>font-20</font>
						</control>
						<control type="label">
							<posx>820</posx>
							<posy>4</posy>
							<height>40</height>
							<width>810</width>
							<textcolor>grey_a</textcolor>
							<align>right</align>
							<label>$INFO[ListItem.Title]</label>
							<font>font-18</font>
						</control>
					</control>
					<control type="group">
						<visible>!IsEmpty(ListItem.ChannelNumberLabel)</visible>	
						<control type="label">
							<posx>960</posx>
							<posy>0</posy>
							<height>40</height>
							<width>120</width>
							<textcolor>grey_b</textcolor>
							<align>right</align>
							<label>$LOCALIZE[19148]:</label>
							<font>font-20</font>
						</control>
						<control type="label">
							<posx>820</posx>
							<posy>4</posy>
							<height>40</height>
							<width>810</width>
							<textcolor>grey_a</textcolor>
							<align>right</align>
							<label>$INFO[ListItem.ChannelNumberLabel]. $INFO[ListItem.ChannelName]</label>
							<font>font-18</font>
						</control>
					</control>
					<control type="group">
						<visible>!IsEmpty(ListItem.Duration)</visible>	
						<control type="label">
							<posx>960</posx>
							<posy>0</posy>
							<height>40</height>
							<width>140</width>
							<textcolor>grey_b</textcolor>
							<align>right</align>
							<label>$LOCALIZE[180]:</label>
							<font>font-20</font>
						</control>
						<control type="label">
							<posx>820</posx>
							<posy>4</posy>
							<height>40</height>
							<width>810</width>
							<textcolor>grey_a</textcolor>
							<align>right</align>
							<label>$INFO[ListItem.Duration]</label>
							<scroll>true</scroll>
							<scrollspeed>35</scrollspeed>
							<font>font-18</font>
						</control>
					</control>
					<control type="group">
						<visible>!IsEmpty(ListItem.StartDate)</visible>	
						<control type="label">
							<posx>960</posx>
							<posy>0</posy>
							<height>40</height>
							<width>120</width>
							<textcolor>grey_b</textcolor>
							<align>right</align>
							<label>$LOCALIZE[552]:</label>
							<font>font-20</font>
						</control>
						<control type="label">
							<posx>820</posx>
							<posy>4</posy>
							<height>40</height>
							<width>810</width>
							<textcolor>grey_a</textcolor>
							<align>right</align>
							<label>$INFO[ListItem.StartDate]</label>
							<font>font-18</font>
						</control>
					</control>
					<control type="group">
						<visible>!IsEmpty(ListItem.StartTime)</visible>	
						<control type="label">
							<posx>960</posx>
							<posy>0</posy>
							<height>40</height>
							<width>120</width>
							<textcolor>grey_b</textcolor>
							<align>right</align>
							<label>$LOCALIZE[142]</label>
							<font>font-20</font>
						</control>
						<control type="label">
							<posx>820</posx>
							<posy>4</posy>
							<height>40</height>
							<width>810</width>
							<textcolor>grey_a</textcolor>
							<align>right</align>
							<label>$INFO[ListItem.StartTime]</label>
							<font>font-18</font>
						</control>
					</control>
					<control type="group">
						<visible>!IsEmpty(ListItem.Genre)</visible>	
						<control type="label">
							<posx>960</posx>
							<posy>0</posy>
							<height>40</height>
							<width>260</width>
							<textcolor>grey_b</textcolor>
							<align>right</align>
							<label>$LOCALIZE[135]:</label>
							<font>font-20</font>
						</control>
						<control type="label">
							<posx>820</posx>
							<posy>4</posy>
							<height>40</height>
							<width>810</width>
							<textcolor>grey_a</textcolor>
							<align>right</align>
							<label>$INFO[ListItem.Genre]</label>
							<font>font-18</font>
						</control>
					</control>
					<control type="group">
						<visible>!IsEmpty(ListItem.PlotOutline)</visible>	
						<control type="label">
							<posx>960</posx>
							<posy>0</posy>
							<height>40</height>
							<width>260</width>
							<textcolor>grey_b</textcolor>
							<align>right</align>
							<label>$LOCALIZE[203]:</label>
							<font>font-20</font>
						</control>
						<control type="label">
							<posx>800</posx>
							<posy>4</posy>
							<height>40</height>
							<width>790</width>
							<textcolor>grey_a</textcolor>
							<align>right</align>
							<label>$INFO[ListItem.PlotOutline]</label>
							<font>font-18</font>
							<scroll>true</scroll>
							<scrollspeed>35</scrollspeed>
						</control>
					</control>
				</control>
				<control type="textbox">
					<posx>10</posx>
					<posy>330</posy>
					<width>950</width>
					<height>315</height>
					<font>font-22</font>
					<align>right</align>
					<textcolor>grey_b</textcolor>
					<label>$INFO[ListItem.Plot]</label>
					<pagecontrol>61</pagecontrol>
					<autoscroll time="3000" delay="45000" repeat="15000">!Control.HasFocus(61) + Skin.HasSetting(AutoScroll)</autoscroll>
				</control>
				<control type="scrollbar" id="61">
					<description>scroll for plot button</description>
					<posx>1000</posx>
					<posy>330</posy>
					<width>10</width>
					<height>318</height>
					<include>scroll_bar</include>
					<onleft>9000</onleft>
					<onright>9000</onright>
					<ondown>61</ondown>
					<onup>61</onup>
					<showonepage>true</showonepage>
				</control>
			</control>
		</control>
	</controls>
</window>
