<?xml version="1.0" encoding="UTF-8"?>
<fonts>
	<fontset idloc="31072" id="default" unicode="true">
		<font>
			<name>font10</name>
			<filename>arial.ttf</filename>
			<size>20</size>
		</font>
		<font>
			<name>font30_title</name>
			<filename>arial.ttf</filename>
			<size>48</size>
		</font>
		<font>
			<name>font12</name>
			<filename>arial.ttf</filename>
			<size>30</size>
		</font>
		<font>
			<name>font-12</name>
			<filename>arial.ttf</filename>
			<size>18</size>
		</font>
		<font>
			<name>font13</name>
			<filename>arial.ttf</filename>
			<size>30</size>
		</font>
		<font>
			<name>font-14</name>
			<filename>arial.ttf</filename>
			<size>21</size>
		</font>
		<font>
			<name>font-15</name>
			<filename>arial.ttf</filename>
			<size>22</size>
		</font>
		<font>
			<name>font-15b</name>
			<filename>arial.ttf</filename>
			<size>22</size>
			<style>bold</style>
		</font>
		<font>
			<name>font-16</name>
			<filename>arial.ttf</filename>
			<size>24</size>
		</font>
		<font>
			<name>font-17</name>
			<filename>arial.ttf</filename>
			<size>26</size>
		</font>
		<font>
			<name>font-18</name>
			<filename>arial.ttf</filename>
			<size>27</size>
		</font>
		<font>
			<name>font-19</name>
			<filename>arial.ttf</filename>
			<size>28</size>
		</font>
		<font>
			<name>font-20</name>
			<filename>arial.ttf</filename>
			<size>30</size>
		</font>
		<font>
			<name>font-20b</name>
			<filename>arial.ttf</filename>
			<size>30</size>
			<style>bold</style>
		</font>
		<font>
			<name>font-21</name>
			<filename>arial.ttf</filename>
			<size>32</size>
		</font>
		<font>
			<name>font-22</name>
			<filename>arial.ttf</filename>
			<size>33</size>
		</font>
		<font>
			<name>font-22b</name>
			<filename>arial.ttf</filename>
			<size>33</size>
			<style>bold</style>
		</font>
		<font>
			<name>font-23</name>
			<filename>arial.ttf</filename>
			<size>34</size>
		</font>
		<font>
			<name>font-23b</name>
			<filename>arial.ttf</filename>
			<size>34</size>
			<style>bold</style>
		</font>
		<font>
			<name>font-24</name>
			<filename>arial.ttf</filename>
			<size>35</size>
			<linespacing>1</linespacing>
		</font>

		<font>
			<name>font-25</name>
			<filename>arial.ttf</filename>
			<size>38</size>
		</font>
		<font>
			<name>font-28</name>
			<filename>arial.ttf</filename>
			<size>42</size>
		</font>
		<font>
			<name>font-30</name>
			<filename>arial.ttf</filename>
			<size>45</size>
			<style>bold</style>
		</font>
		<font>
			<name>font-32</name>
			<filename>arial.ttf</filename>
			<size>48</size>
		</font>
		<font>
			<name>font-35</name>
			<filename>arial.ttf</filename>
			<size>52</size>
		</font>
		<font>
			<name>font-40</name>
			<filename>arial.ttf</filename>
			<size>60</size>
		</font>
		<font>
			<name>font-80</name>
			<filename>arial.ttf</filename>
			<size>120</size>
		</font>
		<font>
			<name>menu-30</name>
			<filename>NE.ttf</filename>
			<size>30</size>
		</font>
		<font>
			<name>menu</name>
			<filename>NE.ttf</filename>
			<size>38</size>
		</font>
		<font>
			<name>time</name>
			<filename>NE.ttf</filename>
			<size>82</size>
			<aspect>0.7</aspect>
		</font>
		<font>
			<name>date</name>
			<filename>NE.ttf</filename>
			<size>35</size>
		</font>
		<font>
			<name>weather</name>
			<filename>arial.ttf</filename>
			<size>20</size>
			<style>bold</style>
			<aspect>1</aspect>
		</font>
	</fontset>
		<fontset id="Russian">
		<font>
			<name>font10</name>
			<filename>arial.ttf</filename>
			<size>20</size>
		</font>
		<font>
			<name>font30_title</name>
			<filename>arial.ttf</filename>
			<size>48</size>
		</font>
		<font>
			<name>font12</name>
			<filename>arial.ttf</filename>
			<size>30</size>
		</font>
		<font>
			<name>font-12</name>
			<filename>arial.ttf</filename>
			<size>18</size>
		</font>
		<font>
			<name>font13</name>
			<filename>arial.ttf</filename>
			<size>30</size>
		</font>
		<font>
			<name>font-14</name>
			<filename>arial.ttf</filename>
			<size>21</size>
		</font>
		<font>
			<name>font-15</name>
			<filename>arial.ttf</filename>
			<size>22</size>
		</font>
		<font>
			<name>font-15b</name>
			<filename>arial.ttf</filename>
			<size>22</size>
			<style>bold</style>
		</font>
		<font>
			<name>font-16</name>
			<filename>arial.ttf</filename>
			<size>24</size>
		</font>
		<font>
			<name>font-17</name>
			<filename>arial.ttf</filename>
			<size>26</size>
		</font>
		<font>
			<name>font-18</name>
			<filename>arial.ttf</filename>
			<size>20</size> <!-- создатели и главы -->
		</font>
		<font>
			<name>font-19</name>
			<filename>arial.ttf</filename>
			<size>28</size>
		</font>
		<font>
			<name>font-20</name>
			<filename>arial.ttf</filename>
			<size>20</size>  <!-- rss.главное меню,что есть в каждом подменю -->
		</font>
		<font>
			<name>font-20b</name>
			<filename>arial.ttf</filename>
			<size>30</size>
			<style>bold</style>
		</font>
		<font>
			<name>font-21</name>
			<filename>arial.ttf</filename>
			<size>32</size>
		</font>
		<font>
			<name>font-22</name>
			<filename>arial.ttf</filename>
			<size>24</size>  <!-- шрифт всего меню -->
		</font>
		<font>
			<name>font-22b</name>
			<filename>arial.ttf</filename>
			<size>33</size>
			<style>bold</style>
		</font>
		<font>
			<name>font-23</name>
			<filename>arial.ttf</filename>
			<size>24</size> <!-- шрифт в кнопках внешний вид-настройки главного экрана -->
		</font>
		<font>
			<name>font-23b</name>
			<filename>arial.ttf</filename>
			<size>34</size>
			<style>bold</style>
		</font>
		<font>
			<name>font-24</name>
			<filename>arial.ttf</filename>
			<size>28</size> <!-- нижнее меню и внутри его -->
			<linespacing>1</linespacing>
		</font>

		<font>
			<name>font-25</name>
			<filename>arial.ttf</filename>
			<size>38</size>
		</font>
		<font>
			<name>font-28</name>
			<filename>arial.ttf</filename>
			<size>42</size>
		</font>
		<font>
			<name>font-30</name>
			<filename>arial.ttf</filename>
			<size>30</size> <!-- меню выхода -->
			<style>bold</style>
		</font>
		<font>
			<name>font-32</name>
			<filename>arial.ttf</filename>
			<size>48</size>
		</font>
		<font>
			<name>font-35</name>
			<filename>arial.ttf</filename>
			<size>52</size>
		</font>
		<font>
			<name>font-40</name>
			<filename>arial.ttf</filename>
			<size>60</size>
		</font>
		<font>
			<name>font-80</name>
			<filename>arial.ttf</filename>
			<size>120</size>
		</font>
		<font>
			<name>menu-30</name>
			<filename>arial.ttf</filename>
			<size>30</size>
		</font>
		<font>
			<name>menu</name>
			<filename>arial.ttf</filename>
			<size>24</size> <!-- меню настроек и внизу под плитками -->
		</font>
		<font>
			<name>time</name>
			<filename>arial.ttf</filename>
			<size>55</size>
			<aspect>0.9</aspect>
		</font>
		<font>
			<name>date</name>
			<filename>arial.ttf</filename>
			<size>28</size>
		</font>
		<font>
			<name>weather</name>
			<filename>arial.ttf</filename>
			<size>20</size>
			<style>bold</style>
			<aspect>1</aspect>
		</font>
	</fontset>
</fonts>
