<?xml version="1.0" encoding="UTF-8"?>
<includes>
	<include name="View-WideList-54">
		<include>WideList_View</include>
	</include>
	<include name="WideList_View">

		<control type="group">
			<visible>Control.IsVisible(54) + IntegerGreaterThan(Container.NumItems,0)</visible>
			<include>views_animation</include>
			<control type="group">
				<control type="image">
					<posx>0</posx>
					<posy>0</posy>
					<width>1920</width>
					<height>1080</height>
					<texture background="true" fallback="special://skin/backgrounds/videos.jpg">$INFO[ListItem.Property(Fanart_Image)]</texture>
					<aspectratio>scale</aspectratio>
					<fadetime>300</fadetime>
					<visible>!Player.HasVideo + !Window.IsActive(mypics.xml)</visible>
				</control>
				<control type="image">
					<posx>0</posx>
					<posy>0</posy>
					<width>1920</width>
					<height>1080</height>
					<texture background="true" fallback="special://skin/backgrounds/pictures.jpg">$INFO[ListItem.FilenameAndPath]</texture>
					<aspectratio>scale</aspectratio>
					<fadetime>300</fadetime>
					<visible>!Player.HasVideo + Window.IsActive(mypics.xml)</visible>
				</control>
				<control type="image">
					<posx>440</posx>
					<posy>400</posy>
					<height>625</height>
					<width>1430</width>
					<texture background="true">main/main_menu.png</texture>
					<bordertexture colordiffuse="grey_a">white.png</bordertexture>
					<bordersize>1</bordersize>
					<include>widelist_fade_level</include>
				</control>
				<control type="image">
					<posx>440</posx>
					<posy>634</posy>
					<width>480</width>
					<height>1</height>
					<texture colordiffuse="grey_a">white.png</texture>
					<visible>!IsEmpty(ListItem.Art(clearlogo)) | !IsEmpty(ListItem.Art(tvshow.clearlogo))</visible>
				</control>
				<control type="image">
					<posx>440</posx>
					<posy>946</posy>
					<width>480</width>
					<height>1</height>
					<texture colordiffuse="grey_a">white.png</texture>
					<visible>!ListItem.IsCollection</visible>
				</control>
				<control type="image">
					<posx>920</posx>
					<posy>400</posy>
					<width>1</width>
					<height>624</height>
					<texture colordiffuse="grey_a">white.png</texture>
				</control>
			</control>

			<control type="image">
				<posx>580</posx>
				<posy>500</posy>
				<width>256</width>
				<height>256</height>
				<texture colordiffuse="$VAR[main_color]" background="true">DefaultFolderBack2.png</texture>
				<visible>stringcompare(ListItem.Label,..)</visible>
			</control>

			<control type="list" id="54">
				<posx>920</posx>
				<posy>400</posy>
				<height>625</height>
				<width>950</width>
				<onleft>9006</onleft>
				<onright>60</onright>
				<onup>54</onup>
				<ondown>54</ondown>
				<viewtype label="31204">list</viewtype>
				<visible>StringCompare(Window(Home).Property(SkinHelper.ForcedView),54) | IsEmpty(Window(Home).Property(SkinHelper.ForcedView))</visible>
				<pagecontrol>60</pagecontrol>
				<scrolltime tween="circle" easing="inout">400</scrolltime>
				<preloaditems>2</preloaditems>
				<animation effect="fade" start="0" end="100" time="1000">WindowOpen</animation>
				<animation effect="fade" start="100" end="0" delay="0" time="400">WindowClose</animation>
				<itemlayout width="950" height="78">

					<!-- Item from Movies with no focus -->
					<control type="label">
						<posx>58</posx>
						<posy>15</posy>
						<width>795</width>
						<height>40</height>
						<font>font-24</font>
						<textcolor>grey_b</textcolor>
						<selectedcolor>grey_b</selectedcolor>
						<align>right</align>
						<aligny>top</aligny>
						<label>$VAR[movie_label]</label>
						<autoscroll time="3000" delay="4000" repeat="500">true</autoscroll>
						<visible>[Container.Content(Episodes) + !IsEmpty(ListItem.Episode) + !IsEmpty(ListItem.TVShowTitle)] | [Container.Content(songs) + !IsEmpty(ListItem.TrackNumber)]</visible>
					</control>
					<control type="label">
						<posx>58</posx>
						<posy>0</posy>
						<width>850</width>
						<height>40</height>
						<font>font-24</font>
						<textcolor>grey_b</textcolor>
						<selectedcolor>grey_b</selectedcolor>
						<align>right</align>
						<aligny>top</aligny>
						<label>$VAR[movie_label]</label>
						<autoscroll time="3000" delay="4000" repeat="500">true</autoscroll>				
						<visible>[[!Container.Content(Episodes) | IsEmpty(ListItem.Episode) | IsEmpty(ListItem.TVShowTitle)] + !Container.Content(songs)] | [Container.Content(songs) + IsEmpty(ListItem.TrackNumber)]</visible>
					</control>

					<!-- Sub Label -->
					<control type="label">
						<posx>58</posx>
						<posy>44</posy>
						<width>850</width>
						<height>30</height>
						<font>font-16</font>
						<textcolor>grey_a</textcolor>
						<selectedcolor>grey_a</selectedcolor>
						<align>right</align>
						<aligny>center</aligny>
						<label>$VAR[widelist_sublabel]</label>
						<visible>!ListItem.IsCollection</visible>
					</control>

					<!-- movie set icon -->
					<control type="image">
						<posx>860</posx>
						<posy>34</posy>
						<width>48</width>
						<height>48</height>
						<texture colordiffuse="grey_b">movieset.png</texture>
						<visible>ListItem.IsCollection</visible>
					</control>

					<!-- itemlayout Watched Status -->
					<control type="image">
						<posx>0</posx>
						<posy>0</posy>
						<width>60</width>
						<height>60</height>
						<texture flipx="false">wflag.png</texture>
						<visible>!stringcompare(ListItem.Label,..) + [StringCompare(ListItem.Overlay,overlaywatched.png) | IntegerGreaterThan(ListItem.PercentPlayed,0) | [[Container.Content(TVShows) | Container.Content(Seasons)] + !IsEmpty(ListItem.Property(UnWatchedEpisodes))]] </visible>
					</control>
					<control type="image">
						<posx>4</posx>
						<posy>7</posy>
						<width>28</width>
						<height>28</height>
						<texture colordiffuse="grey">eye.png</texture>
						<visible>StringCompare(ListItem.Overlay,overlaywatched.png)</visible>
					</control>
					<control type="label">
						<posx>-2</posx>
						<posy>12</posy>
						<width>50</width>
						<height>20</height>
						<font>font-12</font>
						<textcolor>grey</textcolor>
						<angle>45</angle>
						<align>center</align>
						<aligny>center</aligny>
						<label>$INFO[ListItem.PercentPlayed]%</label>
						<visible>!StringCompare(ListItem.Overlay,overlaywatched.png) + IntegerGreaterThan(ListItem.PercentPlayed,0) + !IntegerGreaterThan(ListItem.PercentPlayed,99)</visible>
					</control>
					<control type="label">
						<posx>-32</posx>
						<posy>12</posy>
						<width>100</width>
						<height>20</height>
						<font>font-12</font>
						<textcolor>grey</textcolor>
						<angle>45</angle>
						<align>center</align>
						<aligny>center</aligny>
						<label>$INFO[ListItem.Property(UnWatchedEpisodes)]</label>
						<visible>!StringCompare(ListItem.Overlay,overlaywatched.png) + [Container.Content(TVShows) | Container.Content(Seasons)]</visible>
					</control>

					<!-- Episode Number -->
					<control type="label">
						<posx>840</posx>
						<posy>25</posy>
						<width>100</width>
						<height>20</height>
						<font>font-30</font>
						<textcolor>grey_b</textcolor>
						<selectedcolor>grey_b</selectedcolor>
						<align>right</align>
						<aligny>center</aligny>
						<label>.$INFO[ListItem.Episode]$INFO[ListItem.TrackNumber]</label>
						<visible>IntegerGreaterThan(ListItem.Episode,9) | IntegerGreaterThan(ListItem.TrackNumber,9) | SubString(ListItem.Episode,S)</visible>
						<visible>[Container.Content(Episodes) + !IsEmpty(ListItem.Episode) + !IsEmpty(ListItem.TVShowTitle)] | [Container.Content(songs) + !IsEmpty(ListItem.TrackNumber)]</visible>
					</control>
					<control type="label">
						<posx>840</posx>
						<posy>25</posy>
						<width>100</width>
						<height>20</height>
						<font>font-30</font>
						<textcolor>grey_b</textcolor>
						<selectedcolor>grey_b</selectedcolor>
						<align>right</align>
						<aligny>center</aligny>
						<label>.0$INFO[ListItem.Episode]$INFO[ListItem.TrackNumber]</label>
						<visible>!IntegerGreaterThan(ListItem.Episode,9) + !IntegerGreaterThan(ListItem.TrackNumber,9) + !SubString(ListItem.Episode,S)</visible>
						<visible>[Container.Content(Episodes) + !IsEmpty(ListItem.Episode) + !IsEmpty(ListItem.TVShowTitle)] | [Container.Content(songs) + !IsEmpty(ListItem.TrackNumber)]</visible>
					</control>

					<control type="image">
						<posx>0</posx>
						<posy>0</posy>
						<width>1300</width>
						<height>1</height>
						<texture colordiffuse="grey_a">white.png</texture>
						<visible>!Skin.HasSetting(widelist_seps)</visible>
					</control>
					<control type="image">
						<posx>0</posx>
						<posy>78</posy>
						<width>1300</width>
						<height>1</height>
						<texture colordiffuse="grey_a">white.png</texture>
						<visible>!Skin.HasSetting(widelist_seps)</visible>
					</control>

				</itemlayout>
				<focusedlayout width="950" height="78">

					<control type="image">
						<posx>0</posx>
						<posy>0</posy>
						<width>950</width>
						<height>78</height>
						<texture>main/main_focus.png</texture>
						<visible>Skin.HasSetting(bold_list)</visible>
					</control>
					<control type="image">
						<posx>0</posx>
						<posy>0</posy>
						<width>950</width>
						<height>78</height>
						<texture colordiffuse="$VAR[list_bg_color]">white.png</texture>
						<animation effect="fade" end="25" time="0" condition="true">Conditional</animation>
						<visible>!Skin.HasSetting(bold_list)</visible>
					</control>
					<control type="image">
						<posx>0</posx>
						<posy>0</posy>
						<width>950</width>
						<height>1</height>
						<texture colordiffuse="grey_a">white.png</texture>
					</control>
					<control type="image">
						<posx>0</posx>
						<posy>78</posy>
						<width>950</width>
						<height>1</height>
						<texture colordiffuse="grey_a">white.png</texture>
					</control>

					<!-- Item from movie with focus -->
					<control type="label">
						<height>40</height>
						<font>font-24</font>
						<textcolor>$VAR[list_color]</textcolor>
						<selectedcolor>$VAR[list_color]</selectedcolor>
						<align>right</align>
						<aligny>top</aligny>
						<label>$VAR[movie_label]</label>
						<autoscroll time="3000" delay="4000" repeat="500">true</autoscroll>
						<width>795</width>
						<posx>58</posx>
						<posy>15</posy>
						<visible>[Container.Content(Episodes) + !IsEmpty(ListItem.Episode) + !IsEmpty(ListItem.TVShowTitle)] | [Container.Content(songs) + !IsEmpty(ListItem.TrackNumber)]</visible>
					</control>

					<control type="label">
						<height>40</height>
						<font>font-24</font>
						<textcolor>$VAR[list_color]</textcolor>
						<selectedcolor>$VAR[list_color]</selectedcolor>
						<align>right</align>
						<aligny>top</aligny>
						<label>$VAR[movie_label]</label>
						<autoscroll time="3000" delay="4000" repeat="500">true</autoscroll>
						<posx>58</posx>
						<posy>0</posy>
						<width>850</width>
						<visible>[[!Container.Content(Episodes) | IsEmpty(ListItem.Episode) | IsEmpty(ListItem.TVShowTitle)] + !Container.Content(songs)] | [Container.Content(songs) + IsEmpty(ListItem.TrackNumber)]</visible>
					</control>

					<!-- Sub Label -->
					<control type="label">
						<posx>58</posx>
						<posy>44</posy>
						<width>850</width>
						<height>30</height>
						<font>font-16</font>
						<textcolor>$VAR[list_color]</textcolor>
						<selectedcolor>$VAR[list_color]</selectedcolor>
						<align>right</align>
						<aligny>center</aligny>
						<label>$VAR[widelist_sublabel]</label>
						<visible>!ListItem.IsCollection</visible>
					</control>

					<!-- movie set -->
					<control type="image">
						<posx>860</posx>
						<posy>34</posy>
						<width>48</width>
						<height>48</height>
						<texture>movieset.png</texture>
						<visible>ListItem.IsCollection</visible>
					</control>
					<!-- Episode Number -->
					<control type="label">
						<posx>840</posx>
						<posy>25</posy>
						<width>100</width>
						<height>20</height>
						<font>font-30</font>
						<textcolor>$VAR[list_color]</textcolor>
						<selectedcolor>$VAR[list_color]</selectedcolor>
						<align>right</align>
						<aligny>center</aligny>
						<label>.$INFO[ListItem.Episode]$INFO[ListItem.TrackNumber]</label>
						<visible>IntegerGreaterThan(ListItem.Episode,9) | IntegerGreaterThan(ListItem.TrackNumber,9) | SubString(ListItem.Episode,S)</visible>
						<visible>[Container.Content(Episodes) + !IsEmpty(ListItem.Episode) + !IsEmpty(ListItem.TVShowTitle)] | [Container.Content(songs) + !IsEmpty(ListItem.TrackNumber)]</visible>
					</control>
					<control type="label">
						<posx>840</posx>
						<posy>25</posy>
						<width>100</width>
						<height>20</height>
						<font>font-30</font>
						<textcolor>$VAR[list_color]</textcolor>
						<selectedcolor>$VAR[list_color]</selectedcolor>
						<align>right</align>
						<aligny>center</aligny>
						<label>.0$INFO[ListItem.Episode]$INFO[ListItem.TrackNumber]</label>
						<visible>!IntegerGreaterThan(ListItem.Episode,9) + !IntegerGreaterThan(ListItem.TrackNumber,9) + !SubString(ListItem.Episode,S)</visible>
						<visible>[Container.Content(Episodes) + !IsEmpty(ListItem.Episode) + !IsEmpty(ListItem.TVShowTitle)] | [Container.Content(songs) + !IsEmpty(ListItem.TrackNumber)]</visible>
					</control>

					<!-- focuslayout Watched Status -->
					<control type="image">
						<posx>0</posx>
						<posy>0</posy>
						<width>60</width>
						<height>60</height>
						<texture flipx="false">wflag.png</texture>
						<visible>!stringcompare(ListItem.Label,..) + [StringCompare(ListItem.Overlay,overlaywatched.png) | IntegerGreaterThan(ListItem.PercentPlayed,0) | [[Container.Content(TVShows) | Container.Content(Seasons)] + !IsEmpty(ListItem.Property(UnWatchedEpisodes))]] </visible>
					</control>
					<control type="image">
						<posx>4</posx>
						<posy>7</posy>
						<width>28</width>
						<height>28</height>
						<texture colordiffuse="grey_b">eye.png</texture>
						<visible>StringCompare(ListItem.Overlay,overlaywatched.png)</visible>
					</control>
					<control type="label">
						<posx>-2</posx>
						<posy>12</posy>
						<width>50</width>
						<height>20</height>
						<font>font-12</font>
						<textcolor>grey_b</textcolor>
						<angle>45</angle>
						<align>center</align>
						<aligny>center</aligny>
						<label>$INFO[ListItem.PercentPlayed]%</label>
						<visible>!StringCompare(ListItem.Overlay,overlaywatched.png) + IntegerGreaterThan(ListItem.PercentPlayed,0) + !IntegerGreaterThan(ListItem.PercentPlayed,99)</visible>
					</control>
					<control type="label">
						<posx>-32</posx>
						<posy>12</posy>
						<width>100</width>
						<height>20</height>
						<font>font-12</font>
						<textcolor>grey_b</textcolor>
						<angle>45</angle>
						<align>center</align>
						<aligny>center</aligny>
						<label>$INFO[ListItem.Property(UnWatchedEpisodes)]</label>
						<visible>!StringCompare(ListItem.Overlay,overlaywatched.png) + [Container.Content(TVShows) | Container.Content(Seasons)]</visible>
					</control>
				</focusedlayout>
			</control>


			<!-- גלילה -->
			<include name="fanart_scroll">
				<param name="id" value="60" />
				<param name="listid" value="54" />
				<param name="posy">0</param>
				<param name="height">1080</param>
			</include>
			<!--CDART movie sets -->
			<control type="group">
				<left>2940</left>
				<top>161</top>
				<width>240</width>
				<height>240</height>
				<include>FanartRollingMovieSetDiscs</include>
			</control>

			<!-- CDART MOVIES -->

			<control type="group">
				<visible>!ListItem.IsCollection + !stringcompare(ListItem.Label,..)</visible>
				<!-- Default Discart  -->
				<control type="image">
					<posx>85</posx>
					<posy>390</posy>
					<width>320</width>
					<height>320</height>
					<aspect>keep</aspect>
					<texture>$INFO[ListItem.Art(discart)]</texture>
					<visible>!IsEmpty(ListItem.Art(discart)) + !Skin.HasSetting(widelist_Disable_CDART)</visible>
					<animation type="Conditional" reversible="true" condition="!IsEmpty(ListItem.Art(discart))">
						<effect type="slide" start="0,200" end="0,0" time="400"/>
						<effect type="rotate" center="auto" start="0" end="-10800" time="500000" pulse="true" delay="400"/>
					</animation> 
				</control>
				<!-- Fake Discart -->
				<control type="group">
					<posx>85</posx>
					<posy>390</posy>
					<width>320</width>
					<height>320</height>
					<visible>IsEmpty(ListItem.Art(discart)) + !Skin.HasSetting(widelist_Disable_FAKECDART) + [!IsEmpty(ListItem.Art(poster)) | !IsEmpty(ListItem.Art(tvshow.poster))]</visible>	
					<animation effect="slide" start="0,200" end="0,0" time="400" condition="True">Conditional</animation>
					<animation effect="rotate" center="auto" start="0" end="-10800" time="500000" reversible="false" pulse="true" delay="400" condition="True">Conditional</animation>
					<animation effect="fade" start="100" end="0" time="0" condition="Skin.HasSetting(widelist_Disable_TVFAKECDART) + !Container.Content(movies)">Conditional</animation>
					<control type="image">	
						<aspect>keep</aspect>
						<texture background="true" diffuse="thumbs/sets/cdart-mask.png">$VAR[widelist_fakecdart]</texture>
					</control>
					<control type="image">
						<texture>thumbs/sets/cdarttop.png</texture>
						<visible>[!IsEmpty(ListItem.Art(poster)) | !IsEmpty(ListItem.Art(tvshow.poster))]</visible>
					</control>
				</control>
			</control>

			<!-- /CDART Movies -->
			<!-- MOVIE POSTER IMAGE -->
			<control type="image">
				<posx>85</posx>
				<posy>555</posy>
				<width>320</width>
				<height>470</height>
				<aspectratio aligny="top">strech</aspectratio>
				<texture background="true">$INFO[ListItem.Icon]</texture>
				<bordertexture colordiffuse="grey_a">white.png</bordertexture>
				<bordersize>1,1,1,1</bordersize>
				<fadetime>300</fadetime>
				<visible>!StringCompare(ListItem.Label,..) + !Container.Content(Episodes)</visible>
			</control>
			<control type="image">
				<posx>85</posx>
				<posy>555</posy>
				<width>320</width>
				<height>470</height>
				<aspectratio aligny="top">strech</aspectratio>
				<texture background="true">$VAR[widelist_fakecdart]</texture>
				<bordertexture colordiffuse="grey_a">white.png</bordertexture>
				<bordersize>1,1,1,1</bordersize>
				<fadetime>300</fadetime>
				<visible>!StringCompare(ListItem.Label,..) + Container.Content(Episodes)</visible>
			</control>
			<control type="image">
				<posx>455</posx>
				<posy>410</posy>
				<width>450</width>
				<height>214</height>
				<aspectratio aligny="top">keep</aspectratio>
				<texture background="true">$INFO[ListItem.Icon]</texture>
				<bordertexture colordiffuse="grey_a">white.png</bordertexture>
				<bordersize>1,1,1,1</bordersize>
				<fadetime>300</fadetime>
				<visible>!StringCompare(ListItem.Label,..) + Container.Content(Episodes)</visible>
			</control>

			<!-- Clear Logo -->
			<control type="image">
				<posx>450</posx>
				<posy>440</posy>
				<width>450</width>
				<height>160</height>
				<texture background="true">$INFO[ListItem.Art(clearlogo)]$INFO[ListItem.Art(tvshow.clearlogo)]</texture>
				<visible>!Container.Content(Episodes)</visible>
			</control>
			<control type="image">
				<posx>450</posx>
				<posy>840</posy>
				<width>450</width>
				<height>160</height>
				<texture background="true">$INFO[Skin.String(music_path)]$INFO[ListItem.Artist,,/logo.png]</texture>
			</control>
			<!-- Plot for movies\tvshows - nologo -->
			<control type="textbox">
				<description>Plot Value for TVShows\Movies without logo</description>
				<posx>445</posx>
				<posy>410</posy>
				<width>450</width>
				<height>540</height>
				<font>font-22</font>
				<align>right</align>
				<textcolor>grey_b</textcolor>
				<label>$VAR[ViewFanartText]</label>
				<autoscroll time="2000" delay="15000" repeat="5000">!Skin.HasSetting(AutoScroll)</autoscroll>
				<visible>IsEmpty(ListItem.Art(clearlogo)) + IsEmpty(ListItem.Art(tvshow.clearlogo)) + !Container.Content(Episodes)</visible>
			</control>
			<control type="textbox">
				<description>Plot Value for Episodes</description>
				<posx>445</posx>
				<posy>640</posy>
				<width>450</width>
				<height>305</height>
				<font>font-22</font>
				<align>right</align>
				<textcolor>grey_b</textcolor>
				<label>$VAR[ViewFanartText]</label>
				<autoscroll time="2000" delay="15000" repeat="5000">!Skin.HasSetting(AutoScroll)</autoscroll>
				<visible>IsEmpty(ListItem.Art(clearlogo)) + IsEmpty(ListItem.Art(tvshow.clearlogo)) + Container.Content(Episodes)</visible>
			</control>
			<control type="textbox">
				<description>Plot Value for TVShows\Movies with logo</description>
				<posx>445</posx>
				<posy>640</posy>
				<width>450</width>
				<height>305</height>
				<font>font-22</font>
				<align>right</align>
				<textcolor>grey_b</textcolor>
				<label>$VAR[ViewFanartText]</label>
				<autoscroll time="2000" delay="8000" repeat="5000">!Skin.HasSetting(AutoScroll)</autoscroll>
				<visible>!IsEmpty(ListItem.Art(clearlogo)) | !IsEmpty(ListItem.Art(tvshow.clearlogo))</visible>
			</control>
			<control type="textbox">
				<posx>445</posx>
				<posy>410</posy>
				<width>450</width>
				<height>360</height>
				<font>font-22</font>
				<align>right</align>
				<textcolor>grey_b</textcolor>
				<label>$INFO[Window(Home).Property(SkinHelper.MovieSet.Title)]</label>
				<font>font-15</font>
				<textcolor>grey_b</textcolor>
				<animation effect="slide" end="0,230" time="200" condition="!IsEmpty(ListItem.Art(clearlogo)) | !IsEmpty(ListItem.Art(tvshow.clearlogo))">Conditional</animation>
				<visible>ListItem.IsCollection</visible>
			</control>
			<control type="group">
				<posx>440</posx>
				<posy>620</posy>
				<!-- HD\SD\3D Indicator flag -->
				<control type="image">
					<posx>45</posx>
					<posy>330</posy>
					<width>42</width>
					<height>48</height>
					<aspectratio>keep</aspectratio>
					<texture>$VAR[UnFocusHDIndicator]</texture>
					<visible>!IsEmpty(ListItem.VideoResolution)</visible>
				</control>
				<control type="label">
					<posx>10</posx>
					<posy>370</posy>
					<label>$INFO[ListItem.VideoResolution]</label>
					<font>font-16</font>
					<textcolor>white</textcolor>
					<width>110</width>
					<height>52</height>
					<align>center</align>
				</control>
				<!-- Dubbed Language -->
				<control type="group">
					<posx>175</posx>
					<posy>340</posy>
					<visible>!IsEmpty(Window(Home).Property(SkinHelper.ListItemLanguages)) + !ListItem.IsFolder + Container.Content(Movies) + !substring(ListItem.Path,plugin://)</visible>
					<include>ListItemLanguage</include>
					<control type="label">
						<label>21447</label>
						<font>font-16</font>
						<textcolor>white</textcolor>
						<width>140</width>
						<height>52</height>
						<posx>0</posx>
						<posy>28</posy>
						<align>center</align>
					</control>
				</control>


				<!-- Audio Codec -->
				<control type="image">
					<colordiffuse>white</colordiffuse>
					<posx>100</posx>
					<posy>325</posy>
					<width>90</width>
					<height>58</height>
					<texture>$INFO[ListItem.AudioCodec,flags/audio/,.png]</texture>
				</control>
				<control type="label">
					<posx>90</posx>
					<posy>370</posy>
					<label>$VAR[AudioChannels2]</label>
					<font>font-16</font>
					<textcolor>white</textcolor>
					<width>110</width>
					<height>52</height>
					<align>center</align>
				</control>

				<!-- Premiered -->
				<control type="label">
					<posx>300</posx>
					<posy>345</posy>
					<label>$INFO[ListItem.Premiered]</label>
					<font>font-16</font>
					<textcolor>white</textcolor>
					<width>210</width>
					<height>52</height>
					<align>center</align>
					<visible>Container.Content(episodes)</visible>
				</control>
				<control type="group">
					<visible>!IsEmpty(ListItem.StarRating) + !IsEmpty(ListItem.Rating) + !ListItem.IsCollection + !Container.Content(episodes)</visible>
					<posx>310</posx>
					<posy>335</posy>
					<!-- StarRating -->
					<control type="image">
						<description>Rating image</description>
						<posx>0</posx>
						<posy>0</posy>
						<width>160</width>
						<height>38</height>
						<texture>rating0.png</texture>
						<aspectratio align="right">keep</aspectratio>
					</control>

					<!-- DecreaseRating\IncreaseRating -->
					<control type="image">
						<description>Rating image</description>
						<posx>0</posx>
						<posy>0</posy>
						<width>160</width>
						<height>38</height>
						<texture colordiffuse="$VAR[main_color]">$INFO[ListItem.StarRating]</texture>
						<aspectratio align="right">keep</aspectratio>
						<visible>!StringCompare(ListItem.StarRating,rating0.png)</visible>
					</control>
					<control type="label">
						<posx>23</posx>
						<posy>35</posy>
						<label>$INFO[ListItem.Rating]</label>
						<font>font-16</font>
						<textcolor>white</textcolor>
						<width>110</width>
						<height>52</height>
						<align>center</align>
					</control>
				</control>

			</control>


			<!-- Hidden for show full screen Fanart -->
			<control type="button" id="555">
				<posx>2000</posx>
				<posy>-10</posy>
				<width>1</width>
				<height>1</height>
				<label>-</label>
				<onleft>54</onleft>
				<onright>54</onright>
				<onback>54</onback>
				<onclick>left</onclick>
				<onclick>Select</onclick>
				<ondown>Control.Move(54,1)</ondown>
				<onup>Control.Move(54,-1)</onup>
				<!-- <visible>!Player.HasVideo</visible> -->
			</control>
			<!-- Full Screen Fanart -->
			<control type="image">
				<posx>0</posx>
				<posy>0</posy>
				<width>1920</width>
				<height>1080</height>
				<texture background="true" fallback="special://skin/backgrounds/videos.jpg">$INFO[ListItem.Art(fanart)]</texture>
				<aspectratio>scale</aspectratio>
				<fadetime>0</fadetime>
				<animation effect="zoom" start="0" end="100" center="auto" tween="back" easing="out" time="500">Visible</animation>
				<animation effect="zoom" start="100" end="0" center="auto" tween="sine" easing="out" time="300">Hidden</animation>
				<!--<animation effect="zoom" start="0,80,1388,780" end="0,0,1920,1080" tween="back" easing="out" time="1000">Visible</animation>
				 <animation effect="zoom" end="0,80,1388,780" start="0,0,1920,1080" tween="back" easing="out" time="1000">Hidden</animation> -->
				<visible>!Player.HasVideo + Control.HasFocus(555)</visible>
			</control>
			<control type="image">
				<posx>0</posx>
				<posy>900</posy>
				<height>200</height>
				<width>1920</width>
				<texture>black.png</texture>
				<visible>!Container(54).OnNext + !Container(54).OnPrevious + Control.HasFocus(555) + !Player.HasVideo</visible>
				<animation type="Visible">
					<effect type="fade" end="60" time="0"/>
					<effect type="slide" start="0,200" end="0" time="300"/>
				</animation>
			</control>
			<control type="label">
				<posx>0</posx>
				<posy>910</posy>
				<width>1920</width>
				<height>200</height>
				<font>font-40</font>
				<textcolor>white</textcolor>
				<shadowcolor>$var[main_color]</shadowcolor>
				<align>center</align>
				<label>$INFO[ListItem.Label]</label>
				<wrapmultiline>true</wrapmultiline>
				<visible>!Container(54).OnNext + !Container(54).OnPrevious + Control.HasFocus(555) + !Player.HasVideo</visible>
				<animation effect="slide" start="0,200" end="0" time="300">Visible</animation>
				<!-- 				<visible>!Player.HasVideo + Control.HasFocus(555)</visible>  -->
			</control>
			<control type="group">
			<posy>200</posy>
			<include>scroll_letter_fanart</include>
			</control>
			

		</control>
	</include>
	<variable name="widelist_sublabel">
		<value condition="Container.Content(episodes)"></value>
		<value condition="Container.Content(addons)"></value>
		<value condition="Container.Content(musicvideos)">$INFO[ListItem.Artist]</value>
		<value condition="Container.Content(movies) + !IsEmpty(ListItem.Title)">$INFO[ListItem.Year,, • ]$INFO[ListItem.Genre,, • ]$INFO[ListItem.Rating,, ]$INFO[ListItem.Duration,• , $LOCALIZE[12391]]</value>
		<value condition="[Container.Content(tvshows) | Container.Content(seasons)] + !IsEmpty(ListItem.Property(TotalSeasons))">$INFO[ListItem.Property(TotalSeasons)] $LOCALIZE[33054], $INFO[ListItem.Property(TotalEpisodes)] $LOCALIZE[20360]</value>
	</variable>
</includes>
