<?xml version="1.0" encoding="UTF-8" standalone="yes"?>
<addon id="plugin.video.rainaddonwizard" name="Rain Addon Wizard" version="1.0.6" provider-name="KODIsrael.co.il">
  <requires>
	<import addon="xbmc.python" version="2.1.0"/>
	<import addon="script.module.beautifulsoup4" version="4.3.1" />
	<import addon="script.module.requests" version="2.5.3" />
	<import addon="script.module.html5lib" version="0.999.0" />
  </requires>
  <extension point="xbmc.python.pluginsource" library="default.py">
        <provides>video executable</provides>
  </extension>
  <extension point="xbmc.addon.metadata">
    <summary lang="en">Rain Addon Wizard</summary>
    <description lang="en">Easy Install With KODI / XBMC Wizard /By rain and Donatello</description>
    <platform>all</platform>
  </extension>
</addon>
