<?xml version="1.0" encoding="UTF-8" standalone="yes"?>
<addon id="repository.abeksis" name=".[COLOR blue]Abeksis[/COLOR][COLOR white] Repository[/COLOR]" version="1.0.2" provider-name="Abeksis">
    <extension point="xbmc.addon.repository" name=".Abeksis Repository ">
        <info compressed="false">http://abeksis.com/repo/addons.xml</info>
        <checksum>http://abeksis.com/repo/addons.xml.md5</checksum>
        <datadir zip="true">http://abeksis.com/repo/</datadir>
    </extension>
    <extension point="xbmc.addon.metadata">
        <summary lang="en">Abeksis Repository</summary>
        <summary lang="he">אבקסיס ריפו</summary>
		<description lang="en">Abeksis Repository</description>
		<description lang="he">אבקסיס ריפו, מספק לכם את מיטב ההרחבות הטובות מעולם הקודי, הכל מעודכן וזמין על בבסיס קבוע</description>
        <platform>all</platform>
    </extension>
</addon>
