<?xml version="1.0" encoding="UTF-8" standalone="yes"?>
<addon id="plugin.video.kodiviko" name="Viko Wizard" version="2.0.1" provider-name="Viko Farber">
  <requires>
    <import addon="xbmc.python" version="2.1.0"/>
  </requires>
  <extension point="xbmc.python.pluginsource" library="default.py">
        <provides>video executable</provides>
  </extension>
  <extension point="xbmc.addon.metadata">
    <summary lang="en">Viko Wizard</summary>
    <description lang="en">Данное дополнение установит Вам полностью рабочую и настроенную коди. Пакет был собран и настроен для пользователей группы facebook - kodisrael.net ru</description>
    <platform>all</platform>
  </extension>
</addon>

