[
    {
        "name": "30011",
        "description": "30021",
        "now": "http://digital.100fm.co.il/hebrew/NowPlaying/Ch4-Love.xml",
        "icon": "http://digital.100fm.co.il/img/01.jpg",
        "url": "http://213.8.143.168/100Love"
    },
    {
        "name": "30012",
        "description": "30022",
        "now": "http://digital.100fm.co.il/hebrew/NowPlaying/Ch2-Retro.xml",
        "icon": "http://digital.100fm.co.il/img/02.jpg",
        "url": "http://213.8.143.168/100Retro"
    },
    {
        "name": "30013",
        "description": "30023",
        "now": "http://digital.100fm.co.il/hebrew/NowPlaying/Ch3-Timeless.xml",
        "icon": "http://digital.100fm.co.il/img/03.jpg",
        "url": "http://213.8.143.168/100Oldies"
    },
    {
        "name": "30014",
        "description": "30024",
        "now": "http://digital.100fm.co.il/hebrew/NowPlaying/Ch1-Hits.xml",
        "icon": "http://digital.100fm.co.il/img/04.jpg",
        "url": "http://213.8.143.168/100Hits"
    },
    {
        "name": "30015",
        "description": "30025",
        "now": "",
        "icon": "http://digital.100fm.co.il/img/05.jpg",
        "url": "http://213.8.143.168/100Israeli"
    }
]