<?xml version="1.0" encoding="UTF-8" standalone="yes"?>
<addon id="plugin.video.muchmovies" name="Much Movies" version="1.2.7" provider-name=".[COLOR blue]X[/COLOR]unity[COLOR blue]T[/COLOR]alk">
  <requires>
    <import addon="xbmc.python" version="2.1.0"/>
    <import addon="script.module.t0mm0.common" version="0.0.1"/>
    <import addon="script.module.metahandler" version="1.0.0"/>
    <import addon="plugin.video.youtube" version="0.0.1"/>
  </requires>
  <extension point="xbmc.python.pluginsource" library="default.py">
        <provides>video</provides>
  </extension>
  <extension point="xbmc.addon.metadata">
    <summary lang="en">Watch Movies From MuchMovies.org</summary>
    <description lang="en">Watch Movies From MuchMovies.org</description>
    <disclaimer lang="en">By using This Plugin You will receive sometimes an advert which helps funds the developers developing.....we all thank you!!</disclaimer>
    <platform>all</platform>
  </extension>
</addon>
