<?xml version="1.0" encoding="UTF-8" standalone="yes"?>
<addon id="script.eminencefunctions" name="Eminence functions" version="0.0.1" provider-name="jurialmunkey">
    <requires>
        <import addon="xbmc.python" version="2.12.0"/>
    </requires>
    <extension point="xbmc.python.module" library="default.py"/>
    <extension point="xbmc.addon.metadata"> 
        <language/>
        <summary lang="en">Eminence Skin Functions Script</summary>
        <description lang="en">Provides skin functions for eminence</description>
        <platform>all</platform>
        <forum>-</forum>
        <source>-</source>
    </extension>
</addon>
