<?xml version="1.0" encoding="UTF-8" standalone="yes"?>
<addon id="metadata.hebtv.thewiz" name="HebTV TheWiz" version="1.8.4" provider-name="XBMC Foundation, TheWiz">
  <requires>
    <import addon="xbmc.metadata" version="2.1.0"/>
    <import addon="metadata.common.imdb.com" version="2.7.8"/>
  </requires>
  <extension point="xbmc.metadata.scraper.tvshows"
             language="multi"
             library="tvdb.xml"
             cachepersistence="00:15"/>
  <extension point="xbmc.addon.metadata">
    <summary lang="en">Fetch TV show metadata from TheTVDB.com(TheWiz Mirror)</summary>
    <summary lang="he">הורדת מידע על סדרות בעברית משרת TheWiz</summary>
    <description lang="en">TheTVDB.com is a TV Scraper. The site is a massive open database that can be modified by anybody and contains full meta data for many shows in different languages. All content and images on the site have been contributed by their users for users and have a high standard or quality. The database schema and website are open source under the GPL.</description>
    <description lang="he">(TheWiz Mirror) TheTVDB.com הוא סקרייפר עבור תוכניות טלוויזיה. אתר זה הוא מסד נתונים פתוח עצום אשר כל אחד יכול לערוך ומכיל פרטים מלאים להרבה תוכניות טלוויזיה בשפות שונות. כל התכנים והתמונות באתר נתרמו ע"י המשתמשים שלה עבור משתמשים וישנו סטנדרט גבוה או איכות גבוהה. תכנית המסד נתונית והאתר הם בקוד פתוח תחת ה-GPL.</description>
    <platform>all</platform>
    <license>GPL v2.0</license>
    <forum></forum>
    <website></website>
    <email></email>
    <source></source>
  </extension>
</addon>
