<?xml version="1.0" encoding="UTF-8" standalone="yes"?>
<addon id="plugin.video.quasar" name="Quasar" version="0.9.17" provider-name="scakemyer">
    <requires>
        <import addon="xbmc.python" version="2.1.0"/>
    </requires>
    <extension point="xbmc.python.pluginsource" library="navigation.py">
        <provides>video</provides>
    </extension>
    <extension point="xbmc.service" library="service.py" start="startup"/>
    <extension point="xbmc.python.module" library="resources/site-packages" />
    <extension point="xbmc.subtitle.module" library="navigation.py" />
    <extension point="xbmc.addon.metadata">
        <platform>all</platform>
        <language>en</language>
        <website><![CDATA[https://github.com/scakemyer/plugin.video.quasar]]></website>
        <forum><![CDATA[http://forum.xbmc.org/showthread.php?tid=200957]]></forum>
        <source><![CDATA[https://github.com/scakemyer/plugin.video.quasar]]></source>
        <language>en</language>
        <license><![CDATA[Non commercial. See https://github.com/scakemyer/plugin.video.quasar/blob/master/LICENSE]]></license>
        <summary><![CDATA[Quasar: Torrent streaming]]></summary>
        <description><![CDATA[Stream torrent files]]></description>
    </extension>
</addon>
