<?xml version="1.0" encoding="UTF-8"?><addon id="plugin.program.ump" name="UMP : Universal Media Provider" provider-name="boogiepop" version="0.0.68">
    <requires>
		<import addon="xbmc.python" version="2.1.0"/>
	</requires>
	<extension library="addon.py" point="xbmc.python.pluginsource">
		<provides>video audio image</provides>
	</extension>
	<extension point="xbmc.addon.metadata">
		<platform>all</platform>
		<summary lang="en">UMP : Universal Media Provider</summary>
		<description lang="en">Universal Media Provider is a framework designed to provide MOVIES, SERIES, ANIMES, MUSIC, ALBUMS, DISCOGRAPHIES, COMICS, MANGA and all various internet media in one addon from various blackholes of the internet</description>
		<license>GNU General Public License, v2</license>
		<language/>
		<forum>https://github.com/boogiekodi/plugin.program.ump/issues</forum>
		<source/>
		<website>http://ump.us.to</website>
		<email>boogiepop@gmx.com</email>
	</extension>
</addon>