<?xml version="1.0" encoding="UTF-8" standalone="yes"?>
<addon id="plugin.video.freestreams" name="Free Streams" version="0.1.9" provider-name="Mikey1234">
  <requires>
    <import addon="xbmc.python" version="2.1.0"/>
  </requires>
  <extension point="xbmc.python.pluginsource" library="default.py">
        <provides>video</provides>
  </extension>
  <extension point="xbmc.addon.metadata">
    <summary lang="en">Free Streams</summary>
    <description lang="en">Free Streams Live Tv </description>
    <platform>all</platform>
  </extension>
  <extension point="xbmc.service" library="service.py" start="login" />
</addon>
