<?xml version="1.0" encoding="UTF-8" standalone="yes"?>
<addon id="plugin.video.freeppv" name="Free PPV (Courtesy of OSS)" version="1.0.9" provider-name=".[COLOR blue]X[/COLOR]unity[COLOR blue]T[/COLOR]alk">
  <requires>
    <import addon="xbmc.python" version="2.1.0"/>
  </requires>
  <extension point="xbmc.python.pluginsource" library="default.py">
        <provides>video</provides>
  </extension>
  <extension point="xbmc.addon.metadata">
    <summary lang="en">Free PPV (Courtesy of OSS)</summary>
    <description lang="en">Free PPV (Courtesy of OSS)</description>
    <platform>all</platform>
  </extension>
</addon>
