<?xml version="1.0" encoding="UTF-8"?>
<addon id="plugin.video.tellynagari"
       name="Telly Nagari"
       version="0.1.5"
       provider-name="[COLOR blue]X[/COLOR]unity[COLOR blue]T[/COLOR]alk">
  <requires>
    <import addon="xbmc.python" version="2.1.0"/>
	<import addon="script.module.urlresolver" version="0.0.1"/>
	<import addon="script.module.t0mm0.common" version="0.0.1"/>
	<import addon="script.module.universal" version="0.0.1" />
  </requires>
  <extension point="xbmc.python.pluginsource"
            library="default.py">
        <provides>video</provides>
  </extension>
  <extension point="xbmc.addon.metadata">
    <summary lang="en">Telly Nagari (tellynagari.com)</summary>
    <description lang="en">Telly Nagari (tellynagari.com) - Complete Indian TV Portal</description>
    <platform>all</platform>
  </extension>
</addon>
