<?xml version="1.0" encoding="UTF-8" standalone="yes"?>
<addon id="service.xbmc.ecoupd" name="EcoUPD Service" version="1.0" provider-name="IPTVxtra">
  <requires>
    <import addon="xbmc.python" version="2.1.0"/>
	<import addon="plugin.program.ecoupd" version="1.0"/>
  </requires>
  <extension point="xbmc.service" library="default.py" start="login|startup">
  </extension>
  <extension point="xbmc.addon.metadata">
    <platform>all</platform>
    <summary>IPTVxtra Team</summary>
    <description>startet den EcoStream Updater einmalig beim XBMC Start</description>
  </extension>
</addon>
