<?xml version="1.0" encoding="UTF-8"?>
<addon id="plugin.video.w3nse" version="0.0.1" name="w3nse" provider-name="@MrEntertainRepo">
    <requires>
        <import addon="xbmc.python" version="2.1.0"/>
        <import addon="script.module.TheYid.common" version="0.1.1"/>
        <import addon="script.module.urlresolver"  version="2.1.2"/>
    </requires>
    <extension point="xbmc.python.pluginsource" library="default.py">
        <provides>video</provides>
    </extension>
    <extension point="xbmc.addon.metadata">
        <summary>w3nse movies</summary>
        <description>w3nse movies great for hollywood bollywood and Tamil movies in 720p 1080p (add-on still in beta) For more info go to www.entertainmentrepo.com</description>
        <platform>all</platform>
	 <forum>http://entertainmentrepo.com/</forum>
	 <website>http://entertainmentrepo.com/</website>
        <disclaimer lang="en">All the movies on this website are hosted on the third party sites and uploaded by other people. We are not responsible for any content that hosted on on the third-party sites. If you have any legal issues please contact appropriate video owners hosters.</disclaimer>
    </extension>
</addon>
