﻿<?xml version="1.0" encoding="UTF-8" standalone="yes"?>
<addon id="plugin.video.hushamiptv" name="Husham IPTV TV" version="1.0.3" provider-name="xunitytalk.com">
  <requires>
    <import addon="xbmc.python" version="2.1.0" />
  </requires>
  <extension point="xbmc.python.pluginsource" library="default.py">
    <provides>video</provides>
  </extension>
  <extension point="xbmc.addon.metadata">
    <summary lang="en">Husham IPTV TV</summary>
    <description lang="en">Husham IPTV TV is an IP television over the internet without satellite dish or cable.[CR]For more information, visit [COLOR blue]http://iptv.husham.com[/COLOR]</description>
    <platform>all</platform>
    <language>
    </language>
    <license>
    </license>
    <forum>
    </forum>
    <website>
    </website>
    <source>
    </source>
    <email>
    </email>
  </extension>
</addon>