<?xml version="1.0" encoding="UTF-8" standalone="yes"?>
<addon id="plugin.video.superreplays" name="Super Replays" version="1.0.3" provider-name=".[COLOR blue]X[/COLOR]unity[COLOR blue]T[/COLOR]alk">
  <requires>
    <import addon="xbmc.python" version="2.1.0"/>
    <import addon="script.module.t0mm0.common" version="1.0.0"/>
  </requires>
  <extension point="xbmc.python.pluginsource" library="default.py">
    <provides>video</provides>
  </extension>
  <extension point="xbmc.addon.metadata">
    <language>en</language>
    <platform>all</platform>
    <summary lang="en">Watch Any Sport Replays</summary>
    <description lang="en">Watch Any Sport Replays</description>
    <platform>all</platform>
  </extension>
</addon>
