<?xml version="1.0" encoding="UTF-8" standalone="yes"?>
<addon id="plugin.video.dex"
       name="Dexters TV Pro"
       version="1.0.2"
       provider-name="Pipcan">
  <requires>
    <import addon="xbmc.python" version="2.1.0"/>
	<import addon="script.module.requests" />
  	<import addon="script.module.urlresolver" />
</requires>
  <extension point="xbmc.python.pluginsource"
            library="default.py">
        <provides>video</provides>
  </extension>
  <extension point="xbmc.addon.metadata">
    <summary lang="en">Thanks For Keeping Dexter TV</summary>
    <language>en</language>
    <description lang="en"></description>
     <platform>all</platform>
  </extension>
</addon>
