<?xml version="1.0" encoding="UTF-8"?>
<addon id="plugin.video.ZstreamingER" version="0.0.6" name="[B]Z[/B]treaming" provider-name="@MrEntertainRepo">
    <requires>
        <import addon="xbmc.python" version="2.1.0"/>
        <import addon="script.module.TheYid.common" version="0.1.1"/>
        <import addon="script.module.urlresolver"  version="2.1.2"/>
    </requires>
    <extension point="xbmc.python.pluginsource" library="default.py">
        <provides>video</provides>
    </extension>
    <extension point="xbmc.addon.metadata">
        <summary>[B]Z[/B]treaming HD Movies</summary>
        <description>[B]Z[/B]treaming great for 720p 1080p movies ONLY HAS OPENLOAD LINKS SO WORKS BEST WITH A REAL-DEBRID ACCOUNT (add-on still in beta) For more info go to www.entertainmentrepo.com</description>
        <platform>all</platform>
	 <forum>http://entertainmentrepo.com/</forum>
	 <website>http://entertainmentrepo.com/</website>
        <disclaimer lang="en">All the movies on this website are hosted on the third party sites and uploaded by other people. We are not responsible for any content that hosted on on the third-party sites. If you have any legal issues please contact appropriate video owners hosters.</disclaimer>
    </extension>
</addon>
