<?xml version="1.0" encoding="UTF-8" standalone="yes"?>
<addon id="script.image.resource.select" name="Image Resource Select Addon" version="0.0.9" provider-name="ronie">
	<requires>
		<import addon="xbmc.python" version="2.24.0"/>
		<import addon="script.module.simplejson" version="3.3.0"/>
	</requires>
	<extension point="xbmc.python.library" library="default.py"/>
	<extension point="xbmc.addon.metadata">
		<summary lang="en">Image resource selection addon</summary>
		<description lang="en">Script for skinners to let users select an image resource addon.</description>
		<language/>
		<platform>all</platform>
		<license>GNU GENERAL PUBLIC LICENSE Version 2</license>
		<forum>http://forum.kodi.tv/showthread.php?tid=239558</forum>
		<website/>
		<email/>
		<source>https://github.com/ronie/script.image.resource.select</source>
	</extension>
</addon>
