<?xml version="1.0" encoding="UTF-8"?>
<addon id="plugin.video.SportsDevil" version="2015.11.14" name="SportsDevil" provider-name="MaxMustermann,Al101,Hubbab3,Sattekop">
  <requires>
   <import addon="xbmc.python" version="2.14.0"/>
   <import addon="script.module.requests" />
  </requires>
  <extension 
    point="xbmc.python.pluginsource"
    library="default.py">
   <provides>video</provides>
  </extension>
  <extension point="xbmc.addon.metadata">
    <summary>Play videos of different sports streaming sites</summary>
    <description>Play videos of different sports streaming sites</description>
    <platform>all</platform>
  </extension>
</addon>