<?xml version="1.0" encoding="UTF-8"?>
<addon id="plugin.video.SportsDevil" version="2016.01.12" name="SportsDevil" provider-name="MaxMustermann">
  <requires>
   <import addon="xbmc.python" version="2.14.0"/>
   <import addon="script.module.requests"/>
   <import addon="script.module.pydevd" version="4.4.0" optional="true"/>
  </requires>
  <extension point="xbmc.python.pluginsource" library="default.py">
   <provides>video</provides>
  </extension>
  <extension point="xbmc.addon.metadata">
    <summary>Play videos of different sports streaming sites</summary>
    <description>Play videos of different sports streaming sites</description>
    <license>GNU GENERAL PUBLIC LICENSE. Version 2, June 1991</license>
    <platform>all</platform>
  </extension>
</addon>
