<?xml version="1.0" encoding="UTF-8"?>
<!-- Foundation -->
<includes>

    <constant name="globalpad">10</constant>
    <constant name="globalh">690</constant>
    <constant name="globalw">1448</constant>
    <constant name="topoffset">70</constant>
    
    <constant name="widgethubrightw">482</constant>
    
    <constant name="lovefilmw">1428</constant>
    
    <constant name="bigposterh">670</constant>
    <constant name="bigposterw">446</constant>
    <constant name="bigposterwplot">426</constant>
    <constant name="bigposterhfanart">251</constant>
    <constant name="bigposterwborder">466</constant>
    <constant name="bigposterhborder">690</constant>
    <constant name="bigposterwlist">491</constant>
    
    
    <constant name="wallposterh">320</constant>
    <constant name="wallposterhborder">340</constant>
    <constant name="wallposterhlist">350</constant>
    <constant name="wallposterw">213</constant>
    <constant name="wallposterwborder">233</constant>
    <constant name="wallposterwlist">243</constant>
    
    <constant name="bannerh">129</constant>
    <constant name="bannerhepisode">204</constant>
    <constant name="bannerwepisode">363</constant>
    <constant name="bannerhborder">224</constant>
    <constant name="bannerhlist">233</constant>
    <constant name="bannerwlist">729</constant>
    <constant name="bannerwborder">719</constant>
    <constant name="bannerw">699</constant>
    
    <constant name="fiveline">110</constant>
    <constant name="fivelinebanner">594</constant>
    <constant name="fivelineborder">130</constant>
    <constant name="fivelinelist">140</constant>
        
    <constant name="threecol">456</constant>
    <constant name="threecolborder">476</constant>
    <constant name="threecollist">486</constant>
    <constant name="threecolfanart">257</constant>
    <constant name="threecolplot">436</constant>
    
    <constant name="listh">69</constant>
    <constant name="listw">972</constant>
    
    <constant name="listx">18</constant>
    <constant name="listy">210</constant>
    
    <constant name="horzpad">216</constant>
    <constant name="horznegpad">-216</constant>
    <constant name="horznegpadepg">-432</constant>
    <constant name="listpad">18</constant>

	    <constant name="pad">10</constant>
    <constant name="side">20</constant>
    <constant name="top">280</constant>
    <constant name="height">690</constant>
    <constant name="posterh">690</constant>
    <constant name="thumbh">251</constant>
    <constant name="posterw">467</constant>
    <constant name="posterlistw">487</constant>
    <constant name="infox">477</constant>
    <constant name="posterx">1413</constant>
    <constant name="toppanel">160</constant>
    <constant name="listw">1403</constant>
    <constant name="listsqw">1180</constant>
    <constant name="sidearrowtop">625</constant>
    <constant name="favitemw">1256</constant>
    <constant name="favdialogw">1720</constant>

    <constant name="pad3">10</constant>
    <constant name="side3">20</constant>
    <constant name="top3">280</constant>
    <constant name="height3">690</constant>
    <constant name="posterh3">690</constant>
    <constant name="thumbh3">251</constant>
    <constant name="posterw3">467</constant>
    <constant name="posterlistw3">487</constant>
    <constant name="infox3">477</constant>
    <constant name="posterx3">1413</constant>
<!-- Modification Constant -->  
    <constant name="toppanel3">182</constant>
    <constant name="listw3">1403</constant>
    <constant name="listsqw3">1180</constant>
    <constant name="sidearrowtop3">625</constant>
    <constant name="favitemw3">1256</constant>
    <constant name="favdialogw3">1720</constant>

    <default type="label">
        <height>66</height>
        <align>left</align>
        <aligny>center</aligny>
        <font>Font-Button</font>
        <textcolor>PanelFG-NF</textcolor>
        <focusedcolor>Selected2</focusedcolor>
        <selectedcolor>PanelFG</selectedcolor>
        <disabledcolor>Disabled</disabledcolor>
    </default>

    <default type="fadelabel">
        <height>66</height>
        <align>left</align>
        <aligny>center</aligny>
        <font>Font-Button</font>
        <textcolor>PanelFG-NF</textcolor>
        <focusedcolor>Selected2</focusedcolor>
        <selectedcolor>PanelFG</selectedcolor>
        <disabledcolor>Disabled</disabledcolor>
        <scrollout>false</scrollout>
        <pauseatend>2000</pauseatend>
    </default>

    <default type="button">
        <height>66</height>
        <align>center</align>
        <aligny>center</aligny>
        <font>Font-Button</font>
        <textoffsetx>25</textoffsetx>
        <textcolor>PanelFG-NF</textcolor>
        <focusedcolor>Selected2</focusedcolor>
        <disabledcolor>Disabled</disabledcolor>
        <texturefocus colordiffuse="$VAR[Highlight6]">common/white.png</texturefocus>
        <texturenofocus>noop</texturenofocus>
        <pulseonselect>false</pulseonselect>
    </default>
	
	    <default type="button2">
        <pulseonselect>false</pulseonselect>
        <font>Font-Button</font>
        <textcolor>ListLabel</textcolor>
        <selectedcolor>$VAR[HighlightColor2]</selectedcolor>
        <disabledcolor>Disabled</disabledcolor>
    </default>
    
    <default type="edit">
        <height>66</height>
        <align>center</align>
        <aligny>center</aligny>
        <font>Font-Button</font>
        <textoffsetx>25</textoffsetx>
        <textcolor>PanelFG-NF</textcolor>
        <focusedcolor>Selected2</focusedcolor>
        <disabledcolor>Disabled</disabledcolor>
        <texturefocus colordiffuse="$VAR[Highlight6]">common/white.png</texturefocus>
        <texturenofocus>noop</texturenofocus>
        <pulseonselect>false</pulseonselect>
    </default>

    <default type="togglebutton">
        <height>66</height>
        <textoffsetx>25</textoffsetx>
        <font>Font-Button</font>
        <textcolor>PanelFG-NF</textcolor>
        <focusedcolor>Selected2</focusedcolor>
        <disabledcolor>Disabled</disabledcolor>
        <texturefocus colordiffuse="$VAR[Highlight6]">common/white.png</texturefocus>
        <texturenofocus colordiffuse="PanelFG-NF">noop</texturenofocus>
        <alttexturefocus colordiffuse="$VAR[Highlight6]" border="5">common/white.png</alttexturefocus>
        <alttexturenofocus colordiffuse="PanelFG-NF">noop</alttexturenofocus>
        <align>center</align>
        <aligny>center</aligny>
        <pulseonselect>false</pulseonselect>
    </default>

    <default type="radiobutton">
        <height>66</height>
        <align>center</align>
        <aligny>center</aligny>
        <font>Font-Button</font>
        <textcolor>PanelFG-NF</textcolor>
        <focusedcolor>Selected2</focusedcolor>
        <disabledcolor>Disabled</disabledcolor>
        <texturefocus colordiffuse="$VAR[Highlight6]">common/white.png</texturefocus>
        <texturenofocus colordiffuse="PanelFG-NF">noop</texturenofocus>
        <radiowidth>48</radiowidth>
        <radioheight>48</radioheight>
        <textureradioonfocus colordiffuse="RadioFO">buttons/radio-on.png</textureradioonfocus>
        <textureradioonnofocus colordiffuse="PanelFG-NF">buttons/radio-on.png</textureradioonnofocus>
        <textureradioofffocus colordiffuse="RadioFO">buttons/radio-off.png</textureradioofffocus>
        <textureradiooffnofocus colordiffuse="PanelFG-NF">buttons/radio-off.png</textureradiooffnofocus>
        <textoffsetx>25</textoffsetx>
        <radioposx>981</radioposx>
        <pulseonselect>false</pulseonselect>
    </default>

    <default type="spincontrolex">
        <height>66</height>
        <font>Font-Button</font>
        <texturefocus colordiffuse="$VAR[Highlight6]">common/white.png</texturefocus>
        <texturenofocus colordiffuse="PanelFG-NF">noop</texturenofocus>
        <spinwidth>48</spinwidth>
        <spinheight>48</spinheight>
        <textureup colordiffuse="PanelFG-NF" flipy="true">buttons/spin-down.png</textureup>
        <texturedown colordiffuse="PanelFG-NF">buttons/spin-down.png</texturedown>
        <textureupfocus colordiffuse="RadioFO" flipy="true">buttons/spin-down.png</textureupfocus>
        <texturedownfocus colordiffuse="RadioFO">buttons/spin-down.png</texturedownfocus>
        <textcolor>PanelFG-NF</textcolor>
        <focusedcolor>Selected2</focusedcolor>
        <disabledcolor>Disabled</disabledcolor>
        <textoffsetx>25</textoffsetx>
        <align>left</align>
        <aligny>center</aligny>
        <reverse>yes</reverse>
        <pulseonselect>false</pulseonselect>
    </default>


    <default type="sliderex">
        <height>66</height>
        <texturefocus colordiffuse="$VAR[Highlight6]">common/white.png</texturefocus>
        <texturenofocus colordiffuse="PanelFG-NF">noop</texturenofocus>
        <sliderwidth>230</sliderwidth>
        <sliderheight>23</sliderheight>
        <texturesliderbar>other_textures/OSD/slider_bg_2.png</texturesliderbar>
        <textureslidernib border="5" colordiffuse="TopBarIcon">other_textures/OSD/SliderNibNF.png</textureslidernib>
        <textureslidernibfocus border="5" colordiffuse="Highlight">other_textures/OSD/SliderNibFO.png</textureslidernibfocus>
        <font>Font-Button</font>
        <textcolor>PanelFG-NF</textcolor>
        <focusedcolor>Selected2</focusedcolor>
        <disabledcolor>Disabled</disabledcolor>
        <textoffsetx>25</textoffsetx>
        <textoffsety>14</textoffsety>
    </default>

    <default type="progress">
        <texturebg colordiffuse="PanelFG-NF">osd/progress-bg.png</texturebg>
        <lefttexture colordiffuse="$VAR[Highlight6]">osd/progress-end.png</lefttexture>
        <midtexture colordiffuse="$VAR[Highlight6]">osd/progress-end.png</midtexture>
        <righttexture>osd/progress-end.png</righttexture>
        <overlaytexture>noop</overlaytexture>
    </default>

    <default type="slider">
        <width>360</width>
        <height>23</height>
        <texturefocus>noop</texturefocus>
        <texturenofocus>noop</texturenofocus>
        <texturesliderbar>other_textures/OSD/slider_bg_2.png</texturesliderbar>
        <textureslidernib border="5" colordiffuse="TopBarIcon">other_textures/OSD/SliderNibNF.png</textureslidernib>
        <textureslidernibfocus border="5" colordiffuse="Highlight">other_textures/OSD/SliderNibFO.png</textureslidernibfocus>
    </default>

    <default type="scrollbar">
        <width>8</width>
        <texturesliderbackground colordiffuse="$VAR[Highlight6]">common/white.png</texturesliderbackground>
        <texturesliderbar colordiffuse="PanelFG-NF">common/white.png</texturesliderbar>
        <texturesliderbarfocus colordiffuse="PanelFG-NF">common/white.png</texturesliderbarfocus>
        <textureslidernib>noop</textureslidernib>
        <textureslidernibfocus>noop</textureslidernibfocus>
        <showonepage>true</showonepage>
        <orientation>vertical</orientation>
        
    </default>

    <default type="textbox">
        <font>Font-Button</font>
        <textcolor>PanelFG-NF</textcolor>
        <shadowcolor>noop</shadowcolor>
        <pagecontrol>61</pagecontrol>
        <autoscroll delay="6000" time="3000" repeat="10000"/>
    </default>

</includes>
