<?xml version="1.0" encoding="UTF-8"?>
<!-- Foundation -->
<window id="103">
    <defaultcontrol always="true">309</defaultcontrol>
    <allowoverlay>yes</allowoverlay>
    <zorder>10</zorder>

    <coordinates>
        <origin x="0" y="0" />
    </coordinates>

    <controls>
        <include>GlobalOverlay</include>
        <control type="group">
            <visible>!Window.IsVisible(numericinput)</visible>

            <posy>520r</posy>
            <animation effect="slide" start="0,700" end="0" time="200">WindowOpen</animation>
            <include>Animation.FadeOut</include>
            
            <control type="image">
                <width>1920</width>
                <height>764</height>
                <texture border="5" colordiffuse="Keyboard-BG">common/white.png</texture>
            </control>
            <control type="image">
                <posx>-10</posx>
                <width>1940</width>
                <height>764</height>
                <texture border="5" colordiffuse="Keyboard-Keys">common/border-inner.png</texture>
            </control>

            <control type="label" id="311">
                <description>Heading</description>
                <posy>16</posy>
                <posx>1450</posx>
                <width>460</width>
                <height>75</height>
                <aligny>center</aligny>
                <align>center</align>
                <scroll>true</scroll>
            </control>

			            <control type="image">
                <posx>1460</posx>
                <posy>12</posy>
                <width>570</width>
                <height>75</height>
                <aspectratio>stretch</aspectratio>
                <texture border="20" colordiffuse="Keyboard-Keys">common/border-inner.png</texture>
            </control>
			
            <control type="image">
                <posx>20</posx>
                <posy>12</posy>
                <width>1430</width>
                <height>75</height>
                <aspectratio>stretch</aspectratio>
                <texture border="20" colordiffuse="Keyboard-Keys">common/border-inner.png</texture>
            </control>

            <control type="edit" id="312">
                <description>Edit Text</description>
                <posx>20</posx>
                <posy>11</posy>
                <width>1430</width>
                <height>75</height>
                <aligny>center</aligny>
                <align>center</align>
				</control>
           
		   <control type="group">
                    <posy>96</posy>
                    <control type="grouplist" description="toprow">
                    <posy>5</posy>                                  
				    <posx>260</posx>
					<orientation>horizontal</orientation>
                    <itemgap>10</itemgap>
                    <control type="button" id="100">
                        <onup>9091</onup>
                        <ondown>120</ondown>
                        <description>Layout</description>
                        <include>DefKeyboardKeys</include>
                    </control>
                    <control type="button" id="101">
                        <onup>9091</onup>
                        <ondown>121</ondown>
                        <description>Layout</description>
                        <include>DefKeyboardKeys</include>
                    </control>
                    <control type="button" id="102">
                        <description>Layout</description>
                        <include>DefKeyboardKeys</include>
                        <onup>9091</onup>
                        <ondown>122</ondown>
                    </control>
                    <control type="button" id="103">
                        <description>Layout</description>
                        <include>DefKeyboardKeys</include>
                        <onup>9091</onup>
                        <ondown>123</ondown>
                    </control>
                    <control type="button" id="104">
                        <description>Layout</description>
                        <include>DefKeyboardKeys</include>
                        <onup>9091</onup>
                        <ondown>124</ondown>
                    </control>
                    <control type="button" id="105">
                        <description>Layout</description>
                        <include>DefKeyboardKeys</include>
                        <onup>9091</onup>
                        <ondown>125</ondown>
                    </control>
                    <control type="button" id="106">
                        <description>Layout</description>
                        <include>DefKeyboardKeys</include>
                        <onup>9091</onup>
                        <ondown>126</ondown>
                    </control>
                    <control type="button" id="107">
                        <description>Layout</description>
                        <include>DefKeyboardKeys</include>
                        <onup>9091</onup>
                        <ondown>127</ondown>
                    </control>
                    <control type="button" id="108">
                        <description>Layout</description>
                        <include>DefKeyboardKeys</include>
                        <onup>9091</onup>
                        <ondown>128</ondown>
                    </control>
                    <control type="button" id="109">
                        <description>Layout</description>
                        <include>DefKeyboardKeys</include>
                        <onup>9091</onup>
                        <ondown>129</ondown>
                    </control>
                    <control type="button" id="110">
                        <description>Layout</description>
                        <include>DefKeyboardKeys</include>
                        <onup>9091</onup>
                        <ondown>130</ondown>
                    </control>
                    <control type="button" id="111">
                        <description>Layout</description>
                        <include>DefKeyboardKeys</include>
                        <onup>9091</onup>
                        <ondown>131</ondown>
                    </control>
                	<control type="button" id="309">
                        <posx>1460</posx>     
						<posy>100</posy>
						<description>Layout</description>
                        <onup>9091</onup>
                        <ondown>302</ondown>
                        <width>460</width>                       
					   <include>DefKeyboardKeys</include>
					</control>
				</control>
                <control type="grouplist">
		<align>right</align>               
				   <posy>87</posy>
                    <orientation>horizontal</orientation>
                    <control type="button" id="120">
                        <description>Layout</description>
                        <include>DefKeyboardKeys</include>
                        <onup>100</onup>
                        <ondown>140</ondown>
                    </control>
                                        <itemgap>10</itemgap>

					<control type="button" id="121">
                        <description>Layout</description>
                        <include>DefKeyboardKeys</include>
						                        <onup>101</onup>
                        <ondown>142</ondown>
                    </control>
                    <control type="button" id="122">
                        <description>Layout</description>
                        <include>DefKeyboardKeys</include>
                        <onup>102</onup>
                        <ondown>142</ondown>
                    </control>
                    <control type="button" id="123">
                        <description>Layout</description>
                        <include>DefKeyboardKeys</include>
                        <onup>103</onup>
                        <ondown>143</ondown>
                    </control>
                    <control type="button" id="124">
                        <description>Layout</description>
                        <include>DefKeyboardKeys</include>
                        <onup>104</onup>
                        <ondown>144</ondown>
                    </control>
                    <control type="button" id="125">
                        <description>Layout</description>
                        <include>DefKeyboardKeys</include>
                        <onup>105</onup>
                        <ondown>145</ondown>
                    </control>
                    <control type="button" id="126">
                        <description>Layout</description>
                        <include>DefKeyboardKeys</include>
                        <onup>106</onup>
                        <ondown>146</ondown>
                    </control>
                    <control type="button" id="127">
                        <description>Layout</description>
                        <include>DefKeyboardKeys</include>
                        <onup>107</onup>
                        <ondown>147</ondown>
                    </control>
                    <control type="button" id="128">
                        <description>Layout</description>
                        <include>DefKeyboardKeys</include>
                        <onup>108</onup>
                        <ondown>148</ondown>
                    </control>
                    <control type="button" id="129">
                        <description>Layout</description>
                        <include>DefKeyboardKeys</include>
                        <onup>109</onup>
                        <ondown>149</ondown>
                    </control>
                    <control type="button" id="130">
                        <description>Layout</description>
                        <include>DefKeyboardKeys</include>
                        <onup>110</onup>
                        <ondown>150</ondown>
                    </control>
                    <control type="button" id="131">
                        <description>Layout</description>
                        <include>DefKeyboardKeys</include>
                        <onup>111</onup>
                        <ondown>151</ondown>
                    </control>
			   			   <control type="radiobutton" id="302">
                        <description>Shift</description>
                        <width>460</width>
                <posx>1450</posx>                       
					   <posy>85</posy>
						<label>20178</label>
                        <include>DefKeyboardKeys</include>
						<onup>309</onup>
                        <ondown>303</ondown>
                    </control>               
			   </control>           
			   <control type="grouplist">
			<align>right</align>
								   <posy>170 </posy>
				<orientation>horizontal</orientation>
                    <itemgap>10</itemgap>
                    <control type="button" id="140">
						<description>Layout</description>
                        <include>DefKeyboardKeys</include>
                        <onup>120</onup>
                        <ondown>160</ondown>
                    </control>
                    <control type="button" id="141">
                        <description>Layout</description>
                        <include>DefKeyboardKeys</include>
                        <onup>121</onup>
                        <ondown>161</ondown>
                    </control>
                    <control type="button" id="142">
                        <description>Layout</description>
                        <include>DefKeyboardKeys</include>
                        <onup>122</onup>
                        <ondown>162</ondown>
                    </control>
                    <control type="button" id="143">
                        <description>Layout</description>
                        <include>DefKeyboardKeys</include>
                        <onup>123</onup>
                        <ondown>163</ondown>
                    </control>
                    <control type="button" id="144">
                        <description>Layout</description>
                        <include>DefKeyboardKeys</include>
                        <onup>124</onup>
                        <ondown>160</ondown>
                    </control>
                    <control type="button" id="145">
                        <description>Layout</description>
                        <include>DefKeyboardKeys</include>
                        <onup>125</onup>
                        <ondown>161</ondown>
                    </control>
                    <control type="button" id="146">
                        <description>Layout</description>
                        <include>DefKeyboardKeys</include>
                        <onup>126</onup>
                        <ondown>162</ondown>
                    </control>
                    <control type="button" id="147">
                        <description>Layout</description>
                        <include>DefKeyboardKeys</include>
                        <onup>127</onup>
                        <ondown>163</ondown>
                    </control>
                    <control type="button" id="148">
                        <description>Layout</description>
                        <include>DefKeyboardKeys</include>
                        <onup>128</onup>
                        <ondown>164</ondown>
                    </control>
                    <control type="button" id="149">
                        <description>Layout</description>
                        <include>DefKeyboardKeys</include>
                        <onup>129</onup>
                        <ondown>165</ondown>
                    </control>
                    <control type="button" id="150">
                        <description>Layout</description>
                        <include>DefKeyboardKeys</include>
                        <onup>130</onup>
                        <ondown>160</ondown>
                    </control>
                    <control type="button" id="151">
                        <description>Layout</description>
                        <include>DefKeyboardKeys</include>
                        <onup>131</onup>
                        <ondown>160</ondown>
                    </control>
                                    <control type="radiobutton" id="303">
                        <description>Caps</description>
						<posy>170 </posy>
						<posx>1450</posx> 
						<width>460</width>
                        <label>20179</label>
                        <include>DefKeyboardKeys</include>
                        <onup>302</onup>
                        <ondown>304</ondown>						
			   </control>    
				</control>
				<control type="grouplist">
                    <align>right</align>
				    <posy>255</posy>
                    <orientation>horizontal</orientation>
                    <itemgap>10</itemgap>
                    <control type="button" id="160">
                        <description>Layout</description>
                        <include>DefKeyboardKeys</include>
                        <onup>140</onup>
                        <ondown>32</ondown>
                    </control>
                    <control type="button" id="161">
                        <description>Layout</description>
                        <include>DefKeyboardKeys</include>
                        <onup>141</onup>
                        <ondown>32</ondown>
                    </control>
                    <control type="button" id="162">
                        <description>Layout</description>
                        <include>DefKeyboardKeys</include>
                        <onup>142</onup>
                        <ondown>32</ondown>
                    </control>
                    <control type="button" id="163">
                        <description>Layout</description>
                        <include>DefKeyboardKeys</include>
                        <onup>143</onup>
                        <ondown>32</ondown>
                    </control>
                    <control type="button" id="164">
                        <description>Layout</description>
                        <include>DefKeyboardKeys</include>
                        <onup>144</onup>
                        <ondown>32</ondown>
                    </control>
                    <control type="button" id="165">
                        <description>Layout</description>
                        <include>DefKeyboardKeys</include>
                        <onup>145</onup>
                        <ondown>32</ondown>
                    </control>
                    <control type="button" id="166">
                        <description>Layout</description>
                        <include>DefKeyboardKeys</include>
                        <onup>146</onup>
                        <ondown>32</ondown>
                    </control>
                    <control type="button" id="167">
                        <description>Layout</description>
                        <include>DefKeyboardKeys</include>
                        <onup>147</onup>
                        <ondown>32</ondown>
                    </control>
                    <control type="button" id="168">
                        <description>Layout</description>
                        <include>DefKeyboardKeys</include>
                        <onup>148</onup>
                        <ondown>32</ondown>
                    </control>
                    <control type="button" id="169">
                        <description>Layout</description>
                        <include>DefKeyboardKeys</include>
                        <onup>149</onup>
                        <ondown>32</ondown>
                    </control>
                    <control type="button" id="170">
                        <description>Layout</description>
                        <include>DefKeyboardKeys</include>
                        <onup>150</onup>
                        <ondown>32</ondown>
                    </control>
                    <control type="button" id="171">
                        <description>Layout</description>
                        <include>DefKeyboardKeys</include>
                        <onup>151</onup>
                        <ondown>32</ondown>
                    </control>
   
                    <control type="radiobutton" id="304">
                        <posy>255</posy>
						<posx>1450</posx> 
						<description>Symbols</description>
                        <width>460</width>
                        <label>@#!*</label>
                        <onup>303</onup>
                        <ondown>305</ondown>
                        <textureradioofffocus>noop</textureradioofffocus>
                        <textureradiooffnofocus>noop</textureradiooffnofocus>
                        <textureradioonfocus>noop</textureradioonfocus>
                        <textureradioonnofocus>noop</textureradioonnofocus>
                        <include>DefKeyboardKeys</include>
                    </control>               
			   </control>
                <control type="grouplist">
                    <posy>340</posy>
					<orientation>horizontal</orientation>
                    <itemgap>10</itemgap>
                    <control type="button" id="300">
                        <description>Done</description>
                        <width>460</width>
                        <label>20177</label>
                        <onup>160</onup>
                        <ondown>309</ondown>
                        <include>DefKeyboardKeys</include>
                    </control>
                    
                    <control type="button" id="32">
                        <description>Layout</description>
                        <width>950</width>
                        <label>20182</label>
                        <onup>160</onup>
                        <ondown>100</ondown>
                        <include>DefKeyboardKeys</include>
                    </control>
                    <control type="button" id="8">
                        <description>Backspace</description>
                        <width>230</width>
                        <!--<label>20181</label>-->
						<label>מחק</label>
                        <onup>304</onup>
                        <ondown>109</ondown>
                        <include>DefKeyboardKeys</include>
                    </control>
                    <control type="button" id="305">
                        <label>&lt;</label>
                        <description>Layout</description>
                        <include>DefKeyboardKeys</include>
                        <onup>304</onup>
                        <ondown>110</ondown>
                    </control>
                    <control type="button" id="306">
                        <label>&gt;</label>
                        <description>Layout</description>
                        <include>DefKeyboardKeys</include>
                        <onup>304</onup>
                        <ondown>111</ondown>
                    </control>
                </control>
            
            </control>
        </control>
		
						<!-- Arrows -->
				<control type="group">
					<include>Animation.DelayFadeIn</include>
						<visible>IntegerGreaterThan(Container(9091).NumItems,0) + Control.HasFocus(9091)</visible>
            <top>460</top>
					<height>16</height>
					<control type="image">
						<centerleft>30</centerleft>
						<width>16</width>
						<height>16</height>
						<texture colordiffuse="White" flipx="true">common/arrow-small-right.png</texture>
					</control>
					<control type="image">
						<centerright>30</centerright>
						<width>16</width>
						<height>16</height>
						<texture colordiffuse="White" flipx="false">common/arrow-small-right.png</texture>
					</control>
				</control>
				<control type="button" id ="5">
					<width>1</width>
					<height>1</height>
					<visible allowhiddenfocus="true">false</visible>
				</control>
				<control type="button" id ="9601">
					<width>1</width>
					<height>1</height>
					<visible allowhiddenfocus="true">false</visible>
					<onback>9091</onback>
					<onup>9091</onup>
					<ondown>9091</ondown>
					<onleft>9091</onleft>
					<onright>9091</onright>
				</control>
		
   <control type="group">
            <top>550</top>
            <animation type="Conditional" reversible="false" condition="IntegerGreaterThan(Container(9091).NumItems,0)">
            <effect type="zoom" start="80" end="100" center="960,540" delay="160" tween="back" time="240" />
            <effect type="fade" delay="160" end="100" time="240" />
        </animation>
        <animation type="Conditional" reversible="false" condition="!IntegerGreaterThan(Container(9091).NumItems,0)">
            <effect type="zoom" start="100" end="80" center="960,540" easing="in" tween="back" time="240" />
            <effect type="fade" start="100" end="0" time="240" />
        </animation>
            <control type="image">
                <top>0</top>
                <width>1240</width>
                <height>250</height>
                <texture flipy="true">keyboard/keyboard_back.png</texture>
            </control>
            <control type="panel" id="9091">
                <left>60</left>
                <top>-160</top>
                <width>1800</width>
                <height>170</height>
                <onleft>9091</onleft>
                <onright>9091</onright>
                <!--
                <onright>Action(Close)</onright>-->
                <onup>100</onup>
                <ondown>100</ondown>
                <onback>noop</onback>
                <orientation>horizontal</orientation>
                <scrolltime tween="quadratic" easing="out">200</scrolltime>
                <itemlayout height="85" width="450">
                    <control type="image">
                        <left>0</left>
                        <top>-5</top>
                        <width>450</width>
                        <height>85</height>
                        <texture border="5" flipx="false" colordiffuse="Keyboard-Keys2">common/box.png</texture>
                    </control>
					
                    <control type="label">
                        <left>0</left>
                        <top>-9</top>
                        <width>450</width>
                        <height>85</height>
                        <align>center</align>
                        <aligny>center</aligny>
                        <font>font12</font>
                        <label>$INFO[ListItem.Label]</label>
                    </control>
                </itemlayout>
                <focusedlayout height="55" width="450">
                    <control type="image">
                        <left>0</left>
                        <top>-5</top>
                        <width>450</width>
                        <height>85</height>
                        <texture border="5" flipx="false" colordiffuse="PosterBorder">common/white.png</texture>
                        <visible>!Control.HasFocus(9091)</visible>
                    </control>
                    <control type="image">
                        <left>0</left>
                        <top>-5</top>
                        <width>450</width>
                        <height>85</height>
                                    <texture flipx="false" colordiffuse="$VAR[Highlight6]">common/white.png</texture>
                        <visible>Control.HasFocus(9091)</visible>
                    </control>
                    <control type="label">
                        <left>0</left>
                        <top>-9</top>
                        <width>450</width>
                        <height>85</height>
                        <align>center</align>
                        <aligny>center</aligny>
                        <font>font12</font>
                        <label>$INFO[ListItem.Label]</label>
                    </control>
                </focusedlayout>
                <content>plugin://script.extendedinfo?info=autocomplete&amp;&amp;id=$INFO[Control.GetLabel(312).index(1)]&amp;&amp;limit=9</content>
            </control>
			            </control>

    </controls>

</window>
