<?xml version="1.0" encoding="UTF-8"?>
<!-- Foundation -->
<window id="500">
    <defaultcontrol always="true">56</defaultcontrol>
    <allowoverlay>yes</allowoverlay>
    <onload>ClearProperty(focushub,home)</onload>
    <views>50,51,500,53,54,55,56,57,58,59,522,794,60,516,523</views>
    <background>0</background>
    

    <controls>

        <control type="radiobutton" id="19">
            <description>Filter (hidden)</description>
            <include>HiddenButton</include>
        </control>

        <include>GlobalBackground</include>

        <include>DefMyNavViews</include>
        
        <include>DefFullScreenNav</include>

		     <include condition="Skin.HasSetting(header.Emtopbar)">Furniture_TopBar</include>
            <include condition="!Skin.HasSetting(header.Emtopbar)">GlobalTopBar</include>        
        <control type="group">   
            <include>DefMyNavBar</include>  
            <control type="grouplist" id="9000">
                <include>DefMyNavBarGroupList</include>

			   <control type="button" id="564">
			       <include>DefNavMenuButton2</include>  
				   <label>31343603</label>
				   <description>View</description>
				   <align>right</align>
				   <onclick>RunScript(script.skin.helper.service,action=setview)</onclick>
				</control>               
        

                <control type="radiobutton" id="20">
                    <description>Shuffle</description>
                    <include>DefNavMenuButton</include>
                    <label>191</label>
                    <selected>Playlist.IsRandom</selected>
                </control>
                
                <control type="button" id="26">
                    <description>Repeat</description>
                    <include>DefNavMenuButton</include>
                </control>

                <control type="button" id="21">
                    <description>Save</description>
                    <include>DefNavMenuButton</include>
                    <label>190</label>
                </control>

                <control type="button" id="22">
                    <description>Clear</description>
                    <include>DefNavMenuButton</include>
                    <label>192</label>
                </control>

                <control type="button" id="23">
                    <description>Play</description>
                    <include>DefNavMenuButton</include>
                    <label>208</label>
                </control>

                <control type="button" id="9001">
                    <description>Fullscreen</description>
                    <include>DefNavMenuButton</include>
                    <label>31158</label>
                    <onclick>Action(fullscreen)</onclick>
                    <visible>Player.HasMedia</visible>
                </control>

            </control>

        </control>

    </controls>

</window>
