<?xml version="1.0" encoding="UTF-8"?>
<!-- Foundation -->
<window id="501">
    <defaultcontrol always="true">50</defaultcontrol>
    <allowoverlay>yes</allowoverlay>
    <views>50,51,500,53,54,55,56,57,58,59,522,794,60,516,523</views>
    <background>0</background>
    <onload>ClearProperty(focushub,home)</onload>
    <controls>

        <control type="radiobutton" id="19">
            <description>Filter (hidden)</description>
            <include>HiddenButton</include>
        </control>

        <include>GlobalBackground</include>

        <include>DefMyNavViews</include>
        
        <control type="group">
            <posx>0</posx>
            <posy>topoffset</posy>
            <include>DialogVisibility</include>
            <include>Animation.FadeIn</include>
            <include>Animation.FadeOut</include>
            <visible allowhiddenfocus="true">Control.HasFocus(9001)</visible>
            <control type="group">
                <posx>18</posx>
                <posy>210</posy>
                <control type="image">
                    
                    <width>1416</width>
                    <height>690</height>
                    <texture colordiffuse="PosterBorder" border="5">common/border-inner.png</texture>
                </control> 
                <control type="image">
                    <posx>11</posx>
                    <posy>11</posy>
                    <width>1394</width>
                    <height>668</height>
                    <texture colordiffuse="Black">common/white.png</texture>
                </control>
                <control type="videowindow">
                    <posx>11</posx>
                    <posy>11</posy>
                    <width>1394</width>
                    <height>668</height>
                    <visible>Player.HasVideo</visible>
                </control>
                <control type="visualisation">
                    <posx>11</posx>
                    <posy>11</posy>
                    <width>1394</width>
                    <height>668</height>
                    <visible>Player.HasAudio</visible>
                </control>
                <control type="image">
                    <posx>11</posx>
                    <posy>11</posy>
                    <width>1394</width>
                    <height>668</height>
                    <texture border="2" colordiffuse="BorderColor">common/border.png</texture>
                </control>
            </control>
        </control>

        <include>GlobalTopBar</include>
        
        
        
        <control type="group">   
            <include>DefMyNavBar</include>  
            <control type="grouplist" id="9000">
                <include>DefMyNavBarGroupList</include>

			   <control type="button" id="564">
			       <include>DefNavMenuButton2</include>  
				   <label>31343603</label>
				   <description>View</description>
				   <align>right</align>
				   <onclick>RunScript(script.skin.helper.service,action=setview)</onclick>
				</control>               
				                <control type="radiobutton" id="9012">
                    <include>DefNavMenuButton2</include>
				<align>right</align>                  
				  <onclick>Skin.ToggleSetting(list.highlight)</onclick>
                    <visible>Control.IsVisible(50) | Control.IsVisible(57) | Control.IsVisible(58) | Control.IsVisible(59)</visible>
                    <label>31279</label>
					<align>right</align>
					                    <radioposx>20</radioposx>  

                    <selected>Skin.HasSetting(list.highlight)</selected>


                </control>
				
				                <control type="button" id="9096">
                    <description>Back to fullscreen</description>
			       <include>DefNavMenuButton2</include>  
                    <label>31158</label>
                    <onclick>fullscreen</onclick>
									   <align>right</align>

                    <visible>Player.HasMedia</visible>
                </control>  

                <control type="button" id="3">
                    <description>Sort</description>
                    <include>DefNavMenuButton</include>
                </control>

                <control type="togglebutton" id="4">
                    <description>Ascending</description>
                    <include>DefNavMenuButton</include>
                    <label>584</label>
                    <altlabel>585</altlabel>
                </control>

                <control type="button" id="99">
                    <description>Library</description>
                    <include>DefNavMenuButton</include>
                    <label>29800</label>
                    <onclick>ReplaceWindow(MusicLibrary)</onclick>
                    <onclick>SetFocus(50)</onclick>
                    <enable>Library.HasContent(Music)</enable>
                </control>

                <control type="button" id="7">
                    <description>Playlists</description>
                    <include>DefNavMenuButton</include>
                    <label>136</label>
                </control>

                <control type="button" id="11">
                    <description>Search</description>
                    <include>DefNavMenuButton</include>
                    <label>600</label>
                </control>
                
                <control type="button" id="9091">
                    <description>Music Playlist</description>
                    <include>DefNavMenuButton</include>
                    <label>559</label>
                    <onclick>ActivateWindow(MusicPlaylist)</onclick>
                    <visible>IntegerGreaterThan(Playlist.Length(music),1)</visible>
                </control>

				                <control type="button" id="9092">
                    <description>Open Home Jumplist</description>
			               <include>DefNavMenuButton2</include>  
                    <label>31343604</label>
                    <onclick>ActivateWindow(home)</onclick>
                </control>

            </control>
        </control>

    </controls>

</window>
