<?xml version="1.0" encoding="UTF-8"?>
<!-- Foundation -->
<window id="2600">
    <defaultcontrol always="true">3</defaultcontrol>
    <allowoverlay>yes</allowoverlay>
    <background>0</background>
    <onload condition="IsEmpty(Skin.String(weather.useicons))">Skin.SetString(weather.useicons,Monochrome)</onload>
    <include condition="Skin.HasSetting(home.autopop)">GoBackToHome</include>    
    <controls>

        <include>GlobalBackground</include>
		     <include condition="Skin.HasSetting(header.Emtopbar)">Furniture_TopBar</include>
            <include condition="!Skin.HasSetting(header.Emtopbar)">GlobalTopBar</include>    
        <control type="group">
            <posy>topoffset</posy>
            <posx>horzpad</posx>
            <include>Animation.SlideOpen.Right</include>
            <control type="group">
                <posx>0</posx>
                <control type="label" description="Info Label">
                    <include>DefSideLabelCoords</include>
                    <label>8</label>
                </control>
            </control>
            <control type="grouplist" id="9000">
                <posx>32</posx>
                <posy>110</posy>
                <ondown>60</ondown>
                <orientation>horizontal</orientation>
                            
                <control type="button" id="2">
                    <description>Refresh</description>
                    <label>184</label>
                    <width>180</width>
                    <align>left</align>
                    <include>DefContextMenuButton</include>
                    <animation effect="fade" start="100" end="25" condition="!Control.HasFocus(2)">Conditional</animation>
                </control>

                <control type="button" id="4">
                    <description>Settings</description>
                    <label>5</label>
                    <width>180</width>
                    <align>left</align>
                    <onclick>ActivateWindow(weathersettings)</onclick>
                    <include>DefContextMenuButton</include>
                    <animation effect="fade" start="100" end="25" condition="!Control.HasFocus(4)">Conditional</animation>
                </control>
                
                <control type="button" id="9001">
                    <description>Icons</description>
                    <label>536</label>
                    <width>550</width>
                    <align>left</align>
                    
                    <onclick condition="stringcompare(Skin.String(weather.useicons),Confluence)">Skin.SetString(weather.useicons,Monochrome)</onclick>
                    <onclick condition="stringcompare(Skin.String(weather.useicons),Flat)">Skin.SetString(weather.useicons,Confluence)</onclick>
                    <onclick condition="stringcompare(Skin.String(weather.useicons),Monochrome)">Skin.SetString(weather.useicons,Flat)</onclick>
                    <onclick condition="stringcompare(Skin.String(weather.useicons),Confluence)">Skin.SetString(weather.useicons,Monochrome)</onclick>
                    
                    <include>DefContextMenuButton</include>
                    <animation effect="fade" start="100" end="25" condition="!Control.HasFocus(9001)">Conditional</animation>
                </control>

                <control type="spincontrolex" id="3">
                    <width>500</width>
                    <align>left</align>
                    <description>Location Select</description>
                    <textureup colordiffuse="40ffffff" flipy="true">buttons/spin-down.png</textureup>
                    <texturedown colordiffuse="40ffffff">buttons/spin-down.png</texturedown>
                    <textcolor>40ffffff</textcolor>
                    <include>DefContextMenuButton</include>                    
                </control>
                
            </control>
            <control type="group">
                <posx>listx</posx>
                <posy>listy</posy>
                
                <control type="image">
                    <width>globalw</width>
                    <height>340</height>
                    <texture border="5" colordiffuse="PosterBorder">common/border-inner.png</texture>
                </control>
                <control type="image">
                    <posx>20</posx>
                    <posy>20</posy>
                    <width>300</width>
                    <height>300</height>
                    <aspectratio align="center" aligny="center">keep</aspectratio>
                    <visible>stringcompare(Skin.String(weather.useicons),Flat)</visible>
                    <texture>$INFO[Window(weather).Property(Current.FanartCode),weather/,.png]</texture>
                </control>
                <control type="image">
                    <posx>20</posx>
                    <posy>20</posy>
                    <width>300</width>
                    <height>300</height>
                    <aspectratio align="center" aligny="center">keep</aspectratio>
                    <visible>stringcompare(Skin.String(weather.useicons),Confluence)</visible>
                    <texture>$INFO[Window(weather).Property(Current.ConditionIcon)]</texture>
                </control>
                <control type="label">
                    <posx>0</posx>
                    <posy>0</posy>
                    <width>340</width>
                    <height>340</height>
                    <font>Font-BigWeather</font>
                    <align>center</align>
                    <aligny>center</aligny>
                    <visible>stringcompare(Skin.String(weather.useicons),Monochrome)</visible>
                    <label> [B]$VAR[WeatherLabel][/B] </label>
                </control>
                <control type="group">
                    <posy>75</posy>
                    <posx>325</posx>
                    <control type="label">
                        <posx>10</posx>
                        <posy>0</posy>
                        <width>400</width>
                        <height>400</height>
                        <font>Font-BigWeather</font>
                        <align>left</align>
                        <aligny>top</aligny>
                        <label>k</label>
                    </control>
                    <control type="label">
                        <posx>130</posx>
                        <posy>25</posy>
                        <width>300</width>
                        <align>left</align>
                        <font>Font-WeatherTemp</font>
                        <label>$INFO[Window(Weather).Property(Current.Temperature)]$INFO[System.TemperatureUnits]</label>
                    </control>
                    <control type="label">
                        <posx>130</posx>
                        <posy>94</posy>
                        <width>560</width>
                        <align>left</align>
                        <scroll>true</scroll>
                        <scrollsuffix>  •  </scrollsuffix>
                        <label>$INFO[Window(Weather).Property(Current.Condition),,$COMMA  ]$INFO[Window(Weather).Property(Current.FeelsLike),$LOCALIZE[402] ,]$INFO[System.TemperatureUnits]</label>
                    </control>
                </control>
                <control type="group">
                    <posy>35</posy>
                    <posx>1050</posx>
                    <control type="label">
                        <posx>15</posx>
                        <posy>0</posy>
                        <width>400</width>
                        <height>400</height>
                        <font>Font-Weather</font>
                        <align>left</align>
                        <aligny>top</aligny>
                        <label> [B]j[/B]</label>
                    </control>
                    <control type="label">
                        <posx>130</posx>
                        <width>500</width>
                        <align>left</align>
                        <label>$INFO[Window(Weather).Property(Current.Humidity)]</label>
                    </control>
                    <control type="label">
                        <posx>15</posx>
                        <posy>50</posy>
                        <width>400</width>
                        <height>400</height>
                        <font>Font-Weather</font>
                        <align>left</align>
                        <aligny>top</aligny>
                        <label> [B]n[/B]</label>
                    </control>
                    <control type="label">
                        <posx>130</posx>
                        <posy>50</posy>
                        <width>500</width>
                        <align>left</align>
                        <label>$INFO[Window(Weather).Property(Current.WindSpeed)]$INFO[Window(Weather).Property(Current.WindDirection),$COMMA  ,]</label>
                    </control>
                </control>
                <control type="group">
                    <posy>190</posy>
                    <posx>1050</posx>
                    <control type="label">
                        <posx>15</posx>
                        <posy>0</posy>
                        <width>400</width>
                        <height>400</height>
                        <font>Font-Weather</font>
                        <align>left</align>
                        <aligny>top</aligny>
                        <label> [B]f[/B]</label>
                    </control>
                    <control type="label">
                        <posx>130</posx>
                        <width>500</width>
                        <align>left</align>
                        <label>$INFO[Window(Weather).Property(Today.Sunrise)]</label>
                    </control>
                    <control type="label">
                        <posx>15</posx>
                        <posy>50</posy>
                        <width>400</width>
                        <height>400</height>
                        <font>Font-Weather</font>
                        <align>left</align>
                        <aligny>top</aligny>
                        <label> [B]g[/B]</label>
                    </control>
                    <control type="label">
                        <posx>130</posx>
                        <posy>50</posy>
                        <width>500</width>
                        <align>left</align>
                        <label>$INFO[Window(Weather).Property(Today.Sunset)]</label>
                    </control>
                    
                </control>
                <control type="list">
                    <posy>350</posy>
                    <height>340</height>
                    <width>1458</width>
                    <orientation>horizontal</orientation>
                    <itemlayout width="243" height="340">
                        <control type="image">
                            <width>233</width>
                            <height>340</height>
                            <texture border="5" colordiffuse="PosterBorder">common/border-inner.png</texture>
                        </control>
                        <control type="group">
                            <visible>!IsEmpty(ListItem.Property(LongDay))</visible>
                            <control type="label">
                                <centerleft>50%</centerleft>
                                <height>315</height>
                                <width>233</width>
                                <align>center</align>
                                <font>Font-MediumWeather</font>
                                <aligny>center</aligny>
                                <label> [B]$VAR[WeatherLabelHourly][/B] </label>
                                <visible>stringcompare(Skin.String(weather.useicons),Monochrome)</visible>
                            </control>
                            <control type="image">
                                <centerleft>116</centerleft>
                                <height>315</height>
                                <width>153</width>
                                <aspectratio align="center" aligny="center">keep</aspectratio>
                                <texture>$INFO[ListItem.Property(FanartCode),weather/,.png]</texture>
                                <visible>stringcompare(Skin.String(weather.useicons),Flat)</visible>
                            </control>
                            <control type="image">
                                <centerleft>116</centerleft>
                                <height>315</height>
                                <width>153</width>
                                <aspectratio align="center" aligny="center">keep</aspectratio>
                                <texture>$INFO[ListItem.Icon]</texture>
                                <visible>stringcompare(Skin.String(weather.useicons),Confluence)</visible>
                            </control>
                            <control type="label">
                                <centerleft>116</centerleft>
                                <posy>15</posy>
                                <width>213</width>
                                <align>center</align>
                                <font>Font-ListInfo</font>
                                <label fallback="161">$INFO[ListItem.Property(LongDay)]</label>
                            </control>
                            <control type="textbox">
                                <posx>10</posx>
                                <posy>250</posy>
                                <width>213</width>
                                <height>65</height>
                                <autoscroll>false</autoscroll>
                                <align>center</align>
                                <font>Font-ListInfo-Small</font>
                                <label>$INFO[ListItem.Property(HighTemperature),[B],[/B]°  ]$INFO[ListItem.Property(LowTemperature),,°]$INFO[ListItem.Property(Outlook),[CR],]</label>
                            </control>
                        </control>
                        <control type="group">
                            <visible>IsEmpty(ListItem.Property(LongDay))</visible>
                            <control type="label">
                                <centerleft>116</centerleft>
                                <width>213</width>
                                <height>310</height>
                                <align>center</align>
                                <aligny>center</aligny>
                                <font>Font-WidgetInfoTitle</font>
                                <label>N/A</label>
                            </control>
                        </control>
                    </itemlayout>
                    <focusedlayout width="243" height="340">
                        <control type="image">
                            <width>233</width>
                            <height>340</height>
                            <texture border="5" colordiffuse="PosterBorder">common/border-inner.png</texture>
                        </control>
                        <control type="group">
                            <visible>!IsEmpty(ListItem.Property(LongDay))</visible>
                            <control type="label">
                                <centerleft>50%</centerleft>
                                <height>315</height>
                                <width>233</width>
                                <align>center</align>
                                <font>Font-MediumWeather</font>
                                <aligny>center</aligny>
                                <label> [B]$VAR[WeatherLabelHourly][/B] </label>
                                <visible>stringcompare(Skin.String(weather.useicons),Monochrome)</visible>
                            </control>
                            <control type="image">
                                <centerleft>116</centerleft>
                                <height>315</height>
                                <width>153</width>
                                <aspectratio align="center" aligny="center">keep</aspectratio>
                                <texture>$INFO[ListItem.Property(FanartCode),weather/,.png]</texture>
                                <visible>stringcompare(Skin.String(weather.useicons),Flat)</visible>
                            </control>
                            <control type="image">
                                <centerleft>116</centerleft>
                                <height>315</height>
                                <width>153</width>
                                <aspectratio align="center" aligny="center">keep</aspectratio>
                                <texture>$INFO[ListItem.Icon]</texture>
                                <visible>stringcompare(Skin.String(weather.useicons),Confluence)</visible>
                            </control>
                            <control type="label">
                                <centerleft>116</centerleft>
                                <posy>15</posy>
                                <width>213</width>
                                <align>center</align>
                                <font>Font-ListInfo</font>
                                <label fallback="161">$INFO[ListItem.Property(LongDay)]</label>
                            </control>
                            <control type="textbox">
                                <posx>10</posx>
                                <posy>250</posy>
                                <width>213</width>
                                <height>65</height>
                                <autoscroll>false</autoscroll>
                                <align>center</align>
                                <font>Font-ListInfo-Small</font>
                                <label>$INFO[ListItem.Property(HighTemperature),[B],[/B]°  ]$INFO[ListItem.Property(LowTemperature),,°]$INFO[ListItem.Property(Outlook),[CR],]</label>
                            </control>
                        </control>
                        <control type="group">
                            <visible>IsEmpty(ListItem.Property(LongDay))</visible>
                            <control type="label">
                                <centerleft>116</centerleft>
                                <width>213</width>
                                <height>310</height>
                                <align>center</align>
                                <aligny>center</aligny>
                                <font>Font-WidgetInfoTitle</font>
                                <label>N/A</label>
                            </control>
                        </control>
                    </focusedlayout>
                    <content>
                        <item id="0">
                            <onclick>noop</onclick>
                            <icon>$INFO[Window(Weather).Property(Day0.OutlookIcon)]</icon>
                            <property name="Fanartcode">$INFO[Window(Weather).Property(Day0.FanartCode)]</property>
                            <property name="LongDay">$LOCALIZE[33006]</property>
                            <property name="HighTemperature">$INFO[Window(Weather).Property(Day0.HighTemp)]</property>
                            <property name="LowTemperature">$INFO[Window(Weather).Property(Day0.LowTemp)]</property>
                            <property name="Outlook">$INFO[Window(Weather).Property(Day0.Outlook)]</property>
                        </item>
                        <item id="1">
                            <onclick>noop</onclick>
                            <icon>$INFO[Window(Weather).Property(Day1.OutlookIcon)]</icon>
                            <property name="Fanartcode">$INFO[Window(Weather).Property(Day1.FanartCode)]</property>
                            <property name="LongDay">$LOCALIZE[33007]</property>
                            <property name="HighTemperature">$INFO[Window(Weather).Property(Day1.HighTemp)]</property>
                            <property name="LowTemperature">$INFO[Window(Weather).Property(Day1.LowTemp)]</property>
                            <property name="Outlook">$INFO[Window(Weather).Property(Day1.Outlook)]</property>
                        </item>
                        <item id="2">
                            <onclick>noop</onclick>
                            <icon>$INFO[Window(Weather).Property(Day2.OutlookIcon)]</icon>
                            <property name="Fanartcode">$INFO[Window(Weather).Property(Day2.FanartCode)]</property>
                            <property name="LongDay">$INFO[Window(Weather).Property(Day2.Title)]</property>
                            <property name="HighTemperature">$INFO[Window(Weather).Property(Day2.HighTemp)]</property>
                            <property name="LowTemperature">$INFO[Window(Weather).Property(Day2.LowTemp)]</property>
                            <property name="Outlook">$INFO[Window(Weather).Property(Day2.Outlook)]</property>
                        </item>
                        <item id="3">
                            <onclick>noop</onclick>
                            <icon>$INFO[Window(Weather).Property(Day3.OutlookIcon)]</icon>
                            <property name="Fanartcode">$INFO[Window(Weather).Property(Day3.FanartCode)]</property>
                            <property name="LongDay">$INFO[Window(Weather).Property(Day3.Title)]</property>
                            <property name="HighTemperature">$INFO[Window(Weather).Property(Day3.HighTemp)]</property>
                            <property name="LowTemperature">$INFO[Window(Weather).Property(Day3.LowTemp)]</property>
                            <property name="Outlook">$INFO[Window(Weather).Property(Day3.Outlook)]</property>
                        </item>
                        <item id="4">
                            <onclick>noop</onclick>
                            <icon>$INFO[Window(Weather).Property(Day4.OutlookIcon)]</icon>
                            <property name="Fanartcode">$INFO[Window(Weather).Property(Day4.FanartCode)]</property>
                            <property name="LongDay">$INFO[Window(Weather).Property(Day4.Title)]</property>
                            <property name="HighTemperature">$INFO[Window(Weather).Property(Day4.HighTemp)]</property>
                            <property name="LowTemperature">$INFO[Window(Weather).Property(Day4.LowTemp)]</property>
                            <property name="Outlook">$INFO[Window(Weather).Property(Day4.Outlook)]</property>
                        </item>
                        <item id="5">
                            <onclick>noop</onclick>
                            <icon>$INFO[Window(Weather).Property(Day5.OutlookIcon)]</icon>
                            <property name="Fanartcode">$INFO[Window(Weather).Property(Day5.FanartCode)]</property>
                            <property name="LongDay">$INFO[Window(Weather).Property(Day5.Title)]</property>
                            <property name="HighTemperature">$INFO[Window(Weather).Property(Day5.HighTemp)]</property>
                            <property name="LowTemperature">$INFO[Window(Weather).Property(Day5.LowTemp)]</property>
                            <property name="Outlook">$INFO[Window(Weather).Property(Day5.Outlook)]</property>
                        </item>
                        <item id="6">
                            <onclick>noop</onclick>
                            <icon>$INFO[Window(Weather).Property(Day6.OutlookIcon)]</icon>
                            <property name="Fanartcode">$INFO[Window(Weather).Property(Day6.FanartCode)]</property>
                            <property name="LongDay">$INFO[Window(Weather).Property(Day6.Title)]</property>
                            <property name="HighTemperature">$INFO[Window(Weather).Property(Day6.HighTemp)]</property>
                            <property name="LowTemperature">$INFO[Window(Weather).Property(Day6.LowTemp)]</property>
                            <property name="Outlook">$INFO[Window(Weather).Property(Day6.Outlook)]</property>
                        </item>
                    </content>
                </control>
            </control>
        </control>
    </controls>

</window>
