<?xml version="1.0" encoding="UTF-8"?>
<addon id="plugin.video.upbuzz" version="0.0.2" name="UpBuzz" provider-name="Mr Entertainment">
    <requires>
        <import addon="xbmc.python" version="2.1.0"/>
        <import addon="script.module.t0mm0.common" version="2.1.1"/>
        <import addon="script.module.urlresolver"  version="2.0.9"/>
        <import addon="script.module.simplejson" version="3.3.0"/>
    </requires>
    <extension point="xbmc.python.pluginsource" library="default.py">
        <provides>video</provides>
    </extension>
    <extension point="xbmc.addon.metadata">
        <summary>upbuzz [COLOR blue][B]THE ORIGINAL[/B][/COLOR] for all scene releases lovers free on demand streaming with FASTSUB VOSTFR on loads of tv episodes</summary>
        <description>Play a wide selection of scene release movies and Tv shows from upbuzz</description>
        <platform>all</platform>
        <disclaimer lang="en"></disclaimer>
    </extension>
</addon>
