<?xml version="1.0" encoding="UTF-8"?>
<addon id="plugin.video.dovat"
       name="Dovat.net"
       version="0.1.2"
       provider-name="[COLOR blue]X[/COLOR]unity[COLOR blue]T[/COLOR]alk">
  <requires>
    <import addon="xbmc.python" version="2.0"/>
	<import addon="script.module.t0mm0.common" version="0.0.1"/>
	<import addon="script.module.watchhistory" version="0.0.1"/>
	<import addon="script.module.playbackengine" version="1.0.0" />
  </requires>
  <extension point="xbmc.python.pluginsource"
            library="default.py">
        <provides>video</provides>
  </extension>
  <extension point="xbmc.addon.metadata">
    <summary lang="en">Dovat.net</summary>
    <description lang="en">Dovat.net - Watch WWE Online - Free Wrestling videos, RAW, SmackDown, WWE Superstars, WWE NXT, WWE Saturday Morning Slam, TNA, Pay Per View</description>
    <platform>all</platform>
	<broken>Website Down!!!</broken>
  </extension>
</addon>
